{"type": "FeatureCollection", "name": "ne_110m_admin_1_states_provinces", "crs": {"type": "name", "properties": {"name": "urn:ogc:def:crs:OGC:1.3:CRS84"}}, "features": [{"type": "Feature", "properties": {"featurecla": "Admin-1 scale rank", "scalerank": 2, "adm1_code": "USA-3514", "diss_me": 3514, "iso_3166_2": "US-MN", "wikipedia": "http://en.wikipedia.org/wiki/Minnesota", "iso_a2": "US", "adm0_sr": 1, "name": "Minnesota", "name_alt": "MN|Minn.", "name_local": null, "type": "State", "type_en": "State", "code_local": "US27", "code_hasc": "US.MN", "note": null, "hasc_maybe": null, "region": "Midwest", "region_cod": null, "provnum_ne": 0, "gadm_level": 1, "check_me": 20, "datarank": 1, "abbrev": "Minn.", "postal": "MN", "area_sqkm": 0, "sameascity": -99, "labelrank": 0, "name_len": 9, "mapcolor9": 1, "mapcolor13": 1, "fips": "US27", "fips_alt": null, "woe_id": 2347582, "woe_label": "Minnesota, US, United States", "woe_name": "Minnesota", "latitude": 46.0592, "longitude": -93.364, "sov_a3": "US1", "adm0_a3": "USA", "adm0_label": 2, "admin": "United States of America", "geonunit": "United States of America", "gu_a3": "USA", "gn_id": 5037779, "gn_name": "Minnesota", "gns_id": -1, "gns_name": null, "gn_level": 1, "gn_region": null, "gn_a1_code": "US.MN", "region_sub": "West North Central", "sub_code": null, "gns_level": -1, "gns_lang": null, "gns_adm1": null, "gns_region": null, "min_label": 3.5, "max_label": 7.5, "min_zoom": 2, "wikidataid": "Q1527", "name_ar": "\u0645\u064a\u0646\u064a\u0633\u0648\u062a\u0627", "name_bn": "\u09ae\u09bf\u09a8\u09c7\u09b8\u09cb\u099f\u09be", "name_de": "Minnesota", "name_en": "Minnesota", "name_es": "Minnesota", "name_fr": "Minnesota", "name_el": "\u039c\u03b9\u03bd\u03b5\u03c3\u03cc\u03c4\u03b1", "name_hi": "\u092e\u093f\u0928\u0947\u0938\u094b\u091f\u093e", "name_hu": "Minnesota", "name_id": "Minnesota", "name_it": "Minnesota", "name_ja": "\u30df\u30cd\u30bd\u30bf\u5dde", "name_ko": "\ubbf8\ub124\uc18c\ud0c0", "name_nl": "Minnesota", "name_pl": "Minnesota", "name_pt": "Minnesota", "name_ru": "\u041c\u0438\u043d\u043d\u0435\u0441\u043e\u0442\u0430", "name_sv": "Minnesota", "name_tr": "Minnesota", "name_vi": "Minnesota", "name_zh": "\u660e\u5c3c\u82cf\u8fbe\u5dde", "ne_id": 1159315297, "name_he": "\u05de\u05d9\u05e0\u05e1\u05d5\u05d8\u05d4", "name_uk": "\u041c\u0456\u043d\u043d\u0435\u0441\u043e\u0442\u0430", "name_ur": "\u0645\u06cc\u0646\u06cc\u0633\u0648\u0679\u0627", "name_fa": "\u0645\u06cc\u0646\u0647\u0633\u0648\u062a\u0627", "name_zht": "\u660e\u5c3c\u8607\u9054\u5dde", "FCLASS_ISO": null, "FCLASS_US": null, "FCLASS_FR": null, "FCLASS_RU": null, "FCLASS_ES": null, "FCLASS_CN": null, "FCLASS_TW": null, "FCLASS_IN": null, "FCLASS_NP": null, "FCLASS_PK": null, "FCLASS_DE": null, "FCLASS_GB": null, "FCLASS_BR": null, "FCLASS_IL": null, "FCLASS_PS": null, "FCLASS_SA": null, "FCLASS_EG": null, "FCLASS_MA": null, "FCLASS_PT": null, "FCLASS_AR": null, "FCLASS_JP": null, "FCLASS_KO": null, "FCLASS_VN": null, "FCLASS_TR": null, "FCLASS_ID": null, "FCLASS_PL": null, "FCLASS_GR": null, "FCLASS_IT": null, "FCLASS_NL": null, "FCLASS_SE": null, "FCLASS_BD": null, "FCLASS_UA": null, "FCLASS_TLC": null}, "bbox": [-97.228943, 43.500187, -89.490032, 49.389285], "geometry": {"type": "Polygon", "coordinates": [[[-89.957656, 47.286907], [-91.468442, 46.924966], [-92.296583, 46.096282], [-92.505072, 44.58392], [-91.254657, 43.613979], [-96.735769, 45.470817], [-96.733651, 46.716477], [-97.131042, 48.137295], [-95.156202, 49.384014], [-89.599952, 48.010274], [-89.957656, 47.286907]]]}}, {"type": "Feature", "properties": {"featurecla": "Admin-1 scale rank", "scalerank": 2, "adm1_code": "USA-3515", "diss_me": 3515, "iso_3166_2": "US-MT", "wikipedia": "http://en.wikipedia.org/wiki/Montana", "iso_a2": "US", "adm0_sr": 1, "name": "Montana", "name_alt": "MT|Mont.", "name_local": null, "type": "State", "type_en": "State", "code_local": "US30", "code_hasc": "US.MT", "note": null, "hasc_maybe": null, "region": "West", "region_cod": null, "provnum_ne": 0, "gadm_level": 1, "check_me": 20, "datarank": 1, "abbrev": "Mont.", "postal": "MT", "area_sqkm": 0, "sameascity": -99, "labelrank": 0, "name_len": 7, "mapcolor9": 1, "mapcolor13": 1, "fips": "US30", "fips_alt": null, "woe_id": 2347585, "woe_label": "Montana, US, United States", "woe_name": "Montana", "latitude": 46.9965, "longitude": -110.044, "sov_a3": "US1", "adm0_a3": "USA", "adm0_label": 2, "admin": "United States of America", "geonunit": "United States of America", "gu_a3": "USA", "gn_id": 5667009, "gn_name": "Montana", "gns_id": -1, "gns_name": null, "gn_level": 1, "gn_region": null, "gn_a1_code": "US.MT", "region_sub": "Mountain", "sub_code": null, "gns_level": -1, "gns_lang": null, "gns_adm1": null, "gns_region": null, "min_label": 3.5, "max_label": 7.5, "min_zoom": 2, "wikidataid": "Q1212", "name_ar": "\u0645\u0648\u0646\u062a\u0627\u0646\u0627", "name_bn": "\u09ae\u09a8\u09cd\u099f\u09be\u09a8\u09be", "name_de": "Montana", "name_en": "Montana", "name_es": "Montana", "name_fr": "Montana", "name_el": "\u039c\u03bf\u03bd\u03c4\u03ac\u03bd\u03b1", "name_hi": "\u092e\u094b\u0928\u094d\u091f\u093e\u0928\u093e", "name_hu": "Montana", "name_id": "Montana", "name_it": "Montana", "name_ja": "\u30e2\u30f3\u30bf\u30ca\u5dde", "name_ko": "\ubaac\ud0dc\ub098", "name_nl": "Montana", "name_pl": "Montana", "name_pt": "Montana", "name_ru": "\u041c\u043e\u043d\u0442\u0430\u043d\u0430", "name_sv": "Montana", "name_tr": "Montana", "name_vi": "Montana", "name_zh": "\u8499\u5927\u62ff\u5dde", "ne_id": 1159315333, "name_he": "\u05de\u05d5\u05e0\u05d8\u05e0\u05d4", "name_uk": "\u041c\u043e\u043d\u0442\u0430\u043d\u0430", "name_ur": "\u0645\u0648\u0646\u0679\u0627\u0646\u0627", "name_fa": "\u0627\u06cc\u0627\u0644\u062a \u0645\u0648\u0646\u062a\u0627\u0646\u0627", "name_zht": "\u8499\u5927\u62ff\u5dde", "FCLASS_ISO": null, "FCLASS_US": null, "FCLASS_FR": null, "FCLASS_RU": null, "FCLASS_ES": null, "FCLASS_CN": null, "FCLASS_TW": null, "FCLASS_IN": null, "FCLASS_NP": null, "FCLASS_PK": null, "FCLASS_DE": null, "FCLASS_GB": null, "FCLASS_BR": null, "FCLASS_IL": null, "FCLASS_PS": null, "FCLASS_SA": null, "FCLASS_EG": null, "FCLASS_MA": null, "FCLASS_PT": null, "FCLASS_AR": null, "FCLASS_JP": null, "FCLASS_KO": null, "FCLASS_VN": null, "FCLASS_TR": null, "FCLASS_ID": null, "FCLASS_PL": null, "FCLASS_GR": null, "FCLASS_IT": null, "FCLASS_NL": null, "FCLASS_SE": null, "FCLASS_BD": null, "FCLASS_UA": null, "FCLASS_TLC": null}, "bbox": [-116.048234, 44.360083, -104.026616, 49.00564], "geometry": {"type": "Polygon", "coordinates": [[[-116.048234, 49.000369], [-105.745891, 45.051178], [-111.400016, 44.728924], [-113.174844, 44.765433], [-114.137937, 45.589336], [-114.58561, 46.641339], [-116.048234, 49.000369]]]}}, {"type": "Feature", "properties": {"featurecla": "Admin-1 scale rank", "scalerank": 2, "adm1_code": "USA-3516", "diss_me": 3516, "iso_3166_2": "US-ND", "wikipedia": "http://en.wikipedia.org/wiki/North_Dakota", "iso_a2": "US", "adm0_sr": 1, "name": "North Dakota", "name_alt": "ND|N.D.", "name_local": null, "type": "State", "type_en": "State", "code_local": "US38", "code_hasc": "US.ND", "note": null, "hasc_maybe": null, "region": "Midwest", "region_cod": null, "provnum_ne": 0, "gadm_level": 1, "check_me": 20, "datarank": 1, "abbrev": "N.D.", "postal": "ND", "area_sqkm": 0, "sameascity": -99, "labelrank": 0, "name_len": 12, "mapcolor9": 1, "mapcolor13": 1, "fips": "US38", "fips_alt": null, "woe_id": 2347593, "woe_label": "North Dakota, US, United States", "woe_name": "North Dakota", "latitude": 47.4675, "longitude": -100.302, "sov_a3": "US1", "adm0_a3": "USA", "adm0_label": 2, "admin": "United States of America", "geonunit": "United States of America", "gu_a3": "USA", "gn_id": 5690763, "gn_name": "North Dakota", "gns_id": -1, "gns_name": null, "gn_level": 1, "gn_region": null, "gn_a1_code": "US.ND", "region_sub": "West North Central", "sub_code": null, "gns_level": -1, "gns_lang": null, "gns_adm1": null, "gns_region": null, "min_label": 3.5, "max_label": 7.5, "min_zoom": 2, "wikidataid": "Q1207", "name_ar": "\u062f\u0627\u0643\u0648\u062a\u0627 \u0627\u0644\u0634\u0645\u0627\u0644\u064a\u0629", "name_bn": "\u09a8\u09b0\u09cd\u09a5 \u09a1\u09be\u0995\u09cb\u099f\u09be", "name_de": "North Dakota", "name_en": "North Dakota", "name_es": "Dakota del Norte", "name_fr": "Dakota du Nord", "name_el": "\u0392\u03cc\u03c1\u03b5\u03b9\u03b1 \u039d\u03c4\u03b1\u03ba\u03cc\u03c4\u03b1", "name_hi": "\u0909\u0924\u094d\u0924\u0930 \u0921\u0947\u0915\u094b\u091f\u093e", "name_hu": "\u00c9szak-Dakota", "name_id": "Dakota Utara", "name_it": "Dakota del Nord", "name_ja": "\u30ce\u30fc\u30b9\u30c0\u30b3\u30bf\u5dde", "name_ko": "\ub178\uc2a4\ub2e4\ucf54\ud0c0", "name_nl": "Noord-Dakota", "name_pl": "Dakota P\u00f3\u0142nocna", "name_pt": "Dakota do Norte", "name_ru": "\u0421\u0435\u0432\u0435\u0440\u043d\u0430\u044f \u0414\u0430\u043a\u043e\u0442\u0430", "name_sv": "North Dakota", "name_tr": "Kuzey Dakota", "name_vi": "B\u1eafc Dakota", "name_zh": "\u5317\u8fbe\u79d1\u4ed6\u5dde", "ne_id": 1159315337, "name_he": "\u05d3\u05e7\u05d5\u05d8\u05d4 \u05d4\u05e6\u05e4\u05d5\u05e0\u05d9\u05ea", "name_uk": "\u041f\u0456\u0432\u043d\u0456\u0447\u043d\u0430 \u0414\u0430\u043a\u043e\u0442\u0430", "name_ur": "\u0634\u0645\u0627\u0644\u06cc \u0688\u06a9\u0648\u0679\u0627", "name_fa": "\u062f\u0627\u06a9\u0648\u062a\u0627\u06cc \u0634\u0645\u0627\u0644\u06cc", "name_zht": "\u5317\u9054\u79d1\u4ed6\u5dde", "FCLASS_ISO": null, "FCLASS_US": null, "FCLASS_FR": null, "FCLASS_RU": null, "FCLASS_ES": null, "FCLASS_CN": null, "FCLASS_TW": null, "FCLASS_IN": null, "FCLASS_NP": null, "FCLASS_PK": null, "FCLASS_DE": null, "FCLASS_GB": null, "FCLASS_BR": null, "FCLASS_IL": null, "FCLASS_PS": null, "FCLASS_SA": null, "FCLASS_EG": null, "FCLASS_MA": null, "FCLASS_PT": null, "FCLASS_AR": null, "FCLASS_JP": null, "FCLASS_KO": null, "FCLASS_VN": null, "FCLASS_TR": null, "FCLASS_ID": null, "FCLASS_PL": null, "FCLASS_GR": null, "FCLASS_IT": null, "FCLASS_NL": null, "FCLASS_SE": null, "FCLASS_BD": null, "FCLASS_UA": null, "FCLASS_TLC": null}, "bbox": [-104.092762, 45.956601, -96.538908, 49.00564], "geometry": {"type": "Polygon", "coordinates": [[[-97.228943, 49.000885], [-96.893977, 47.748869], [-96.601359, 46.351357], [-104.092762, 49.00564], [-97.228943, 49.000885]]]}}, {"type": "Feature", "properties": {"featurecla": "Admin-1 scale rank", "scalerank": 2, "adm1_code": "USA-3517", "diss_me": 3517, "iso_3166_2": "US-HI", "wikipedia": "http://en.wikipedia.org/wiki/Hawaii", "iso_a2": "US", "adm0_sr": 8, "name": "Hawaii", "name_alt": "HI|Hawaii", "name_local": null, "type": "State", "type_en": "State", "code_local": "US15", "code_hasc": "US.HI", "note": null, "hasc_maybe": null, "region": "West", "region_cod": null, "provnum_ne": 0, "gadm_level": 1, "check_me": 20, "datarank": 1, "abbrev": "Hawaii", "postal": "HI", "area_sqkm": 0, "sameascity": -99, "labelrank": 0, "name_len": 6, "mapcolor9": 1, "mapcolor13": 1, "fips": "US15", "fips_alt": null, "woe_id": 2347570, "woe_label": "Hawaii, US, United States", "woe_name": "Hawaii", "latitude": 21.4919, "longitude": -157.999, "sov_a3": "US1", "adm0_a3": "USA", "adm0_label": 2, "admin": "United States of America", "geonunit": "United States of America", "gu_a3": "USA", "gn_id": 5855797, "gn_name": "Hawaii", "gns_id": -1, "gns_name": null, "gn_level": 1, "gn_region": null, "gn_a1_code": "US.HI", "region_sub": "Pacific", "sub_code": null, "gns_level": -1, "gns_lang": null, "gns_adm1": null, "gns_region": null, "min_label": 3.5, "max_label": 7.5, "min_zoom": 2, "wikidataid": "Q782", "name_ar": "\u0647\u0627\u0648\u0627\u064a", "name_bn": "\u09b9\u09be\u0993\u09af\u09bc\u09be\u0987", "name_de": "Hawaii", "name_en": "Hawaii", "name_es": "Haw\u00e1i", "name_fr": "Hawa\u00ef", "name_el": "\u03a7\u03b1\u03b2\u03ac\u03b7", "name_hi": "\u0939\u0935\u093e\u0908", "name_hu": "Hawaii", "name_id": "Hawaii", "name_it": "Hawaii", "name_ja": "\u30cf\u30ef\u30a4\u5dde", "name_ko": "\ud558\uc640\uc774", "name_nl": "Hawa\u00ef", "name_pl": "Hawaje", "name_pt": "Hava\u00ed", "name_ru": "\u0413\u0430\u0432\u0430\u0439\u0438", "name_sv": "Hawaii", "name_tr": "Hawaii", "name_vi": "Hawaii", "name_zh": "\u590f\u5a01\u5937\u5dde", "ne_id": 1159308409, "name_he": "\u05d4\u05d5\u05d5\u05d0\u05d9", "name_uk": "\u0413\u0430\u0432\u0430\u0457", "name_ur": "\u06c1\u0648\u0627\u0626\u06cc", "name_fa": "\u0647\u0627\u0648\u0627\u0626\u06cc", "name_zht": "\u590f\u5a01\u5937\u5dde", "FCLASS_ISO": null, "FCLASS_US": null, "FCLASS_FR": null, "FCLASS_RU": null, "FCLASS_ES": null, "FCLASS_CN": null, "FCLASS_TW": null, "FCLASS_IN": null, "FCLASS_NP": null, "FCLASS_PK": null, "FCLASS_DE": null, "FCLASS_GB": null, "FCLASS_BR": null, "FCLASS_IL": null, "FCLASS_PS": null, "FCLASS_SA": null, "FCLASS_EG": null, "FCLASS_MA": null, "FCLASS_PT": null, "FCLASS_AR": null, "FCLASS_JP": null, "FCLASS_KO": null, "FCLASS_VN": null, "FCLASS_TR": null, "FCLASS_ID": null, "FCLASS_PL": null, "FCLASS_GR": null, "FCLASS_IT": null, "FCLASS_NL": null, "FCLASS_SE": null, "FCLASS_BD": null, "FCLASS_UA": null, "FCLASS_TLC": null}, "bbox": [-159.80051, 18.91619, -154.80741, 22.23618], "geometry": {"type": "MultiPolygon", "coordinates": [[[[-155.93665, 19.05939], [-155.40214, 20.07975], [-155.93665, 19.05939]]], [[[-155.99566, 20.76404], [-155.99566, 20.76404]]], [[[-156.75824, 21.17684], [-156.75824, 21.17684]]], [[[-158.12667, 21.31244], [-158.12667, 21.31244]]], [[[-159.80051, 22.06533], [-159.80051, 22.06533]]]]}}, {"type": "Feature", "properties": {"featurecla": "Admin-1 scale rank", "scalerank": 2, "adm1_code": "USA-3518", "diss_me": 3518, "iso_3166_2": "US-ID", "wikipedia": "http://en.wikipedia.org/wiki/Idaho", "iso_a2": "US", "adm0_sr": 1, "name": "Idaho", "name_alt": "ID|Idaho", "name_local": null, "type": "State", "type_en": "State", "code_local": "US16", "code_hasc": "US.ID", "note": null, "hasc_maybe": null, "region": "West", "region_cod": null, "provnum_ne": 0, "gadm_level": 1, "check_me": 20, "datarank": 1, "abbrev": "Idaho", "postal": "ID", "area_sqkm": 0, "sameascity": -99, "labelrank": 0, "name_len": 5, "mapcolor9": 1, "mapcolor13": 1, "fips": "US16", "fips_alt": null, "woe_id": 2347571, "woe_label": "Idaho, US, United States", "woe_name": "Idaho", "latitude": 43.7825, "longitude": -114.133, "sov_a3": "US1", "adm0_a3": "USA", "adm0_label": 2, "admin": "United States of America", "geonunit": "United States of America", "gu_a3": "USA", "gn_id": 5596512, "gn_name": "Idaho", "gns_id": -1, "gns_name": null, "gn_level": 1, "gn_region": null, "gn_a1_code": "US.ID", "region_sub": "Mountain", "sub_code": null, "gns_level": -1, "gns_lang": null, "gns_adm1": null, "gns_region": null, "min_label": 3.5, "max_label": 7.5, "min_zoom": 2, "wikidataid": "Q1221", "name_ar": "\u0623\u064a\u062f\u0627\u0647\u0648", "name_bn": "\u0986\u0987\u09a1\u09be\u09b9\u09cb", "name_de": "Idaho", "name_en": "Idaho", "name_es": "Idaho", "name_fr": "Idaho", "name_el": "\u0386\u03b9\u03bd\u03c4\u03b1\u03c7\u03bf", "name_hi": "\u0906\u092f\u0921\u093e\u0939\u094b", "name_hu": "Idaho", "name_id": "Idaho", "name_it": "Idaho", "name_ja": "\u30a2\u30a4\u30c0\u30db\u5dde", "name_ko": "\uc544\uc774\ub2e4\ud638", "name_nl": "Idaho", "name_pl": "Idaho", "name_pt": "Idaho", "name_ru": "\u0410\u0439\u0434\u0430\u0445\u043e", "name_sv": "Idaho", "name_tr": "Idaho", "name_vi": "Idaho", "name_zh": "\u7231\u8fbe\u8377\u5dde", "ne_id": 1159315339, "name_he": "\u05d0\u05d9\u05d9\u05d3\u05d4\u05d5", "name_uk": "\u0410\u0439\u0434\u0430\u0445\u043e", "name_ur": "\u0627\u06cc\u0688\u0627\u06c1\u0648", "name_fa": "\u0622\u06cc\u062f\u0627\u0647\u0648", "name_zht": "\u611b\u9054\u8377\u5dde", "FCLASS_ISO": null, "FCLASS_US": null, "FCLASS_FR": null, "FCLASS_RU": null, "FCLASS_ES": null, "FCLASS_CN": null, "FCLASS_TW": null, "FCLASS_IN": null, "FCLASS_NP": null, "FCLASS_PK": null, "FCLASS_DE": null, "FCLASS_GB": null, "FCLASS_BR": null, "FCLASS_IL": null, "FCLASS_PS": null, "FCLASS_SA": null, "FCLASS_EG": null, "FCLASS_MA": null, "FCLASS_PT": null, "FCLASS_AR": null, "FCLASS_JP": null, "FCLASS_KO": null, "FCLASS_VN": null, "FCLASS_TR": null, "FCLASS_ID": null, "FCLASS_PL": null, "FCLASS_GR": null, "FCLASS_IT": null, "FCLASS_NL": null, "FCLASS_SE": null, "FCLASS_BD": null, "FCLASS_UA": null, "FCLASS_TLC": null}, "bbox": [-117.194391, 41.993122, -111.049728, 49.000369], "geometry": {"type": "Polygon", "coordinates": [[[-116.048234, 49.000369], [-114.58561, 46.641339], [-114.137937, 45.589336], [-113.174844, 44.765433], [-111.400016, 44.728924], [-117.013963, 43.797069], [-116.558875, 45.444358], [-117.03143, 48.999309], [-116.048234, 49.000369]]]}}, {"type": "Feature", "properties": {"featurecla": "Admin-1 scale rank", "scalerank": 2, "adm1_code": "USA-3519", "diss_me": 3519, "iso_3166_2": "US-WA", "wikipedia": "http://en.wikipedia.org/wiki/Washington_(state)", "iso_a2": "US", "adm0_sr": 6, "name": "Washington", "name_alt": "WA|Wash.", "name_local": null, "type": "State", "type_en": "State", "code_local": "US53", "code_hasc": "US.WA", "note": null, "hasc_maybe": null, "region": "West", "region_cod": null, "provnum_ne": 0, "gadm_level": 1, "check_me": 20, "datarank": 1, "abbrev": "Wash.", "postal": "WA", "area_sqkm": 0, "sameascity": -99, "labelrank": 0, "name_len": 10, "mapcolor9": 1, "mapcolor13": 1, "fips": "US53", "fips_alt": null, "woe_id": 2347606, "woe_label": "Washington, US, United States", "woe_name": "Washington", "latitude": 47.4865, "longitude": -120.361, "sov_a3": "US1", "adm0_a3": "USA", "adm0_label": 2, "admin": "United States of America", "geonunit": "United States of America", "gu_a3": "USA", "gn_id": 5815135, "gn_name": "Washington", "gns_id": -1, "gns_name": null, "gn_level": 1, "gn_region": null, "gn_a1_code": "US.WA", "region_sub": "Pacific", "sub_code": null, "gns_level": -1, "gns_lang": null, "gns_adm1": null, "gns_region": null, "min_label": 3.5, "max_label": 7.5, "min_zoom": 2, "wikidataid": "Q1223", "name_ar": "\u0648\u0627\u0634\u0646\u0637\u0646", "name_bn": "\u0993\u09af\u09bc\u09be\u09b6\u09bf\u0982\u099f\u09a8", "name_de": "Washington", "name_en": "Washington", "name_es": "Washington", "name_fr": "Washington", "name_el": "\u039f\u03c5\u03ac\u03c3\u03b9\u03bd\u03b3\u03ba\u03c4\u03bf\u03bd", "name_hi": "\u0935\u0949\u0936\u093f\u0902\u0917\u091f\u0928 \u0930\u093e\u091c\u094d\u092f", "name_hu": "Washington", "name_id": "Washington", "name_it": "Washington", "name_ja": "\u30ef\u30b7\u30f3\u30c8\u30f3\u5dde", "name_ko": "\uc6cc\uc2f1\ud134", "name_nl": "Washington", "name_pl": "Waszyngton", "name_pt": "Washington", "name_ru": "\u0412\u0430\u0448\u0438\u043d\u0433\u0442\u043e\u043d", "name_sv": "Washington", "name_tr": "Va\u015fington", "name_vi": "Washington", "name_zh": "\u534e\u76db\u987f\u5dde", "ne_id": 1159309547, "name_he": "\u05d5\u05d5\u05e9\u05d9\u05e0\u05d2\u05d8\u05d5\u05df", "name_uk": "\u0412\u0430\u0448\u0438\u043d\u0433\u0442\u043e\u043d", "name_ur": "\u0631\u06cc\u0627\u0633\u062a \u0648\u0627\u0634\u0646\u06af\u0679\u0646", "name_fa": "\u0627\u06cc\u0627\u0644\u062a \u0648\u0627\u0634\u06cc\u0646\u06af\u062a\u0646", "name_zht": "\u83ef\u76db\u9813\u5dde", "FCLASS_ISO": null, "FCLASS_US": null, "FCLASS_FR": null, "FCLASS_RU": null, "FCLASS_ES": null, "FCLASS_CN": null, "FCLASS_TW": null, "FCLASS_IN": null, "FCLASS_NP": null, "FCLASS_PK": null, "FCLASS_DE": null, "FCLASS_GB": null, "FCLASS_BR": null, "FCLASS_IL": null, "FCLASS_PS": null, "FCLASS_SA": null, "FCLASS_EG": null, "FCLASS_MA": null, "FCLASS_PT": null, "FCLASS_AR": null, "FCLASS_JP": null, "FCLASS_KO": null, "FCLASS_VN": null, "FCLASS_TR": null, "FCLASS_ID": null, "FCLASS_PL": null, "FCLASS_GR": null, "FCLASS_IT": null, "FCLASS_NL": null, "FCLASS_SE": null, "FCLASS_BD": null, "FCLASS_UA": null, "FCLASS_TLC": null}, "bbox": [-124.68721, 45.591998, -116.906528, 49.000885], "geometry": {"type": "Polygon", "coordinates": [[[-117.03143, 48.999309], [-119.787309, 45.850768], [-122.174915, 45.59515], [-123.776704, 46.282033], [-122.340021, 47.359952], [-117.03143, 48.999309]]]}}, {"type": "Feature", "properties": {"featurecla": "Admin-1 scale rank", "scalerank": 2, "adm1_code": "USA-3520", "diss_me": 3520, "iso_3166_2": "US-AZ", "wikipedia": "http://en.wikipedia.org/wiki/Arizona", "iso_a2": "US", "adm0_sr": 1, "name": "Arizona", "name_alt": "AZ|Ariz.", "name_local": null, "type": "State", "type_en": "State", "code_local": "US04", "code_hasc": "US.AZ", "note": null, "hasc_maybe": null, "region": "West", "region_cod": null, "provnum_ne": 0, "gadm_level": 1, "check_me": 20, "datarank": 1, "abbrev": "Ariz.", "postal": "AZ", "area_sqkm": 0, "sameascity": -99, "labelrank": 0, "name_len": 7, "mapcolor9": 1, "mapcolor13": 1, "fips": "US04", "fips_alt": null, "woe_id": 2347561, "woe_label": "Arizona, US, United States", "woe_name": "Arizona", "latitude": 34.3046, "longitude": -111.935, "sov_a3": "US1", "adm0_a3": "USA", "adm0_label": 2, "admin": "United States of America", "geonunit": "United States of America", "gu_a3": "USA", "gn_id": 5551752, "gn_name": "Arizona", "gns_id": -1, "gns_name": null, "gn_level": 1, "gn_region": null, "gn_a1_code": "US.AZ", "region_sub": "Mountain", "sub_code": null, "gns_level": -1, "gns_lang": null, "gns_adm1": null, "gns_region": null, "min_label": 3.5, "max_label": 7.5, "min_zoom": 2, "wikidataid": "Q816", "name_ar": "\u0623\u0631\u064a\u0632\u0648\u0646\u0627", "name_bn": "\u0985\u09cd\u09af\u09be\u09b0\u09bf\u099c\u09cb\u09a8\u09be", "name_de": "Arizona", "name_en": "Arizona", "name_es": "Arizona", "name_fr": "Arizona", "name_el": "\u0391\u03c1\u03b9\u03b6\u03cc\u03bd\u03b1", "name_hi": "\u090f\u0930\u0940\u091c\u094b\u0928\u093e", "name_hu": "Arizona", "name_id": "Arizona", "name_it": "Arizona", "name_ja": "\u30a2\u30ea\u30be\u30ca\u5dde", "name_ko": "\uc560\ub9ac\uc870\ub098", "name_nl": "Arizona", "name_pl": "Arizona", "name_pt": "Arizona", "name_ru": "\u0410\u0440\u0438\u0437\u043e\u043d\u0430", "name_sv": "Arizona", "name_tr": "Arizona", "name_vi": "Arizona", "name_zh": "\u4e9a\u5229\u6851\u90a3\u5dde", "ne_id": 1159315341, "name_he": "\u05d0\u05e8\u05d9\u05d6\u05d5\u05e0\u05d4", "name_uk": "\u0410\u0440\u0438\u0437\u043e\u043d\u0430", "name_ur": "\u0627\u06cc\u0631\u06cc\u0632\u0648\u0646\u0627", "name_fa": "\u0622\u0631\u06cc\u0632\u0648\u0646\u0627", "name_zht": "\u4e9e\u5229\u6851\u90a3\u5dde", "FCLASS_ISO": null, "FCLASS_US": null, "FCLASS_FR": null, "FCLASS_RU": null, "FCLASS_ES": null, "FCLASS_CN": null, "FCLASS_TW": null, "FCLASS_IN": null, "FCLASS_NP": null, "FCLASS_PK": null, "FCLASS_DE": null, "FCLASS_GB": null, "FCLASS_BR": null, "FCLASS_IL": null, "FCLASS_PS": null, "FCLASS_SA": null, "FCLASS_EG": null, "FCLASS_MA": null, "FCLASS_PT": null, "FCLASS_AR": null, "FCLASS_JP": null, "FCLASS_KO": null, "FCLASS_VN": null, "FCLASS_TR": null, "FCLASS_ID": null, "FCLASS_PL": null, "FCLASS_GR": null, "FCLASS_IT": null, "FCLASS_NL": null, "FCLASS_SE": null, "FCLASS_BD": null, "FCLASS_UA": null, "FCLASS_TLC": null}, "bbox": [-114.814743, 31.334651, -109.043673, 37.009421], "geometry": {"type": "Polygon", "coordinates": [[[-109.045225, 36.999912], [-114.655993, 33.0539], [-114.567084, 34.82821], [-114.671341, 36.114618], [-110.496221, 37.007328], [-109.045225, 36.999912]]]}}, {"type": "Feature", "properties": {"featurecla": "Admin-1 scale rank", "scalerank": 2, "adm1_code": "USA-3521", "diss_me": 3521, "iso_3166_2": "US-CA", "wikipedia": "http://en.wikipedia.org/wiki/California", "iso_a2": "US", "adm0_sr": 8, "name": "California", "name_alt": "CA|Calif.", "name_local": null, "type": "State", "type_en": "State", "code_local": "US06", "code_hasc": "US.CA", "note": null, "hasc_maybe": null, "region": "West", "region_cod": null, "provnum_ne": 0, "gadm_level": 1, "check_me": 20, "datarank": 1, "abbrev": "Calif.", "postal": "CA", "area_sqkm": 0, "sameascity": -99, "labelrank": 0, "name_len": 10, "mapcolor9": 1, "mapcolor13": 1, "fips": "US06", "fips_alt": null, "woe_id": 2347563, "woe_label": "California, US, United States", "woe_name": "California", "latitude": 36.7496, "longitude": -119.591, "sov_a3": "US1", "adm0_a3": "USA", "adm0_label": 2, "admin": "United States of America", "geonunit": "United States of America", "gu_a3": "USA", "gn_id": 5332921, "gn_name": "California", "gns_id": -1, "gns_name": null, "gn_level": 1, "gn_region": null, "gn_a1_code": "US.CA", "region_sub": "Pacific", "sub_code": null, "gns_level": -1, "gns_lang": null, "gns_adm1": null, "gns_region": null, "min_label": 3.5, "max_label": 7.5, "min_zoom": 2, "wikidataid": "Q99", "name_ar": "\u0643\u0627\u0644\u064a\u0641\u0648\u0631\u0646\u064a\u0627", "name_bn": "\u0995\u09cd\u09af\u09be\u09b2\u09bf\u09ab\u09cb\u09b0\u09cd\u09a8\u09bf\u09af\u09bc\u09be", "name_de": "Kalifornien", "name_en": "California", "name_es": "California", "name_fr": "Californie", "name_el": "\u039a\u03b1\u03bb\u03b9\u03c6\u03cc\u03c1\u03bd\u03b9\u03b1", "name_hi": "\u0915\u0948\u0932\u093f\u092b\u093c\u094b\u0930\u094d\u0928\u093f\u092f\u093e", "name_hu": "Kalifornia", "name_id": "California", "name_it": "California", "name_ja": "\u30ab\u30ea\u30d5\u30a9\u30eb\u30cb\u30a2\u5dde", "name_ko": "\uce98\ub9ac\ud3ec\ub2c8\uc544", "name_nl": "Californi\u00eb", "name_pl": "Kalifornia", "name_pt": "Calif\u00f3rnia", "name_ru": "\u041a\u0430\u043b\u0438\u0444\u043e\u0440\u043d\u0438\u044f", "name_sv": "Kalifornien", "name_tr": "Kaliforniya", "name_vi": "California", "name_zh": "\u52a0\u5229\u798f\u5c3c\u4e9a\u5dde", "ne_id": 1159308415, "name_he": "\u05e7\u05dc\u05d9\u05e4\u05d5\u05e8\u05e0\u05d9\u05d4", "name_uk": "\u041a\u0430\u043b\u0456\u0444\u043e\u0440\u043d\u0456\u044f", "name_ur": "\u06a9\u06cc\u0644\u06cc \u0641\u0648\u0631\u0646\u06cc\u0627", "name_fa": "\u06a9\u0627\u0644\u06cc\u0641\u0631\u0646\u06cc\u0627", "name_zht": "\u52a0\u5229\u798f\u5c3c\u4e9e\u5dde", "FCLASS_ISO": null, "FCLASS_US": null, "FCLASS_FR": null, "FCLASS_RU": null, "FCLASS_ES": null, "FCLASS_CN": null, "FCLASS_TW": null, "FCLASS_IN": null, "FCLASS_NP": null, "FCLASS_PK": null, "FCLASS_DE": null, "FCLASS_GB": null, "FCLASS_BR": null, "FCLASS_IL": null, "FCLASS_PS": null, "FCLASS_SA": null, "FCLASS_EG": null, "FCLASS_MA": null, "FCLASS_PT": null, "FCLASS_AR": null, "FCLASS_JP": null, "FCLASS_KO": null, "FCLASS_VN": null, "FCLASS_TR": null, "FCLASS_ID": null, "FCLASS_PL": null, "FCLASS_GR": null, "FCLASS_IT": null, "FCLASS_NL": null, "FCLASS_SE": null, "FCLASS_BD": null, "FCLASS_UA": null, "FCLASS_TLC": null}, "bbox": [-124.397958, 32.535327, -114.165972, 41.999478], "geometry": {"type": "Polygon", "coordinates": [[[-114.642222, 35.053106], [-114.743301, 33.379875], [-117.295938, 33.046225], [-120.744589, 35.156821], [-124.178875, 41.142244], [-114.642222, 35.053106]]]}}, {"type": "Feature", "properties": {"featurecla": "Admin-1 scale rank", "scalerank": 2, "adm1_code": "USA-3522", "diss_me": 3522, "iso_3166_2": "US-CO", "wikipedia": "http://en.wikipedia.org/wiki/Colorado", "iso_a2": "US", "adm0_sr": 1, "name": "Colorado", "name_alt": "CO|Colo.", "name_local": null, "type": "State", "type_en": "State", "code_local": "US08", "code_hasc": "US.CO", "note": null, "hasc_maybe": null, "region": "West", "region_cod": null, "provnum_ne": 0, "gadm_level": 1, "check_me": 20, "datarank": 1, "abbrev": "Colo.", "postal": "CO", "area_sqkm": 0, "sameascity": -99, "labelrank": 0, "name_len": 8, "mapcolor9": 1, "mapcolor13": 1, "fips": "US08", "fips_alt": null, "woe_id": 2347564, "woe_label": "Colorado, US, United States", "woe_name": "Colorado", "latitude": 38.9998, "longitude": -105.543, "sov_a3": "US1", "adm0_a3": "USA", "adm0_label": 2, "admin": "United States of America", "geonunit": "United States of America", "gu_a3": "USA", "gn_id": 5417618, "gn_name": "Colorado", "gns_id": -1, "gns_name": null, "gn_level": 1, "gn_region": null, "gn_a1_code": "US.CO", "region_sub": "Mountain", "sub_code": null, "gns_level": -1, "gns_lang": null, "gns_adm1": null, "gns_region": null, "min_label": 3.5, "max_label": 7.5, "min_zoom": 2, "wikidataid": "Q1261", "name_ar": "\u0643\u0648\u0644\u0648\u0631\u0627\u062f\u0648", "name_bn": "\u0995\u09b2\u09cb\u09b0\u09be\u09a1\u09cb", "name_de": "Colorado", "name_en": "Colorado", "name_es": "Colorado", "name_fr": "Colorado", "name_el": "\u039a\u03bf\u03bb\u03bf\u03c1\u03ac\u03bd\u03c4\u03bf", "name_hi": "\u0915\u0949\u0932\u0930\u093e\u0921\u094b", "name_hu": "Colorado", "name_id": "Colorado", "name_it": "Colorado", "name_ja": "\u30b3\u30ed\u30e9\u30c9\u5dde", "name_ko": "\ucf5c\ub85c\ub77c\ub3c4", "name_nl": "Colorado", "name_pl": "Kolorado", "name_pt": "Colorado", "name_ru": "\u041a\u043e\u043b\u043e\u0440\u0430\u0434\u043e", "name_sv": "Colorado", "name_tr": "Colorado", "name_vi": "Colorado", "name_zh": "\u79d1\u7f57\u62c9\u591a\u5dde", "ne_id": 1159315343, "name_he": "\u05e7\u05d5\u05dc\u05d5\u05e8\u05d3\u05d5", "name_uk": "\u041a\u043e\u043b\u043e\u0440\u0430\u0434\u043e", "name_ur": "\u06a9\u0648\u0644\u0648\u0631\u0627\u0688\u0648", "name_fa": "\u06a9\u0644\u0631\u0627\u062f\u0648", "name_zht": "\u79d1\u7f85\u62c9\u591a\u5dde", "FCLASS_ISO": null, "FCLASS_US": null, "FCLASS_FR": null, "FCLASS_RU": null, "FCLASS_ES": null, "FCLASS_CN": null, "FCLASS_TW": null, "FCLASS_IN": null, "FCLASS_NP": null, "FCLASS_PK": null, "FCLASS_DE": null, "FCLASS_GB": null, "FCLASS_BR": null, "FCLASS_IL": null, "FCLASS_PS": null, "FCLASS_SA": null, "FCLASS_EG": null, "FCLASS_MA": null, "FCLASS_PT": null, "FCLASS_AR": null, "FCLASS_JP": null, "FCLASS_KO": null, "FCLASS_VN": null, "FCLASS_TR": null, "FCLASS_ID": null, "FCLASS_PL": null, "FCLASS_GR": null, "FCLASS_IT": null, "FCLASS_NL": null, "FCLASS_SE": null, "FCLASS_BD": null, "FCLASS_UA": null, "FCLASS_TLC": null}, "bbox": [-109.053183, 36.99198, -102.040123, 41.004112], "geometry": {"type": "Polygon", "coordinates": [[[-102.050174, 40.000815], [-109.053183, 41.001994], [-102.050174, 40.000815]]]}}, {"type": "Feature", "properties": {"featurecla": "Admin-1 scale rank", "scalerank": 2, "adm1_code": "USA-3523", "diss_me": 3523, "iso_3166_2": "US-NV", "wikipedia": "http://en.wikipedia.org/wiki/Nevada", "iso_a2": "US", "adm0_sr": 1, "name": "Nevada", "name_alt": "NV|Nev.", "name_local": null, "type": "State", "type_en": "State", "code_local": "US32", "code_hasc": "US.NV", "note": null, "hasc_maybe": null, "region": "West", "region_cod": null, "provnum_ne": 0, "gadm_level": 1, "check_me": 20, "datarank": 1, "abbrev": "Nev.", "postal": "NV", "area_sqkm": 0, "sameascity": -99, "labelrank": 0, "name_len": 6, "mapcolor9": 1, "mapcolor13": 1, "fips": "US32", "fips_alt": null, "woe_id": 2347587, "woe_label": "Nevada, US, United States", "woe_name": "Nevada", "latitude": 39.4299, "longitude": -117.02, "sov_a3": "US1", "adm0_a3": "USA", "adm0_label": 2, "admin": "United States of America", "geonunit": "United States of America", "gu_a3": "USA", "gn_id": 5509151, "gn_name": "Nevada", "gns_id": -1, "gns_name": null, "gn_level": 1, "gn_region": null, "gn_a1_code": "US.NV", "region_sub": "Mountain", "sub_code": null, "gns_level": -1, "gns_lang": null, "gns_adm1": null, "gns_region": null, "min_label": 3.5, "max_label": 7.5, "min_zoom": 2, "wikidataid": "Q1227", "name_ar": "\u0646\u064a\u0641\u0627\u062f\u0627", "name_bn": "\u09a8\u09c7\u09ad\u09be\u09a1\u09be", "name_de": "Nevada", "name_en": "Nevada", "name_es": "Nevada", "name_fr": "Nevada", "name_el": "\u039d\u03b5\u03b2\u03ac\u03b4\u03b1", "name_hi": "\u0928\u0947\u0935\u093e\u0921\u093e", "name_hu": "Nevada", "name_id": "Nevada", "name_it": "Nevada", "name_ja": "\u30cd\u30d0\u30c0\u5dde", "name_ko": "\ub124\ubc14\ub2e4", "name_nl": "Nevada", "name_pl": "Nevada", "name_pt": "Nevada", "name_ru": "\u041d\u0435\u0432\u0430\u0434\u0430", "name_sv": "Nevada", "name_tr": "Nevada", "name_vi": "Nevada", "name_zh": "\u5185\u534e\u8fbe\u5dde", "ne_id": 1159315345, "name_he": "\u05e0\u05d1\u05d3\u05d4", "name_uk": "\u041d\u0435\u0432\u0430\u0434\u0430", "name_ur": "\u0646\u06cc\u0648\u0627\u0688\u0627", "name_fa": "\u0646\u0648\u0627\u062f\u0627", "name_zht": "\u5167\u83ef\u9054\u5dde", "FCLASS_ISO": null, "FCLASS_US": null, "FCLASS_FR": null, "FCLASS_RU": null, "FCLASS_ES": null, "FCLASS_CN": null, "FCLASS_TW": null, "FCLASS_IN": null, "FCLASS_NP": null, "FCLASS_PK": null, "FCLASS_DE": null, "FCLASS_GB": null, "FCLASS_BR": null, "FCLASS_IL": null, "FCLASS_PS": null, "FCLASS_SA": null, "FCLASS_EG": null, "FCLASS_MA": null, "FCLASS_PT": null, "FCLASS_AR": null, "FCLASS_JP": null, "FCLASS_KO": null, "FCLASS_VN": null, "FCLASS_TR": null, "FCLASS_ID": null, "FCLASS_PL": null, "FCLASS_GR": null, "FCLASS_IT": null, "FCLASS_NL": null, "FCLASS_SE": null, "FCLASS_BD": null, "FCLASS_UA": null, "FCLASS_TLC": null}, "bbox": [-120.000035, 35.053106, -114.023629, 42.000021], "geometry": {"type": "Polygon", "coordinates": [[[-117.028252, 42.000021], [-114.671341, 36.114618], [-118.11462, 37.644421], [-117.028252, 42.000021]]]}}, {"type": "Feature", "properties": {"featurecla": "Admin-1 scale rank", "scalerank": 2, "adm1_code": "USA-3524", "diss_me": 3524, "iso_3166_2": "US-NM", "wikipedia": "http://en.wikipedia.org/wiki/New_Mexico", "iso_a2": "US", "adm0_sr": 1, "name": "New Mexico", "name_alt": "NM|N.M.", "name_local": null, "type": "State", "type_en": "State", "code_local": "US35", "code_hasc": "US.NM", "note": null, "hasc_maybe": null, "region": "West", "region_cod": null, "provnum_ne": 0, "gadm_level": 1, "check_me": 20, "datarank": 1, "abbrev": "N.M.", "postal": "NM", "area_sqkm": 0, "sameascity": -99, "labelrank": 0, "name_len": 10, "mapcolor9": 1, "mapcolor13": 1, "fips": "US35", "fips_alt": null, "woe_id": 2347590, "woe_label": "New Mexico, US, United States", "woe_name": "New Mexico", "latitude": 34.5002, "longitude": -106.024, "sov_a3": "US1", "adm0_a3": "USA", "adm0_label": 2, "admin": "United States of America", "geonunit": "United States of America", "gu_a3": "USA", "gn_id": 5481136, "gn_name": "New Mexico", "gns_id": -1, "gns_name": null, "gn_level": 1, "gn_region": null, "gn_a1_code": "US.NM", "region_sub": "Mountain", "sub_code": null, "gns_level": -1, "gns_lang": null, "gns_adm1": null, "gns_region": null, "min_label": 3.5, "max_label": 7.5, "min_zoom": 2, "wikidataid": "Q1522", "name_ar": "\u0646\u064a\u0648\u0645\u0643\u0633\u064a\u0643\u0648", "name_bn": "\u09a8\u09bf\u0989 \u09ae\u09c7\u0995\u09cd\u09b8\u09bf\u0995\u09cb", "name_de": "New Mexico", "name_en": "New Mexico", "name_es": "Nuevo M\u00e9xico", "name_fr": "Nouveau-Mexique", "name_el": "\u039d\u03ad\u03bf \u039c\u03b5\u03be\u03b9\u03ba\u03cc", "name_hi": "\u0928\u092f\u093e \u092e\u0947\u0915\u094d\u0938\u093f\u0915\u094b", "name_hu": "\u00daj-Mexik\u00f3", "name_id": "New Mexico", "name_it": "Nuovo Messico", "name_ja": "\u30cb\u30e5\u30fc\u30e1\u30ad\u30b7\u30b3\u5dde", "name_ko": "\ub274\uba55\uc2dc\ucf54", "name_nl": "New Mexico", "name_pl": "Nowy Meksyk", "name_pt": "Novo M\u00e9xico", "name_ru": "\u041d\u044c\u044e-\u041c\u0435\u043a\u0441\u0438\u043a\u043e", "name_sv": "New Mexico", "name_tr": "New Mexico", "name_vi": "New Mexico", "name_zh": "\u65b0\u58a8\u897f\u54e5\u5dde", "ne_id": 1159315347, "name_he": "\u05e0\u05d9\u05d5 \u05de\u05e7\u05e1\u05d9\u05e7\u05d5", "name_uk": "\u041d\u044c\u044e-\u041c\u0435\u043a\u0441\u0438\u043a\u043e", "name_ur": "\u0646\u06cc\u0648 \u0645\u06cc\u06a9\u0633\u06cc\u06a9\u0648", "name_fa": "\u0646\u06cc\u0648\u0645\u06a9\u0632\u06cc\u06a9\u0648", "name_zht": "\u65b0\u58a8\u897f\u54e5\u5dde", "FCLASS_ISO": null, "FCLASS_US": null, "FCLASS_FR": null, "FCLASS_RU": null, "FCLASS_ES": null, "FCLASS_CN": null, "FCLASS_TW": null, "FCLASS_IN": null, "FCLASS_NP": null, "FCLASS_PK": null, "FCLASS_DE": null, "FCLASS_GB": null, "FCLASS_BR": null, "FCLASS_IL": null, "FCLASS_PS": null, "FCLASS_SA": null, "FCLASS_EG": null, "FCLASS_MA": null, "FCLASS_PT": null, "FCLASS_AR": null, "FCLASS_JP": null, "FCLASS_KO": null, "FCLASS_VN": null, "FCLASS_TR": null, "FCLASS_ID": null, "FCLASS_PL": null, "FCLASS_GR": null, "FCLASS_IT": null, "FCLASS_NL": null, "FCLASS_SE": null, "FCLASS_BD": null, "FCLASS_UA": null, "FCLASS_TLC": null}, "bbox": [-109.045225, 31.341899, -103.001614, 36.999912], "geometry": {"type": "Polygon", "coordinates": [[[-109.043673, 31.341899], [-103.001614, 31.999287], [-109.043673, 31.341899]]]}}, {"type": "Feature", "properties": {"featurecla": "Admin-1 scale rank", "scalerank": 2, "adm1_code": "USA-3525", "diss_me": 3525, "iso_3166_2": "US-OR", "wikipedia": "http://en.wikipedia.org/wiki/Oregon", "iso_a2": "US", "adm0_sr": 6, "name": "Oregon", "name_alt": "OR|Ore.", "name_local": null, "type": "State", "type_en": "State", "code_local": "US41", "code_hasc": "US.OR", "note": null, "hasc_maybe": null, "region": "West", "region_cod": null, "provnum_ne": 0, "gadm_level": 1, "check_me": 20, "datarank": 1, "abbrev": "Ore.", "postal": "OR", "area_sqkm": 0, "sameascity": -99, "labelrank": 0, "name_len": 6, "mapcolor9": 1, "mapcolor13": 1, "fips": "US41", "fips_alt": null, "woe_id": 2347596, "woe_label": "Oregon, US, United States", "woe_name": "Oregon", "latitude": 43.8333, "longitude": -120.386, "sov_a3": "US1", "adm0_a3": "USA", "adm0_label": 2, "admin": "United States of America", "geonunit": "United States of America", "gu_a3": "USA", "gn_id": 5744337, "gn_name": "Oregon", "gns_id": -1, "gns_name": null, "gn_level": 1, "gn_region": null, "gn_a1_code": "US.OR", "region_sub": "Pacific", "sub_code": null, "gns_level": -1, "gns_lang": null, "gns_adm1": null, "gns_region": null, "min_label": 3.5, "max_label": 7.5, "min_zoom": 2, "wikidataid": "Q824", "name_ar": "\u0623\u0648\u0631\u064a\u063a\u0648\u0646", "name_bn": "\u0985\u09b0\u09c7\u0997\u09a8", "name_de": "Oregon", "name_en": "Oregon", "name_es": "Oreg\u00f3n", "name_fr": "Oregon", "name_el": "\u038c\u03c1\u03b5\u03b3\u03ba\u03bf\u03bd", "name_hi": "\u0914\u0930\u093f\u0917\u0928", "name_hu": "Oregon", "name_id": "Oregon", "name_it": "Oregon", "name_ja": "\u30aa\u30ec\u30b4\u30f3\u5dde", "name_ko": "\uc624\ub9ac\uac74", "name_nl": "Oregon", "name_pl": "Oregon", "name_pt": "Oregon", "name_ru": "\u041e\u0440\u0435\u0433\u043e\u043d", "name_sv": "Oregon", "name_tr": "Oregon", "name_vi": "Oregon", "name_zh": "\u4fc4\u52d2\u5188\u5dde", "ne_id": 1159309549, "name_he": "\u05d0\u05d5\u05e8\u05d2\u05d5\u05df", "name_uk": "\u041e\u0440\u0435\u0433\u043e\u043d", "name_ur": "\u0627\u0648\u0631\u06cc\u06af\u0648\u0646", "name_fa": "\u0627\u0648\u0631\u06af\u0646", "name_zht": "\u5967\u52d2\u5ca1\u5dde", "FCLASS_ISO": null, "FCLASS_US": null, "FCLASS_FR": null, "FCLASS_RU": null, "FCLASS_ES": null, "FCLASS_CN": null, "FCLASS_TW": null, "FCLASS_IN": null, "FCLASS_NP": null, "FCLASS_PK": null, "FCLASS_DE": null, "FCLASS_GB": null, "FCLASS_BR": null, "FCLASS_IL": null, "FCLASS_PS": null, "FCLASS_SA": null, "FCLASS_EG": null, "FCLASS_MA": null, "FCLASS_PT": null, "FCLASS_AR": null, "FCLASS_JP": null, "FCLASS_KO": null, "FCLASS_VN": null, "FCLASS_TR": null, "FCLASS_ID": null, "FCLASS_PL": null, "FCLASS_GR": null, "FCLASS_IT": null, "FCLASS_NL": null, "FCLASS_SE": null, "FCLASS_BD": null, "FCLASS_UA": null, "FCLASS_TLC": null}, "bbox": [-124.53284, 41.992605, -116.457796, 46.283069], "geometry": {"type": "Polygon", "coordinates": [[[-116.915003, 45.999983], [-117.192299, 44.438942], [-124.213809, 41.999478], [-122.937969, 46.129097], [-121.203889, 45.689899], [-118.978236, 45.992568], [-116.915003, 45.999983]]]}}, {"type": "Feature", "properties": {"featurecla": "Admin-1 scale rank", "scalerank": 2, "adm1_code": "USA-3526", "diss_me": 3526, "iso_3166_2": "US-UT", "wikipedia": "http://en.wikipedia.org/wiki/Utah", "iso_a2": "US", "adm0_sr": 1, "name": "Utah", "name_alt": "UT", "name_local": null, "type": "State", "type_en": "State", "code_local": "US49", "code_hasc": "US.UT", "note": null, "hasc_maybe": null, "region": "West", "region_cod": null, "provnum_ne": 0, "gadm_level": 1, "check_me": 20, "datarank": 1, "abbrev": "Utah", "postal": "UT", "area_sqkm": 0, "sameascity": -99, "labelrank": 0, "name_len": 4, "mapcolor9": 1, "mapcolor13": 1, "fips": "US49", "fips_alt": null, "woe_id": 2347603, "woe_label": "Utah, US, United States", "woe_name": "Utah", "latitude": 39.5007, "longitude": -111.544, "sov_a3": "US1", "adm0_a3": "USA", "adm0_label": 2, "admin": "United States of America", "geonunit": "United States of America", "gu_a3": "USA", "gn_id": 5549030, "gn_name": "Utah", "gns_id": -1, "gns_name": null, "gn_level": 1, "gn_region": null, "gn_a1_code": "US.UT", "region_sub": "Mountain", "sub_code": null, "gns_level": -1, "gns_lang": null, "gns_adm1": null, "gns_region": null, "min_label": 3.5, "max_label": 7.5, "min_zoom": 2, "wikidataid": "Q829", "name_ar": "\u064a\u0648\u062a\u0627", "name_bn": "\u0987\u0989\u099f\u09be", "name_de": "Utah", "name_en": "Utah", "name_es": "Utah", "name_fr": "Utah", "name_el": "\u0393\u03b9\u03bf\u03cd\u03c4\u03b1", "name_hi": "\u092f\u0942\u091f\u093e\u0939", "name_hu": "Utah", "name_id": "Utah", "name_it": "Utah", "name_ja": "\u30e6\u30bf\u5dde", "name_ko": "\uc720\ud0c0", "name_nl": "Utah", "name_pl": "Utah", "name_pt": "Utah", "name_ru": "\u042e\u0442\u0430", "name_sv": "Utah", "name_tr": "Utah", "name_vi": "Utah", "name_zh": "\u72b9\u4ed6\u5dde", "ne_id": 1159315349, "name_he": "\u05d9\u05d5\u05d8\u05d4", "name_uk": "\u042e\u0442\u0430", "name_ur": "\u06cc\u0648\u0679\u0627\u06c1", "name_fa": "\u06cc\u0648\u062a\u0627", "name_zht": "\u7336\u4ed6\u5dde", "FCLASS_ISO": null, "FCLASS_US": null, "FCLASS_FR": null, "FCLASS_RU": null, "FCLASS_ES": null, "FCLASS_CN": null, "FCLASS_TW": null, "FCLASS_IN": null, "FCLASS_NP": null, "FCLASS_PK": null, "FCLASS_DE": null, "FCLASS_GB": null, "FCLASS_BR": null, "FCLASS_IL": null, "FCLASS_PS": null, "FCLASS_SA": null, "FCLASS_EG": null, "FCLASS_MA": null, "FCLASS_PT": null, "FCLASS_AR": null, "FCLASS_JP": null, "FCLASS_KO": null, "FCLASS_VN": null, "FCLASS_TR": null, "FCLASS_ID": null, "FCLASS_PL": null, "FCLASS_GR": null, "FCLASS_IT": null, "FCLASS_NL": null, "FCLASS_SE": null, "FCLASS_BD": null, "FCLASS_UA": null, "FCLASS_TLC": null}, "bbox": [-114.034223, 36.994099, -109.045225, 42.001597], "geometry": {"type": "Polygon", "coordinates": [[[-114.034223, 41.993122], [-114.034223, 41.993122]]]}}, {"type": "Feature", "properties": {"featurecla": "Admin-1 scale rank", "scalerank": 2, "adm1_code": "USA-3527", "diss_me": 3527, "iso_3166_2": "US-WY", "wikipedia": "http://en.wikipedia.org/wiki/Wyoming", "iso_a2": "US", "adm0_sr": 1, "name": "Wyoming", "name_alt": "WY|Wyo.", "name_local": null, "type": "State", "type_en": "State", "code_local": "US56", "code_hasc": "US.WY", "note": null, "hasc_maybe": null, "region": "West", "region_cod": null, "provnum_ne": 0, "gadm_level": 1, "check_me": 20, "datarank": 1, "abbrev": "Wyo.", "postal": "WY", "area_sqkm": 0, "sameascity": -99, "labelrank": 0, "name_len": 7, "mapcolor9": 1, "mapcolor13": 1, "fips": "US56", "fips_alt": null, "woe_id": 2347609, "woe_label": "Wyoming, US, United States", "woe_name": "Wyoming", "latitude": 42.9999, "longitude": -107.552, "sov_a3": "US1", "adm0_a3": "USA", "adm0_label": 2, "admin": "United States of America", "geonunit": "United States of America", "gu_a3": "USA", "gn_id": 5843591, "gn_name": "Wyoming", "gns_id": -1, "gns_name": null, "gn_level": 1, "gn_region": null, "gn_a1_code": "US.WY", "region_sub": "Mountain", "sub_code": null, "gns_level": -1, "gns_lang": null, "gns_adm1": null, "gns_region": null, "min_label": 3.5, "max_label": 7.5, "min_zoom": 2, "wikidataid": "Q1214", "name_ar": "\u0648\u0627\u064a\u0648\u0645\u0646\u063a", "name_bn": "\u0993\u09af\u09bc\u09be\u0987\u09af\u09bc\u09cb\u09ae\u09bf\u0982", "name_de": "Wyoming", "name_en": "Wyoming", "name_es": "Wyoming", "name_fr": "Wyoming", "name_el": "\u039f\u03c5\u03b1\u03ca\u03cc\u03bc\u03b9\u03bd\u03b3\u03ba", "name_hi": "\u0935\u093e\u092f\u094b\u092e\u093f\u0902\u0917", "name_hu": "Wyoming", "name_id": "Wyoming", "name_it": "Wyoming", "name_ja": "\u30ef\u30a4\u30aa\u30df\u30f3\u30b0\u5dde", "name_ko": "\uc640\uc774\uc624\ubc0d", "name_nl": "Wyoming", "name_pl": "Wyoming", "name_pt": "Wyoming", "name_ru": "\u0412\u0430\u0439\u043e\u043c\u0438\u043d\u0433", "name_sv": "Wyoming", "name_tr": "Wyoming", "name_vi": "Wyoming", "name_zh": "\u6000\u4fc4\u660e\u5dde", "ne_id": 1159315351, "name_he": "\u05d5\u05d9\u05d5\u05de\u05d9\u05e0\u05d2", "name_uk": "\u0412\u0430\u0439\u043e\u043c\u0456\u043d\u0433", "name_ur": "\u0648\u0627\u0626\u06cc\u0648\u0645\u0646\u06af", "name_fa": "\u0648\u0627\u06cc\u0648\u0645\u06cc\u0646\u06af", "name_zht": "\u61f7\u4fc4\u660e\u5dde", "FCLASS_ISO": null, "FCLASS_US": null, "FCLASS_FR": null, "FCLASS_RU": null, "FCLASS_ES": null, "FCLASS_CN": null, "FCLASS_TW": null, "FCLASS_IN": null, "FCLASS_NP": null, "FCLASS_PK": null, "FCLASS_DE": null, "FCLASS_GB": null, "FCLASS_BR": null, "FCLASS_IL": null, "FCLASS_PS": null, "FCLASS_SA": null, "FCLASS_EG": null, "FCLASS_MA": null, "FCLASS_PT": null, "FCLASS_AR": null, "FCLASS_JP": null, "FCLASS_KO": null, "FCLASS_VN": null, "FCLASS_TR": null, "FCLASS_ID": null, "FCLASS_PL": null, "FCLASS_GR": null, "FCLASS_IT": null, "FCLASS_NL": null, "FCLASS_SE": null, "FCLASS_BD": null, "FCLASS_UA": null, "FCLASS_TLC": null}, "bbox": [-111.085178, 41.001994, -104.045142, 45.057018], "geometry": {"type": "Polygon", "coordinates": [[[-111.085178, 44.506147], [-104.045142, 41.004112], [-111.085178, 44.506147]]]}}, {"type": "Feature", "properties": {"featurecla": "Admin-1 scale rank", "scalerank": 2, "adm1_code": "USA-3528", "diss_me": 3528, "iso_3166_2": "US-AR", "wikipedia": "http://en.wikipedia.org/wiki/Arkansas", "iso_a2": "US", "adm0_sr": 1, "name": "Arkansas", "name_alt": "AR|Ark.", "name_local": null, "type": "State", "type_en": "State", "code_local": "US05", "code_hasc": "US.AR", "note": null, "hasc_maybe": null, "region": "South", "region_cod": null, "provnum_ne": 0, "gadm_level": 1, "check_me": 20, "datarank": 1, "abbrev": "Ark.", "postal": "AR", "area_sqkm": 0, "sameascity": -99, "labelrank": 0, "name_len": 8, "mapcolor9": 1, "mapcolor13": 1, "fips": "US05", "fips_alt": null, "woe_id": 2347562, "woe_label": "Arkansas, US, United States", "woe_name": "Arkansas", "latitude": 34.7563, "longitude": -92.1428, "sov_a3": "US1", "adm0_a3": "USA", "adm0_label": 2, "admin": "United States of America", "geonunit": "United States of America", "gu_a3": "USA", "gn_id": 4099753, "gn_name": "Arkansas", "gns_id": -1, "gns_name": null, "gn_level": 1, "gn_region": null, "gn_a1_code": "US.AR", "region_sub": "West South Central", "sub_code": null, "gns_level": -1, "gns_lang": null, "gns_adm1": null, "gns_region": null, "min_label": 3.5, "max_label": 7.5, "min_zoom": 2, "wikidataid": "Q1612", "name_ar": "\u0623\u0631\u0643\u0646\u0633\u0627\u0633", "name_bn": "\u0986\u09b0\u09cd\u0995\u09be\u09a8\u09b8\u09be\u09b8", "name_de": "Arkansas", "name_en": "Arkansas", "name_es": "Arkansas", "name_fr": "Arkansas", "name_el": "\u0386\u03c1\u03ba\u03b1\u03bd\u03c3\u03bf", "name_hi": "\u0905\u0930\u0915\u093e\u0902\u0938\u093e\u0938", "name_hu": "Arkansas", "name_id": "Arkansas", "name_it": "Arkansas", "name_ja": "\u30a2\u30fc\u30ab\u30f3\u30bd\u30fc\u5dde", "name_ko": "\uc544\uce78\uc18c", "name_nl": "Arkansas", "name_pl": "Arkansas", "name_pt": "Arkansas", "name_ru": "\u0410\u0440\u043a\u0430\u043d\u0437\u0430\u0441", "name_sv": "Arkansas", "name_tr": "Arkansas", "name_vi": "Arkansas", "name_zh": "\u963f\u80af\u8272\u5dde", "ne_id": 1159315355, "name_he": "\u05d0\u05e8\u05e7\u05e0\u05e1\u05d5", "name_uk": "\u0410\u0440\u043a\u0430\u043d\u0437\u0430\u0441", "name_ur": "\u0622\u0631\u06a9\u0646\u0633\u0627\u0633", "name_fa": "\u0622\u0631\u06a9\u0627\u0646\u0632\u0627\u0633", "name_zht": "\u963f\u80af\u8272\u5dde", "FCLASS_ISO": null, "FCLASS_US": null, "FCLASS_FR": null, "FCLASS_RU": null, "FCLASS_ES": null, "FCLASS_CN": null, "FCLASS_TW": null, "FCLASS_IN": null, "FCLASS_NP": null, "FCLASS_PK": null, "FCLASS_DE": null, "FCLASS_GB": null, "FCLASS_BR": null, "FCLASS_IL": null, "FCLASS_PS": null, "FCLASS_SA": null, "FCLASS_EG": null, "FCLASS_MA": null, "FCLASS_PT": null, "FCLASS_AR": null, "FCLASS_JP": null, "FCLASS_KO": null, "FCLASS_VN": null, "FCLASS_TR": null, "FCLASS_ID": null, "FCLASS_PL": null, "FCLASS_GR": null, "FCLASS_IT": null, "FCLASS_NL": null, "FCLASS_SE": null, "FCLASS_BD": null, "FCLASS_UA": null, "FCLASS_TLC": null}, "bbox": [-94.628611, 33.010001, -89.662919, 36.540586], "geometry": {"type": "Polygon", "coordinates": [[[-89.662919, 36.023073], [-90.268283, 34.941459], [-91.223444, 33.469327], [-94.427538, 33.57038], [-90.112194, 36.461754], [-89.662919, 36.023073]]]}}, {"type": "Feature", "properties": {"featurecla": "Admin-1 scale rank", "scalerank": 2, "adm1_code": "USA-3529", "diss_me": 3529, "iso_3166_2": "US-IA", "wikipedia": "http://en.wikipedia.org/wiki/Iowa", "iso_a2": "US", "adm0_sr": 1, "name": "Iowa", "name_alt": "IA|Iowa", "name_local": null, "type": "State", "type_en": "State", "code_local": "US19", "code_hasc": "US.IA", "note": null, "hasc_maybe": null, "region": "Midwest", "region_cod": null, "provnum_ne": 0, "gadm_level": 1, "check_me": 20, "datarank": 1, "abbrev": "Iowa", "postal": "IA", "area_sqkm": 0, "sameascity": -99, "labelrank": 0, "name_len": 4, "mapcolor9": 1, "mapcolor13": 1, "fips": "US19", "fips_alt": null, "woe_id": 2347574, "woe_label": "Iowa, US, United States", "woe_name": "Iowa", "latitude": 42.0423, "longitude": -93.3891, "sov_a3": "US1", "adm0_a3": "USA", "adm0_label": 2, "admin": "United States of America", "geonunit": "United States of America", "gu_a3": "USA", "gn_id": 4862182, "gn_name": "Iowa", "gns_id": -1, "gns_name": null, "gn_level": 1, "gn_region": null, "gn_a1_code": "US.IA", "region_sub": "West North Central", "sub_code": null, "gns_level": -1, "gns_lang": null, "gns_adm1": null, "gns_region": null, "min_label": 3.5, "max_label": 7.5, "min_zoom": 2, "wikidataid": "Q1546", "name_ar": "\u0622\u064a\u0648\u0627", "name_bn": "\u0986\u0987\u0993\u09af\u09bc\u09be", "name_de": "Iowa", "name_en": "Iowa", "name_es": "Iowa", "name_fr": "Iowa", "name_el": "\u0386\u03b9\u03bf\u03b2\u03b1", "name_hi": "\u0906\u092f\u094b\u0935\u093e", "name_hu": "Iowa", "name_id": "Iowa", "name_it": "Iowa", "name_ja": "\u30a2\u30a4\u30aa\u30ef\u5dde", "name_ko": "\uc544\uc774\uc624\uc640", "name_nl": "Iowa", "name_pl": "Iowa", "name_pt": "Iowa", "name_ru": "\u0410\u0439\u043e\u0432\u0430", "name_sv": "Iowa", "name_tr": "Iowa", "name_vi": "Iowa", "name_zh": "\u827e\u5965\u74e6\u5dde", "ne_id": 1159315357, "name_he": "\u05d0\u05d9\u05d5\u05d5\u05d4", "name_uk": "\u0410\u0439\u043e\u0432\u0430", "name_ur": "\u0622\u0626\u06cc\u0648\u0648\u0627", "name_fa": "\u0622\u06cc\u0648\u0648\u0627", "name_zht": "\u611b\u8377\u83ef\u5dde", "FCLASS_ISO": null, "FCLASS_US": null, "FCLASS_FR": null, "FCLASS_RU": null, "FCLASS_ES": null, "FCLASS_CN": null, "FCLASS_TW": null, "FCLASS_IN": null, "FCLASS_NP": null, "FCLASS_PK": null, "FCLASS_DE": null, "FCLASS_GB": null, "FCLASS_BR": null, "FCLASS_IL": null, "FCLASS_PS": null, "FCLASS_SA": null, "FCLASS_EG": null, "FCLASS_MA": null, "FCLASS_PT": null, "FCLASS_AR": null, "FCLASS_JP": null, "FCLASS_KO": null, "FCLASS_VN": null, "FCLASS_TR": null, "FCLASS_ID": null, "FCLASS_PL": null, "FCLASS_GR": null, "FCLASS_IT": null, "FCLASS_NL": null, "FCLASS_SE": null, "FCLASS_BD": null, "FCLASS_UA": null, "FCLASS_TLC": null}, "bbox": [-96.615648, 40.368596, -90.156636, 43.519773], "geometry": {"type": "Polygon", "coordinates": [[[-96.45266, 43.501789], [-91.169985, 43.002233], [-90.259808, 42.189983], [-90.999065, 41.179812], [-92.851665, 40.592432], [-96.025089, 41.524287], [-96.453719, 42.580502], [-96.45266, 43.501789]]]}}, {"type": "Feature", "properties": {"featurecla": "Admin-1 scale rank", "scalerank": 2, "adm1_code": "USA-3530", "diss_me": 3530, "iso_3166_2": "US-KS", "wikipedia": "http://en.wikipedia.org/wiki/Kansas", "iso_a2": "US", "adm0_sr": 1, "name": "Kansas", "name_alt": "KS|Kans.", "name_local": null, "type": "State", "type_en": "State", "code_local": "US20", "code_hasc": "US.KS", "note": null, "hasc_maybe": null, "region": "Midwest", "region_cod": null, "provnum_ne": 0, "gadm_level": 1, "check_me": 20, "datarank": 1, "abbrev": "Kans.", "postal": "KS", "area_sqkm": 0, "sameascity": -99, "labelrank": 0, "name_len": 6, "mapcolor9": 1, "mapcolor13": 1, "fips": "US20", "fips_alt": null, "woe_id": 2347575, "woe_label": "Kansas, US, United States", "woe_name": "Kansas", "latitude": 38.5, "longitude": -98.3309, "sov_a3": "US1", "adm0_a3": "USA", "adm0_label": 2, "admin": "United States of America", "geonunit": "United States of America", "gu_a3": "USA", "gn_id": 4273857, "gn_name": "Kansas", "gns_id": -1, "gns_name": null, "gn_level": 1, "gn_region": null, "gn_a1_code": "US.KS", "region_sub": "West North Central", "sub_code": null, "gns_level": -1, "gns_lang": null, "gns_adm1": null, "gns_region": null, "min_label": 3.5, "max_label": 7.5, "min_zoom": 2, "wikidataid": "Q1558", "name_ar": "\u0643\u0627\u0646\u0633\u0627\u0633", "name_bn": "\u0995\u09cd\u09af\u09be\u09a8\u09cd\u09b8\u09be\u09b8", "name_de": "Kansas", "name_en": "Kansas", "name_es": "Kansas", "name_fr": "Kansas", "name_el": "\u039a\u03ac\u03bd\u03c3\u03b1\u03c2", "name_hi": "\u0915\u0947\u0928\u094d\u0938\u093e\u0938", "name_hu": "Kansas", "name_id": "Kansas", "name_it": "Kansas", "name_ja": "\u30ab\u30f3\u30b6\u30b9\u5dde", "name_ko": "\uce94\uc790\uc2a4", "name_nl": "Kansas", "name_pl": "Kansas", "name_pt": "Kansas", "name_ru": "\u041a\u0430\u043d\u0437\u0430\u0441", "name_sv": "Kansas", "name_tr": "Kansas", "name_vi": "Kansas", "name_zh": "\u582a\u8428\u65af\u5dde", "ne_id": 1159315359, "name_he": "\u05e7\u05e0\u05d6\u05e1", "name_uk": "\u041a\u0430\u043d\u0437\u0430\u0441", "name_ur": "\u06a9\u0646\u0633\u0627\u0633", "name_fa": "\u06a9\u0627\u0646\u0632\u0627\u0633", "name_zht": "\u582a\u85a9\u65af\u5dde", "FCLASS_ISO": null, "FCLASS_US": null, "FCLASS_FR": null, "FCLASS_RU": null, "FCLASS_ES": null, "FCLASS_CN": null, "FCLASS_TW": null, "FCLASS_IN": null, "FCLASS_NP": null, "FCLASS_PK": null, "FCLASS_DE": null, "FCLASS_GB": null, "FCLASS_BR": null, "FCLASS_IL": null, "FCLASS_PS": null, "FCLASS_SA": null, "FCLASS_EG": null, "FCLASS_MA": null, "FCLASS_PT": null, "FCLASS_AR": null, "FCLASS_JP": null, "FCLASS_KO": null, "FCLASS_VN": null, "FCLASS_TR": null, "FCLASS_ID": null, "FCLASS_PL": null, "FCLASS_GR": null, "FCLASS_IT": null, "FCLASS_NL": null, "FCLASS_SE": null, "FCLASS_BD": null, "FCLASS_UA": null, "FCLASS_TLC": null}, "bbox": [-102.050174, 36.99198, -94.604814, 40.001357], "geometry": {"type": "Polygon", "coordinates": [[[-102.041182, 36.99198], [-95.085302, 39.868006], [-94.622798, 36.999912], [-102.041182, 36.99198]]]}}, {"type": "Feature", "properties": {"featurecla": "Admin-1 scale rank", "scalerank": 2, "adm1_code": "USA-3531", "diss_me": 3531, "iso_3166_2": "US-MO", "wikipedia": "http://en.wikipedia.org/wiki/Missouri", "iso_a2": "US", "adm0_sr": 1, "name": "Missouri", "name_alt": "MO", "name_local": null, "type": "State", "type_en": "State", "code_local": "US29", "code_hasc": "US.MO", "note": null, "hasc_maybe": "US.IL|USA-MOS", "region": "Midwest", "region_cod": null, "provnum_ne": 0, "gadm_level": 1, "check_me": 20, "datarank": 1, "abbrev": "Mo.", "postal": "MO", "area_sqkm": 0, "sameascity": -99, "labelrank": 0, "name_len": 8, "mapcolor9": 1, "mapcolor13": 1, "fips": "US29", "fips_alt": "US17", "woe_id": 2347584, "woe_label": "Missouri, US, United States", "woe_name": "Missouri", "latitude": 38.5487, "longitude": -92.446, "sov_a3": "US1", "adm0_a3": "USA", "adm0_label": 2, "admin": "United States of America", "geonunit": "United States of America", "gu_a3": "USA", "gn_id": 4398678, "gn_name": "Missouri", "gns_id": -1, "gns_name": null, "gn_level": 1, "gn_region": null, "gn_a1_code": "US.MO", "region_sub": "West North Central", "sub_code": null, "gns_level": -1, "gns_lang": null, "gns_adm1": null, "gns_region": null, "min_label": 3.5, "max_label": 7.5, "min_zoom": 2, "wikidataid": "Q1581", "name_ar": "\u0645\u064a\u0632\u0648\u0631\u064a", "name_bn": "\u09ae\u09bf\u09b8\u09cc\u09b0\u09bf", "name_de": "Missouri", "name_en": "Missouri", "name_es": "Misuri", "name_fr": "Missouri", "name_el": "\u039c\u03b9\u03b6\u03bf\u03cd\u03c1\u03b9", "name_hi": "\u092e\u093f\u0938\u094c\u0930\u0940", "name_hu": "Missouri", "name_id": "Missouri", "name_it": "Missouri", "name_ja": "\u30df\u30ba\u30fc\u30ea\u5dde", "name_ko": "\ubbf8\uc8fc\ub9ac", "name_nl": "Missouri", "name_pl": "Missouri", "name_pt": "Missouri", "name_ru": "\u041c\u0438\u0441\u0441\u0443\u0440\u0438", "name_sv": "Missouri", "name_tr": "Missouri", "name_vi": "Missouri", "name_zh": "\u5bc6\u82cf\u91cc\u5dde", "ne_id": 1159315361, "name_he": "\u05de\u05d9\u05d6\u05d5\u05e8\u05d9", "name_uk": "\u041c\u0456\u0441\u0441\u0443\u0440\u0456", "name_ur": "\u0645\u0633\u0648\u0631\u06cc", "name_fa": "\u0645\u06cc\u0632\u0648\u0631\u06cc", "name_zht": "\u5bc6\u8607\u91cc\u5dde", "FCLASS_ISO": null, "FCLASS_US": null, "FCLASS_FR": null, "FCLASS_RU": null, "FCLASS_ES": null, "FCLASS_CN": null, "FCLASS_TW": null, "FCLASS_IN": null, "FCLASS_NP": null, "FCLASS_PK": null, "FCLASS_DE": null, "FCLASS_GB": null, "FCLASS_BR": null, "FCLASS_IL": null, "FCLASS_PS": null, "FCLASS_SA": null, "FCLASS_EG": null, "FCLASS_MA": null, "FCLASS_PT": null, "FCLASS_AR": null, "FCLASS_JP": null, "FCLASS_KO": null, "FCLASS_VN": null, "FCLASS_TR": null, "FCLASS_ID": null, "FCLASS_PL": null, "FCLASS_GR": null, "FCLASS_IT": null, "FCLASS_NL": null, "FCLASS_SE": null, "FCLASS_BD": null, "FCLASS_UA": null, "FCLASS_TLC": null}, "bbox": [-95.796499, 36.023073, -89.103057, 40.61411], "geometry": {"type": "Polygon", "coordinates": [[[-89.662919, 36.023073], [-93.412587, 36.526298], [-95.067292, 39.539912], [-95.796499, 40.583957], [-91.428212, 39.820903], [-90.346599, 38.930311], [-89.654987, 37.748678], [-89.115227, 36.694582], [-89.662919, 36.023073]]]}}, {"type": "Feature", "properties": {"featurecla": "Admin-1 scale rank", "scalerank": 2, "adm1_code": "USA-3532", "diss_me": 3532, "iso_3166_2": "US-NE", "wikipedia": "http://en.wikipedia.org/wiki/Nebraska", "iso_a2": "US", "adm0_sr": 1, "name": "Nebraska", "name_alt": "NE|Nebr.", "name_local": null, "type": "State", "type_en": "State", "code_local": "US31", "code_hasc": "US.NE", "note": null, "hasc_maybe": null, "region": "Midwest", "region_cod": null, "provnum_ne": 0, "gadm_level": 1, "check_me": 20, "datarank": 1, "abbrev": "Nebr.", "postal": "NE", "area_sqkm": 0, "sameascity": -99, "labelrank": 0, "name_len": 8, "mapcolor9": 1, "mapcolor13": 1, "fips": "US31", "fips_alt": null, "woe_id": 2347586, "woe_label": "Nebraska, US, United States", "woe_name": "Nebraska", "latitude": 41.5002, "longitude": -99.6855, "sov_a3": "US1", "adm0_a3": "USA", "adm0_label": 2, "admin": "United States of America", "geonunit": "United States of America", "gu_a3": "USA", "gn_id": 5073708, "gn_name": "Nebraska", "gns_id": -1, "gns_name": null, "gn_level": 1, "gn_region": null, "gn_a1_code": "US.NE", "region_sub": "West North Central", "sub_code": null, "gns_level": -1, "gns_lang": null, "gns_adm1": null, "gns_region": null, "min_label": 3.5, "max_label": 7.5, "min_zoom": 2, "wikidataid": "Q1553", "name_ar": "\u0646\u0628\u0631\u0627\u0633\u0643\u0627", "name_bn": "\u09a8\u09c7\u09ac\u09cd\u09b0\u09be\u09b8\u09cd\u0995\u09be", "name_de": "Nebraska", "name_en": "Nebraska", "name_es": "Nebraska", "name_fr": "Nebraska", "name_el": "\u039d\u03b5\u03bc\u03c0\u03c1\u03ac\u03c3\u03ba\u03b1", "name_hi": "\u0928\u0947\u092c\u094d\u0930\u093e\u0938\u094d\u0915\u093e", "name_hu": "Nebraska", "name_id": "Nebraska", "name_it": "Nebraska", "name_ja": "\u30cd\u30d6\u30e9\u30b9\u30ab\u5dde", "name_ko": "\ub124\ube0c\ub798\uc2a4\uce74", "name_nl": "Nebraska", "name_pl": "Nebraska", "name_pt": "Nebraska", "name_ru": "\u041d\u0435\u0431\u0440\u0430\u0441\u043a\u0430", "name_sv": "Nebraska", "name_tr": "Nebraska", "name_vi": "Nebraska", "name_zh": "\u5167\u5e03\u62c9\u65af\u52a0\u5dde", "ne_id": 1159315363, "name_he": "\u05e0\u05d1\u05e8\u05e1\u05e7\u05d4", "name_uk": "\u041d\u0435\u0431\u0440\u0430\u0441\u043a\u0430", "name_ur": "\u0646\u06cc\u0628\u0631\u0627\u0633\u06a9\u0627", "name_fa": "\u0646\u0628\u0631\u0627\u0633\u06a9\u0627", "name_zht": "\u5167\u5e03\u62c9\u65af\u52a0\u5dde", "FCLASS_ISO": null, "FCLASS_US": null, "FCLASS_FR": null, "FCLASS_RU": null, "FCLASS_ES": null, "FCLASS_CN": null, "FCLASS_TW": null, "FCLASS_IN": null, "FCLASS_NP": null, "FCLASS_PK": null, "FCLASS_DE": null, "FCLASS_GB": null, "FCLASS_BR": null, "FCLASS_IL": null, "FCLASS_PS": null, "FCLASS_SA": null, "FCLASS_EG": null, "FCLASS_MA": null, "FCLASS_PT": null, "FCLASS_AR": null, "FCLASS_JP": null, "FCLASS_KO": null, "FCLASS_VN": null, "FCLASS_TR": null, "FCLASS_ID": null, "FCLASS_PL": null, "FCLASS_GR": null, "FCLASS_IT": null, "FCLASS_NL": null, "FCLASS_SE": null, "FCLASS_BD": null, "FCLASS_UA": null, "FCLASS_TLC": null}, "bbox": [-104.052558, 40.000815, -95.322884, 43.00014], "geometry": {"type": "Polygon", "coordinates": [[[-102.050174, 40.000815], [-98.335956, 42.873662], [-96.623037, 42.502729], [-96.025089, 41.524287], [-95.45254, 40.215143], [-102.050174, 40.000815]]]}}, {"type": "Feature", "properties": {"featurecla": "Admin-1 scale rank", "scalerank": 2, "adm1_code": "USA-3533", "diss_me": 3533, "iso_3166_2": "US-OK", "wikipedia": "http://en.wikipedia.org/wiki/Oklahoma", "iso_a2": "US", "adm0_sr": 1, "name": "Oklahoma", "name_alt": "OK|Okla.", "name_local": null, "type": "State", "type_en": "State", "code_local": "US40", "code_hasc": "US.OK", "note": null, "hasc_maybe": null, "region": "South", "region_cod": null, "provnum_ne": 0, "gadm_level": 1, "check_me": 20, "datarank": 1, "abbrev": "Okla.", "postal": "OK", "area_sqkm": 0, "sameascity": -99, "labelrank": 0, "name_len": 8, "mapcolor9": 1, "mapcolor13": 1, "fips": "US40", "fips_alt": null, "woe_id": 2347595, "woe_label": "Oklahoma, US, United States", "woe_name": "Oklahoma", "latitude": 35.452, "longitude": -97.1309, "sov_a3": "US1", "adm0_a3": "USA", "adm0_label": 2, "admin": "United States of America", "geonunit": "United States of America", "gu_a3": "USA", "gn_id": 4544379, "gn_name": "Oklahoma", "gns_id": -1, "gns_name": null, "gn_level": 1, "gn_region": null, "gn_a1_code": "US.OK", "region_sub": "West South Central", "sub_code": null, "gns_level": -1, "gns_lang": null, "gns_adm1": null, "gns_region": null, "min_label": 3.5, "max_label": 7.5, "min_zoom": 2, "wikidataid": "Q1649", "name_ar": "\u0623\u0648\u0643\u0644\u0627\u0647\u0648\u0645\u0627", "name_bn": "\u0993\u0995\u09b2\u09be\u09b9\u09cb\u09ae\u09be", "name_de": "Oklahoma", "name_en": "Oklahoma", "name_es": "Oklahoma", "name_fr": "Oklahoma", "name_el": "\u039f\u03ba\u03bb\u03b1\u03c7\u03cc\u03bc\u03b1", "name_hi": "\u0913\u0915\u094d\u0932\u093e\u0939\u094b\u092e\u093e", "name_hu": "Oklahoma", "name_id": "Oklahoma", "name_it": "Oklahoma", "name_ja": "\u30aa\u30af\u30e9\u30db\u30de\u5dde", "name_ko": "\uc624\ud074\ub77c\ud638\ub9c8", "name_nl": "Oklahoma", "name_pl": "Oklahoma", "name_pt": "Oklahoma", "name_ru": "\u041e\u043a\u043b\u0430\u0445\u043e\u043c\u0430", "name_sv": "Oklahoma", "name_tr": "Oklahoma", "name_vi": "Oklahoma", "name_zh": "\u4fc4\u514b\u62c9\u8377\u9a6c\u5dde", "ne_id": 1159315365, "name_he": "\u05d0\u05d5\u05e7\u05dc\u05d4\u05d5\u05de\u05d4", "name_uk": "\u041e\u043a\u043b\u0430\u0445\u043e\u043c\u0430", "name_ur": "\u0627\u0648\u06a9\u0644\u0627\u06c1\u0648\u0645\u0627", "name_fa": "\u0627\u06a9\u0644\u0627\u0647\u0645\u0627", "name_zht": "\u5967\u514b\u62c9\u8377\u99ac\u5dde", "FCLASS_ISO": null, "FCLASS_US": null, "FCLASS_FR": null, "FCLASS_RU": null, "FCLASS_ES": null, "FCLASS_CN": null, "FCLASS_TW": null, "FCLASS_IN": null, "FCLASS_NP": null, "FCLASS_PK": null, "FCLASS_DE": null, "FCLASS_GB": null, "FCLASS_BR": null, "FCLASS_IL": null, "FCLASS_PS": null, "FCLASS_SA": null, "FCLASS_EG": null, "FCLASS_MA": null, "FCLASS_PT": null, "FCLASS_AR": null, "FCLASS_JP": null, "FCLASS_KO": null, "FCLASS_VN": null, "FCLASS_TR": null, "FCLASS_ID": null, "FCLASS_PL": null, "FCLASS_GR": null, "FCLASS_IT": null, "FCLASS_NL": null, "FCLASS_SE": null, "FCLASS_BD": null, "FCLASS_UA": null, "FCLASS_TLC": null}, "bbox": [-103.003216, 33.635983, -94.430174, 36.999912], "geometry": {"type": "Polygon", "coordinates": [[[-103.003216, 36.995158], [-94.617501, 36.999912], [-95.769498, 33.881007], [-97.376583, 33.838142], [-99.599083, 34.3763], [-103.003216, 36.995158]]]}}, {"type": "Feature", "properties": {"featurecla": "Admin-1 scale rank", "scalerank": 2, "adm1_code": "USA-3534", "diss_me": 3534, "iso_3166_2": "US-SD", "wikipedia": "http://en.wikipedia.org/wiki/South_Dakota", "iso_a2": "US", "adm0_sr": 1, "name": "South Dakota", "name_alt": "SD|S.D.", "name_local": null, "type": "State", "type_en": "State", "code_local": "US46", "code_hasc": "US.SD", "note": null, "hasc_maybe": null, "region": "Midwest", "region_cod": null, "provnum_ne": 0, "gadm_level": 1, "check_me": 20, "datarank": 1, "abbrev": "S.D.", "postal": "SD", "area_sqkm": 0, "sameascity": -99, "labelrank": 0, "name_len": 12, "mapcolor9": 1, "mapcolor13": 1, "fips": "US46", "fips_alt": null, "woe_id": 2347600, "woe_label": "South Dakota, US, United States", "woe_name": "South Dakota", "latitude": 44.4711, "longitude": -100.255, "sov_a3": "US1", "adm0_a3": "USA", "adm0_label": 2, "admin": "United States of America", "geonunit": "United States of America", "gu_a3": "USA", "gn_id": 5769223, "gn_name": "South Dakota", "gns_id": -1, "gns_name": null, "gn_level": 1, "gn_region": null, "gn_a1_code": "US.SD", "region_sub": "West North Central", "sub_code": null, "gns_level": -1, "gns_lang": null, "gns_adm1": null, "gns_region": null, "min_label": 3.5, "max_label": 7.5, "min_zoom": 2, "wikidataid": "Q1211", "name_ar": "\u062f\u0627\u0643\u0648\u062a\u0627 \u0627\u0644\u062c\u0646\u0648\u0628\u064a\u0629", "name_bn": "\u09a6\u0995\u09cd\u09b7\u09bf\u09a3 \u09a1\u09be\u0995\u09cb\u099f\u09be", "name_de": "South Dakota", "name_en": "South Dakota", "name_es": "Dakota del Sur", "name_fr": "Dakota du Sud", "name_el": "\u039d\u03cc\u03c4\u03b9\u03b1 \u039d\u03c4\u03b1\u03ba\u03cc\u03c4\u03b1", "name_hi": "\u0926\u0915\u094d\u0937\u093f\u0923 \u0921\u0915\u094b\u091f\u093e", "name_hu": "D\u00e9l-Dakota", "name_id": "Dakota Selatan", "name_it": "Dakota del Sud", "name_ja": "\u30b5\u30a6\u30b9\u30c0\u30b3\u30bf\u5dde", "name_ko": "\uc0ac\uc6b0\uc2a4\ub2e4\ucf54\ud0c0", "name_nl": "South Dakota", "name_pl": "Dakota Po\u0142udniowa", "name_pt": "Dakota do Sul", "name_ru": "\u042e\u0436\u043d\u0430\u044f \u0414\u0430\u043a\u043e\u0442\u0430", "name_sv": "South Dakota", "name_tr": "G\u00fcney Dakota", "name_vi": "Nam Dakota", "name_zh": "\u5357\u8fbe\u79d1\u4ed6\u5dde", "ne_id": 1159315367, "name_he": "\u05d3\u05e7\u05d5\u05d8\u05d4 \u05d4\u05d3\u05e8\u05d5\u05de\u05d9\u05ea", "name_uk": "\u041f\u0456\u0432\u0434\u0435\u043d\u043d\u0430 \u0414\u0430\u043a\u043e\u0442\u0430", "name_ur": "\u062c\u0646\u0648\u0628\u06cc \u0688\u06a9\u0648\u0679\u0627", "name_fa": "\u062f\u0627\u06a9\u0648\u062a\u0627\u06cc \u062c\u0646\u0648\u0628\u06cc", "name_zht": "\u5357\u9054\u79d1\u4ed6\u5dde", "FCLASS_ISO": null, "FCLASS_US": null, "FCLASS_FR": null, "FCLASS_RU": null, "FCLASS_ES": null, "FCLASS_CN": null, "FCLASS_TW": null, "FCLASS_IN": null, "FCLASS_NP": null, "FCLASS_PK": null, "FCLASS_DE": null, "FCLASS_GB": null, "FCLASS_BR": null, "FCLASS_IL": null, "FCLASS_PS": null, "FCLASS_SA": null, "FCLASS_EG": null, "FCLASS_MA": null, "FCLASS_PT": null, "FCLASS_AR": null, "FCLASS_JP": null, "FCLASS_KO": null, "FCLASS_VN": null, "FCLASS_TR": null, "FCLASS_ID": null, "FCLASS_PL": null, "FCLASS_GR": null, "FCLASS_IT": null, "FCLASS_NL": null, "FCLASS_SE": null, "FCLASS_BD": null, "FCLASS_UA": null, "FCLASS_TLC": null}, "bbox": [-104.077957, 42.488957, -96.439431, 46.017967], "geometry": {"type": "Polygon", "coordinates": [[[-96.539451, 46.017967], [-96.586011, 43.501247], [-96.623037, 42.502729], [-98.335956, 42.873662], [-100.066858, 45.965567], [-96.539451, 46.017967]]]}}, {"type": "Feature", "properties": {"featurecla": "Admin-1 scale rank", "scalerank": 2, "adm1_code": "USA-3535", "diss_me": 3535, "iso_3166_2": "US-LA", "wikipedia": "http://en.wikipedia.org/wiki/Louisiana", "iso_a2": "US", "adm0_sr": 5, "name": "Louisiana", "name_alt": "LA", "name_local": null, "type": "State", "type_en": "State", "code_local": "US22", "code_hasc": "US.LA", "note": null, "hasc_maybe": null, "region": "South", "region_cod": null, "provnum_ne": 0, "gadm_level": 1, "check_me": 20, "datarank": 1, "abbrev": "La.", "postal": "LA", "area_sqkm": 0, "sameascity": -99, "labelrank": 0, "name_len": 9, "mapcolor9": 1, "mapcolor13": 1, "fips": "US22", "fips_alt": null, "woe_id": 2347577, "woe_label": "Louisiana, US, United States", "woe_name": "Louisiana", "latitude": 30.5274, "longitude": -91.9991, "sov_a3": "US1", "adm0_a3": "USA", "adm0_label": 2, "admin": "United States of America", "geonunit": "United States of America", "gu_a3": "USA", "gn_id": 4331987, "gn_name": "Louisiana", "gns_id": -1, "gns_name": null, "gn_level": 1, "gn_region": null, "gn_a1_code": "US.LA", "region_sub": "West South Central", "sub_code": null, "gns_level": -1, "gns_lang": null, "gns_adm1": null, "gns_region": null, "min_label": 3.5, "max_label": 7.5, "min_zoom": 2, "wikidataid": "Q1588", "name_ar": "\u0644\u0648\u064a\u0632\u064a\u0627\u0646\u0627", "name_bn": "\u09b2\u09c1\u0987\u099c\u09bf\u09af\u09bc\u09be\u09a8\u09be", "name_de": "Louisiana", "name_en": "Louisiana", "name_es": "Luisiana", "name_fr": "Louisiane", "name_el": "\u039b\u03bf\u03c5\u03b9\u03b6\u03b9\u03ac\u03bd\u03b1", "name_hi": "\u0932\u0941\u0908\u091c\u093c\u093f\u092f\u093e\u0928\u093e", "name_hu": "Louisiana", "name_id": "Louisiana", "name_it": "Louisiana", "name_ja": "\u30eb\u30a4\u30b8\u30a2\u30ca\u5dde", "name_ko": "\ub8e8\uc774\uc9c0\uc560\ub098", "name_nl": "Louisiana", "name_pl": "Luizjana", "name_pt": "Luisiana", "name_ru": "\u041b\u0443\u0438\u0437\u0438\u0430\u043d\u0430", "name_sv": "Louisiana", "name_tr": "Louisiana", "name_vi": "Louisiana", "name_zh": "\u8def\u6613\u65af\u5b89\u90a3\u5dde", "ne_id": 1159315221, "name_he": "\u05dc\u05d5\u05d0\u05d9\u05d6\u05d9\u05d0\u05e0\u05d4", "name_uk": "\u041b\u0443\u0457\u0437\u0456\u0430\u043d\u0430", "name_ur": "\u0644\u0648\u0632\u06cc\u0627\u0646\u0627", "name_fa": "\u0644\u0648\u0626\u06cc\u0632\u06cc\u0627\u0646\u0627", "name_zht": "\u8def\u6613\u65af\u5b89\u90a3\u5dde", "FCLASS_ISO": null, "FCLASS_US": null, "FCLASS_FR": null, "FCLASS_RU": null, "FCLASS_ES": null, "FCLASS_CN": null, "FCLASS_TW": null, "FCLASS_IN": null, "FCLASS_NP": null, "FCLASS_PK": null, "FCLASS_DE": null, "FCLASS_GB": null, "FCLASS_BR": null, "FCLASS_IL": null, "FCLASS_PS": null, "FCLASS_SA": null, "FCLASS_EG": null, "FCLASS_MA": null, "FCLASS_PT": null, "FCLASS_AR": null, "FCLASS_JP": null, "FCLASS_KO": null, "FCLASS_VN": null, "FCLASS_TR": null, "FCLASS_ID": null, "FCLASS_PL": null, "FCLASS_GR": null, "FCLASS_IT": null, "FCLASS_NL": null, "FCLASS_SE": null, "FCLASS_BD": null, "FCLASS_UA": null, "FCLASS_TLC": null}, "bbox": [-94.059757, 29.11743, -89.21767, 33.043875], "geometry": {"type": "Polygon", "coordinates": [[[-94.059757, 33.01212], [-90.942971, 32.306736], [-90.701667, 31.015575], [-89.593929, 30.160378], [-90.15463, 29.11743], [-93.66712, 30.100644], [-93.779309, 31.675431], [-94.059757, 33.01212]]]}}, {"type": "Feature", "properties": {"featurecla": "Admin-1 scale rank", "scalerank": 2, "adm1_code": "USA-3536", "diss_me": 3536, "iso_3166_2": "US-TX", "wikipedia": "http://en.wikipedia.org/wiki/Texas", "iso_a2": "US", "adm0_sr": 4, "name": "Texas", "name_alt": "TX|Tex.", "name_local": null, "type": "State", "type_en": "State", "code_local": "US48", "code_hasc": "US.TX", "note": null, "hasc_maybe": null, "region": "South", "region_cod": null, "provnum_ne": 0, "gadm_level": 1, "check_me": 20, "datarank": 1, "abbrev": "Tex.", "postal": "TX", "area_sqkm": 0, "sameascity": -99, "labelrank": 0, "name_len": 5, "mapcolor9": 1, "mapcolor13": 1, "fips": "US48", "fips_alt": null, "woe_id": 2347602, "woe_label": "Texas, US, United States", "woe_name": "Texas", "latitude": 31.131, "longitude": -98.7607, "sov_a3": "US1", "adm0_a3": "USA", "adm0_label": 2, "admin": "United States of America", "geonunit": "United States of America", "gu_a3": "USA", "gn_id": 4736286, "gn_name": "Texas", "gns_id": -1, "gns_name": null, "gn_level": 1, "gn_region": null, "gn_a1_code": "US.TX", "region_sub": "West South Central", "sub_code": null, "gns_level": -1, "gns_lang": null, "gns_adm1": null, "gns_region": null, "min_label": 3.5, "max_label": 7.5, "min_zoom": 2, "wikidataid": "Q1439", "name_ar": "\u062a\u0643\u0633\u0627\u0633", "name_bn": "\u099f\u09c7\u0995\u09cd\u09b8\u09be\u09b8", "name_de": "Texas", "name_en": "Texas", "name_es": "Texas", "name_fr": "Texas", "name_el": "\u03a4\u03ad\u03be\u03b1\u03c2", "name_hi": "\u091f\u0945\u0915\u094d\u0938\u0938", "name_hu": "Texas", "name_id": "Texas", "name_it": "Texas", "name_ja": "\u30c6\u30ad\u30b5\u30b9\u5dde", "name_ko": "\ud14d\uc0ac\uc2a4", "name_nl": "Texas", "name_pl": "Teksas", "name_pt": "Texas", "name_ru": "\u0422\u0435\u0445\u0430\u0441", "name_sv": "Texas", "name_tr": "Teksas", "name_vi": "Texas", "name_zh": "\u5f97\u514b\u8428\u65af\u5dde", "ne_id": 1159315211, "name_he": "\u05d8\u05e7\u05e1\u05e1", "name_uk": "\u0422\u0435\u0445\u0430\u0441", "name_ur": "\u0679\u06cc\u06a9\u0633\u0627\u0633", "name_fa": "\u062a\u06af\u0632\u0627\u0633", "name_zht": "\u5fb7\u514b\u85a9\u65af\u5dde", "FCLASS_ISO": null, "FCLASS_US": null, "FCLASS_FR": null, "FCLASS_RU": null, "FCLASS_ES": null, "FCLASS_CN": null, "FCLASS_TW": null, "FCLASS_IN": null, "FCLASS_NP": null, "FCLASS_PK": null, "FCLASS_DE": null, "FCLASS_GB": null, "FCLASS_BR": null, "FCLASS_IL": null, "FCLASS_PS": null, "FCLASS_SA": null, "FCLASS_EG": null, "FCLASS_MA": null, "FCLASS_PT": null, "FCLASS_AR": null, "FCLASS_JP": null, "FCLASS_KO": null, "FCLASS_VN": null, "FCLASS_TR": null, "FCLASS_ID": null, "FCLASS_PL": null, "FCLASS_GR": null, "FCLASS_IT": null, "FCLASS_NL": null, "FCLASS_SE": null, "FCLASS_BD": null, "FCLASS_UA": null, "FCLASS_TLC": null}, "bbox": [-106.630127, 25.839793, -93.489844, 36.499323], "geometry": {"type": "Polygon", "coordinates": [[[-106.507344, 31.754289], [-102.001495, 36.499323], [-99.187403, 34.235559], [-96.947953, 33.918059], [-95.190592, 33.938161], [-93.834861, 31.829944], [-93.664484, 30.30014], [-97.140034, 27.829981], [-99.300109, 26.839912], [-103.939826, 29.269842], [-106.507344, 31.754289]]]}}, {"type": "Feature", "properties": {"featurecla": "Admin-1 scale rank", "scalerank": 2, "adm1_code": "USA-3537", "diss_me": 3537, "iso_3166_2": "US-CT", "wikipedia": "http://en.wikipedia.org/wiki/Connecticut", "iso_a2": "US", "adm0_sr": 1, "name": "Connecticut", "name_alt": "CT|Conn.", "name_local": null, "type": "State", "type_en": "State", "code_local": "US09", "code_hasc": "US.CT", "note": null, "hasc_maybe": null, "region": "Northeast", "region_cod": null, "provnum_ne": 0, "gadm_level": 1, "check_me": 20, "datarank": 1, "abbrev": "Conn.", "postal": "CT", "area_sqkm": 0, "sameascity": -99, "labelrank": 0, "name_len": 11, "mapcolor9": 1, "mapcolor13": 1, "fips": "US09", "fips_alt": null, "woe_id": 2347565, "woe_label": "Connecticut, US, United States", "woe_name": "Connecticut", "latitude": 41.6486, "longitude": -72.7594, "sov_a3": "US1", "adm0_a3": "USA", "adm0_label": 2, "admin": "United States of America", "geonunit": "United States of America", "gu_a3": "USA", "gn_id": 4831725, "gn_name": "Connecticut", "gns_id": -1, "gns_name": null, "gn_level": 1, "gn_region": null, "gn_a1_code": "US.CT", "region_sub": "New England", "sub_code": null, "gns_level": -1, "gns_lang": null, "gns_adm1": null, "gns_region": null, "min_label": 3.5, "max_label": 7.5, "min_zoom": 2, "wikidataid": "Q779", "name_ar": "\u0643\u0648\u0646\u064a\u062a\u064a\u0643\u062a", "name_bn": "\u0995\u09be\u09a8\u09c7\u099f\u09bf\u0995\u09be\u099f", "name_de": "Connecticut", "name_en": "Connecticut", "name_es": "Connecticut", "name_fr": "Connecticut", "name_el": "\u039a\u03bf\u03bd\u03ad\u03ba\u03c4\u03b9\u03ba\u03b1\u03c4", "name_hi": "\u0915\u0928\u0947\u0915\u094d\u091f\u093f\u0915\u091f", "name_hu": "Connecticut", "name_id": "Connecticut", "name_it": "Connecticut", "name_ja": "\u30b3\u30cd\u30c1\u30ab\u30c3\u30c8\u5dde", "name_ko": "\ucf54\ub124\ud2f0\ucef7", "name_nl": "Connecticut", "name_pl": "Connecticut", "name_pt": "Connecticut", "name_ru": "\u041a\u043e\u043d\u043d\u0435\u043a\u0442\u0438\u043a\u0443\u0442", "name_sv": "Connecticut", "name_tr": "Connecticut", "name_vi": "Connecticut", "name_zh": "\u5eb7\u6d85\u72c4\u683c\u5dde", "ne_id": 1159315301, "name_he": "\u05e7\u05d5\u05e0\u05d8\u05d9\u05e7\u05d8", "name_uk": "\u041a\u043e\u043d\u043d\u0435\u043a\u0442\u0438\u043a\u0443\u0442", "name_ur": "\u06a9\u0646\u06cc\u06a9\u0679\u06cc\u06a9\u0679", "name_fa": "\u06a9\u0627\u0646\u062a\u06cc\u06a9\u062a", "name_zht": "\u5eb7\u4e43\u72c4\u514b\u5dde", "FCLASS_ISO": null, "FCLASS_US": null, "FCLASS_FR": null, "FCLASS_RU": null, "FCLASS_ES": null, "FCLASS_CN": null, "FCLASS_TW": null, "FCLASS_IN": null, "FCLASS_NP": null, "FCLASS_PK": null, "FCLASS_DE": null, "FCLASS_GB": null, "FCLASS_BR": null, "FCLASS_IL": null, "FCLASS_PS": null, "FCLASS_SA": null, "FCLASS_EG": null, "FCLASS_MA": null, "FCLASS_PT": null, "FCLASS_AR": null, "FCLASS_JP": null, "FCLASS_KO": null, "FCLASS_VN": null, "FCLASS_TR": null, "FCLASS_ID": null, "FCLASS_PL": null, "FCLASS_GR": null, "FCLASS_IT": null, "FCLASS_NL": null, "FCLASS_SE": null, "FCLASS_BD": null, "FCLASS_UA": null, "FCLASS_TLC": null}, "bbox": [-73.69268, 40.953239, -71.792951, 42.054513], "geometry": {"type": "Polygon", "coordinates": [[[-73.497937, 42.054513], [-73.648269, 40.954623], [-73.497937, 42.054513]]]}}, {"type": "Feature", "properties": {"featurecla": "Admin-1 scale rank", "scalerank": 2, "adm1_code": "USA-3513", "diss_me": 3513, "iso_3166_2": "US-MA", "wikipedia": "http://en.wikipedia.org/wiki/Massachusetts", "iso_a2": "US", "adm0_sr": 6, "name": "Massachusetts", "name_alt": "Commonwealth of Massachusetts|MA|Mass.", "name_local": null, "type": "State", "type_en": "State", "code_local": "US25", "code_hasc": "US.MA", "note": null, "hasc_maybe": null, "region": "Northeast", "region_cod": null, "provnum_ne": 0, "gadm_level": 1, "check_me": 20, "datarank": 1, "abbrev": "Mass.", "postal": "MA", "area_sqkm": 0, "sameascity": -99, "labelrank": 0, "name_len": 13, "mapcolor9": 1, "mapcolor13": 1, "fips": "US25", "fips_alt": null, "woe_id": 2347580, "woe_label": "Massachusetts, US, United States", "woe_name": "Massachusetts", "latitude": 42.3739, "longitude": -71.9993, "sov_a3": "US1", "adm0_a3": "USA", "adm0_label": 2, "admin": "United States of America", "geonunit": "United States of America", "gu_a3": "USA", "gn_id": 6254926, "gn_name": "Massachusetts", "gns_id": -1, "gns_name": null, "gn_level": 1, "gn_region": null, "gn_a1_code": "US.MA", "region_sub": "New England", "sub_code": null, "gns_level": -1, "gns_lang": null, "gns_adm1": null, "gns_region": null, "min_label": 3.5, "max_label": 7.5, "min_zoom": 2, "wikidataid": "Q771", "name_ar": "\u0645\u0627\u0633\u0627\u062a\u0634\u0648\u0633\u062a\u0633", "name_bn": "\u09ae\u09cd\u09af\u09be\u09b8\u09be\u099a\u09c1\u09b8\u09c7\u099f\u09b8", "name_de": "Massachusetts", "name_en": "Massachusetts", "name_es": "Massachusetts", "name_fr": "Massachusetts", "name_el": "\u039c\u03b1\u03c3\u03b1\u03c7\u03bf\u03c5\u03c3\u03ad\u03c4\u03b7", "name_hi": "\u092e\u0948\u0938\u093e\u091a\u0942\u0938\u093f\u091f\u094d\u0938", "name_hu": "Massachusetts", "name_id": "Massachusetts", "name_it": "Massachusetts", "name_ja": "\u30de\u30b5\u30c1\u30e5\u30fc\u30bb\u30c3\u30c4\u5dde", "name_ko": "\ub9e4\uc0ac\ucd94\uc138\uce20", "name_nl": "Massachusetts", "name_pl": "Massachusetts", "name_pt": "Massachusetts", "name_ru": "\u041c\u0430\u0441\u0441\u0430\u0447\u0443\u0441\u0435\u0442\u0441", "name_sv": "Massachusetts", "name_tr": "Massachusetts", "name_vi": "Massachusetts", "name_zh": "\u9a6c\u8428\u8bf8\u585e\u5dde", "ne_id": 1159312157, "name_he": "\u05de\u05e1\u05e6'\u05d5\u05e1\u05d8\u05e1", "name_uk": "\u041c\u0430\u0441\u0441\u0430\u0447\u0443\u0441\u0435\u0442\u0441", "name_ur": "\u0645\u06cc\u0633\u0627\u0686\u0648\u0633\u0679\u0633", "name_fa": "\u0645\u0627\u0633\u0627\u0686\u0648\u0633\u062a", "name_zht": "\u9ebb\u85a9\u8af8\u585e\u5dde", "FCLASS_ISO": null, "FCLASS_US": null, "FCLASS_FR": null, "FCLASS_RU": null, "FCLASS_ES": null, "FCLASS_CN": null, "FCLASS_TW": null, "FCLASS_IN": null, "FCLASS_NP": null, "FCLASS_PK": null, "FCLASS_DE": null, "FCLASS_GB": null, "FCLASS_BR": null, "FCLASS_IL": null, "FCLASS_PS": null, "FCLASS_SA": null, "FCLASS_EG": null, "FCLASS_MA": null, "FCLASS_PT": null, "FCLASS_AR": null, "FCLASS_JP": null, "FCLASS_KO": null, "FCLASS_VN": null, "FCLASS_TR": null, "FCLASS_ID": null, "FCLASS_PL": null, "FCLASS_GR": null, "FCLASS_IT": null, "FCLASS_NL": null, "FCLASS_SE": null, "FCLASS_BD": null, "FCLASS_UA": null, "FCLASS_TLC": null}, "bbox": [-73.497937, 41.475066, -69.884799, 42.884256], "geometry": {"type": "Polygon", "coordinates": [[[-71.800909, 42.01325], [-70.815052, 42.865187], [-71.120382, 41.494651], [-71.800909, 42.01325]]]}}, {"type": "Feature", "properties": {"featurecla": "Admin-1 scale rank", "scalerank": 2, "adm1_code": "USA-3538", "diss_me": 3538, "iso_3166_2": "US-NH", "wikipedia": "http://en.wikipedia.org/wiki/New_Hampshire", "iso_a2": "US", "adm0_sr": 1, "name": "New Hampshire", "name_alt": "NH|N.H.", "name_local": null, "type": "State", "type_en": "State", "code_local": "US33", "code_hasc": "US.NH", "note": null, "hasc_maybe": null, "region": "Northeast", "region_cod": null, "provnum_ne": 0, "gadm_level": 1, "check_me": 20, "datarank": 1, "abbrev": "N.H.", "postal": "NH", "area_sqkm": 0, "sameascity": -99, "labelrank": 0, "name_len": 13, "mapcolor9": 1, "mapcolor13": 1, "fips": "US33", "fips_alt": null, "woe_id": 2347588, "woe_label": "New Hampshire, US, United States", "woe_name": "New Hampshire", "latitude": 43.5993, "longitude": -71.6301, "sov_a3": "US1", "adm0_a3": "USA", "adm0_label": 2, "admin": "United States of America", "geonunit": "United States of America", "gu_a3": "USA", "gn_id": 5090174, "gn_name": "New Hampshire", "gns_id": -1, "gns_name": null, "gn_level": 1, "gn_region": null, "gn_a1_code": "US.NH", "region_sub": "New England", "sub_code": null, "gns_level": -1, "gns_lang": null, "gns_adm1": null, "gns_region": null, "min_label": 3.5, "max_label": 7.5, "min_zoom": 2, "wikidataid": "Q759", "name_ar": "\u0646\u064a\u0648\u0647\u0627\u0645\u0628\u0634\u064a\u0631", "name_bn": "\u09a8\u09bf\u0989 \u09b9\u09cd\u09af\u09be\u09ae\u09cd\u09aa\u09cd\u09b6\u09be\u09af\u09bc\u09be\u09b0", "name_de": "New Hampshire", "name_en": "New Hampshire", "name_es": "Nuevo Hampshire", "name_fr": "New Hampshire", "name_el": "\u039d\u03b9\u03bf\u03c5 \u03a7\u03ac\u03bc\u03c3\u03b1\u03ca\u03c1", "name_hi": "\u0928\u092f\u093e \u0939\u0947\u092e\u094d\u092a\u0936\u093e\u092f\u0930", "name_hu": "New Hampshire", "name_id": "New Hampshire", "name_it": "New Hampshire", "name_ja": "\u30cb\u30e5\u30fc\u30cf\u30f3\u30d7\u30b7\u30e3\u30fc\u5dde", "name_ko": "\ub274\ud584\ud504\uc154", "name_nl": "New Hampshire", "name_pl": "New Hampshire", "name_pt": "Nova Hampshire", "name_ru": "\u041d\u044c\u044e-\u0413\u044d\u043c\u043f\u0448\u0438\u0440", "name_sv": "New Hampshire", "name_tr": "New Hampshire", "name_vi": "New Hampshire", "name_zh": "\u65b0\u7f55\u5e03\u4ec0\u5c14\u5dde", "ne_id": 1159315303, "name_he": "\u05e0\u05d9\u05d5 \u05d4\u05de\u05e4\u05e9\u05d9\u05d9\u05e8", "name_uk": "\u041d\u044c\u044e-\u0413\u0435\u043c\u043f\u0448\u0438\u0440", "name_ur": "\u0646\u06cc\u0648 \u06c1\u06cc\u0645\u067e\u0634\u0627\u0626\u0631", "name_fa": "\u0646\u06cc\u0648\u0647\u0645\u067e\u0634\u0627\u06cc\u0631", "name_zht": "\u65b0\u7f55\u5e03\u590f\u5dde", "FCLASS_ISO": null, "FCLASS_US": null, "FCLASS_FR": null, "FCLASS_RU": null, "FCLASS_ES": null, "FCLASS_CN": null, "FCLASS_TW": null, "FCLASS_IN": null, "FCLASS_NP": null, "FCLASS_PK": null, "FCLASS_DE": null, "FCLASS_GB": null, "FCLASS_BR": null, "FCLASS_IL": null, "FCLASS_PS": null, "FCLASS_SA": null, "FCLASS_EG": null, "FCLASS_MA": null, "FCLASS_PT": null, "FCLASS_AR": null, "FCLASS_JP": null, "FCLASS_KO": null, "FCLASS_VN": null, "FCLASS_TR": null, "FCLASS_ID": null, "FCLASS_PL": null, "FCLASS_GR": null, "FCLASS_IT": null, "FCLASS_NL": null, "FCLASS_SE": null, "FCLASS_BD": null, "FCLASS_UA": null, "FCLASS_TLC": null}, "bbox": [-72.537505, 42.718091, -70.645734, 45.30524], "geometry": {"type": "Polygon", "coordinates": [[[-70.815052, 42.865187], [-72.403611, 43.285369], [-71.585522, 44.468035], [-70.98176, 43.367896], [-70.815052, 42.865187]]]}}, {"type": "Feature", "properties": {"featurecla": "Admin-1 scale rank", "scalerank": 2, "adm1_code": "USA-3539", "diss_me": 3539, "iso_3166_2": "US-RI", "wikipedia": "http://en.wikipedia.org/wiki/Rhode_Island", "iso_a2": "US", "adm0_sr": 6, "name": "Rhode Island", "name_alt": "State of Rhode Island and Providence Plantations|RI|R.I.", "name_local": null, "type": "State", "type_en": "State", "code_local": "US44", "code_hasc": "US.RI", "note": null, "hasc_maybe": null, "region": "Northeast", "region_cod": null, "provnum_ne": 0, "gadm_level": 1, "check_me": 20, "datarank": 1, "abbrev": "R.I.", "postal": "RI", "area_sqkm": 0, "sameascity": -99, "labelrank": 0, "name_len": 12, "mapcolor9": 1, "mapcolor13": 1, "fips": "US44", "fips_alt": null, "woe_id": 2347598, "woe_label": "Rhode Island, US, United States", "woe_name": "Rhode Island", "latitude": 41.6242, "longitude": -71.5082, "sov_a3": "US1", "adm0_a3": "USA", "adm0_label": 2, "admin": "United States of America", "geonunit": "United States of America", "gu_a3": "USA", "gn_id": 5224323, "gn_name": "Rhode Island", "gns_id": -1, "gns_name": null, "gn_level": 1, "gn_region": null, "gn_a1_code": "US.RI", "region_sub": "New England", "sub_code": null, "gns_level": -1, "gns_lang": null, "gns_adm1": null, "gns_region": null, "min_label": 3.5, "max_label": 7.5, "min_zoom": 2, "wikidataid": "Q1387", "name_ar": "\u0631\u0648\u062f \u0622\u064a\u0644\u0627\u0646\u062f", "name_bn": "\u09b0\u09cb\u09a1 \u0986\u0987\u09b2\u09cd\u09af\u09be\u09a8\u09cd\u09a1", "name_de": "Rhode Island", "name_en": "Rhode Island", "name_es": "Rhode Island", "name_fr": "Rhode Island", "name_el": "\u03a1\u03cc\u03bf\u03c5\u03bd\u03c4 \u0386\u03b9\u03bb\u03b1\u03bd\u03c4", "name_hi": "\u0930\u094b\u0921 \u0906\u0907\u0932\u0948\u0902\u0921", "name_hu": "Rhode Island", "name_id": "Rhode Island", "name_it": "Rhode Island", "name_ja": "\u30ed\u30fc\u30c9\u30a2\u30a4\u30e9\u30f3\u30c9\u5dde", "name_ko": "\ub85c\ub4dc\uc544\uc77c\ub79c\ub4dc", "name_nl": "Rhode Island", "name_pl": "Rhode Island", "name_pt": "Rhode Island", "name_ru": "\u0420\u043e\u0434-\u0410\u0439\u043b\u0435\u043d\u0434", "name_sv": "Rhode Island", "name_tr": "Rhode Island", "name_vi": "Rhode Island", "name_zh": "\u7f57\u5f97\u5c9b\u5dde", "ne_id": 1159312213, "name_he": "\u05e8\u05d5\u05d3 \u05d0\u05d9\u05d9\u05dc\u05e0\u05d3", "name_uk": "\u0420\u043e\u0434-\u0410\u0439\u043b\u0435\u043d\u0434", "name_ur": "\u0631\u06c1\u0648\u0688 \u0622\u0626\u06cc \u0644\u06cc\u0646\u0688", "name_fa": "\u0631\u0648\u062f \u0622\u06cc\u0644\u0646\u062f", "name_zht": "\u7f85\u5fb7\u5cf6\u5dde", "FCLASS_ISO": null, "FCLASS_US": null, "FCLASS_FR": null, "FCLASS_RU": null, "FCLASS_ES": null, "FCLASS_CN": null, "FCLASS_TW": null, "FCLASS_IN": null, "FCLASS_NP": null, "FCLASS_PK": null, "FCLASS_DE": null, "FCLASS_GB": null, "FCLASS_BR": null, "FCLASS_IL": null, "FCLASS_PS": null, "FCLASS_SA": null, "FCLASS_EG": null, "FCLASS_MA": null, "FCLASS_PT": null, "FCLASS_AR": null, "FCLASS_JP": null, "FCLASS_KO": null, "FCLASS_VN": null, "FCLASS_TR": null, "FCLASS_ID": null, "FCLASS_PL": null, "FCLASS_GR": null, "FCLASS_IT": null, "FCLASS_NL": null, "FCLASS_SE": null, "FCLASS_BD": null, "FCLASS_UA": null, "FCLASS_TLC": null}, "bbox": [-71.853826, 41.320036, -71.120382, 42.02436], "geometry": {"type": "Polygon", "coordinates": [[[-71.853826, 41.320036], [-71.853826, 41.320036]]]}}, {"type": "Feature", "properties": {"featurecla": "Admin-1 scale rank", "scalerank": 2, "adm1_code": "USA-3540", "diss_me": 3540, "iso_3166_2": "US-VT", "wikipedia": "http://en.wikipedia.org/wiki/Vermont", "iso_a2": "US", "adm0_sr": 1, "name": "Vermont", "name_alt": "VT", "name_local": null, "type": "State", "type_en": "State", "code_local": "US50", "code_hasc": "US.VT", "note": null, "hasc_maybe": null, "region": "Northeast", "region_cod": null, "provnum_ne": 0, "gadm_level": 1, "check_me": 20, "datarank": 1, "abbrev": "Vt.", "postal": "VT", "area_sqkm": 0, "sameascity": -99, "labelrank": 0, "name_len": 7, "mapcolor9": 1, "mapcolor13": 1, "fips": "US50", "fips_alt": null, "woe_id": 2347604, "woe_label": "Vermont, US, United States", "woe_name": "Vermont", "latitude": 44.0886, "longitude": -72.7317, "sov_a3": "US1", "adm0_a3": "USA", "adm0_label": 2, "admin": "United States of America", "geonunit": "United States of America", "gu_a3": "USA", "gn_id": 5242283, "gn_name": "Vermont", "gns_id": -1, "gns_name": null, "gn_level": 1, "gn_region": null, "gn_a1_code": "US.VT", "region_sub": "New England", "sub_code": null, "gns_level": -1, "gns_lang": null, "gns_adm1": null, "gns_region": null, "min_label": 3.5, "max_label": 7.5, "min_zoom": 2, "wikidataid": "Q16551", "name_ar": "\u0641\u064a\u0631\u0645\u0648\u0646\u062a", "name_bn": "\u09ad\u09be\u09b0\u09cd\u09ae\u09a8\u09cd\u099f", "name_de": "Vermont", "name_en": "Vermont", "name_es": "Vermont", "name_fr": "Vermont", "name_el": "\u0392\u03b5\u03c1\u03bc\u03cc\u03bd\u03c4", "name_hi": "\u0935\u0930\u094d\u092e\u093e\u0902\u091f", "name_hu": "Vermont", "name_id": "Vermont", "name_it": "Vermont", "name_ja": "\u30d0\u30fc\u30e2\u30f3\u30c8\u5dde", "name_ko": "\ubc84\ubaac\ud2b8", "name_nl": "Vermont", "name_pl": "Vermont", "name_pt": "Vermont", "name_ru": "\u0412\u0435\u0440\u043c\u043e\u043d\u0442", "name_sv": "Vermont", "name_tr": "Vermont", "name_vi": "Vermont", "name_zh": "\u4f5b\u8499\u7279\u5dde", "ne_id": 1159315305, "name_he": "\u05d5\u05e8\u05de\u05d5\u05e0\u05d8", "name_uk": "\u0412\u0435\u0440\u043c\u043e\u043d\u0442", "name_ur": "\u0648\u0631\u0645\u0648\u0646\u0679", "name_fa": "\u0648\u0631\u0645\u0648\u0646\u062a", "name_zht": "\u4f5b\u8499\u7279\u5dde", "FCLASS_ISO": null, "FCLASS_US": null, "FCLASS_FR": null, "FCLASS_RU": null, "FCLASS_ES": null, "FCLASS_CN": null, "FCLASS_TW": null, "FCLASS_IN": null, "FCLASS_NP": null, "FCLASS_PK": null, "FCLASS_DE": null, "FCLASS_GB": null, "FCLASS_BR": null, "FCLASS_IL": null, "FCLASS_PS": null, "FCLASS_SA": null, "FCLASS_EG": null, "FCLASS_MA": null, "FCLASS_PT": null, "FCLASS_AR": null, "FCLASS_JP": null, "FCLASS_KO": null, "FCLASS_VN": null, "FCLASS_TR": null, "FCLASS_ID": null, "FCLASS_PL": null, "FCLASS_GR": null, "FCLASS_IT": null, "FCLASS_NL": null, "FCLASS_SE": null, "FCLASS_BD": null, "FCLASS_UA": null, "FCLASS_TLC": null}, "bbox": [-73.429673, 42.727082, -71.503511, 45.008312], "geometry": {"type": "Polygon", "coordinates": [[[-72.45707, 42.727082], [-73.384172, 44.379152], [-71.585522, 44.468035], [-72.403611, 43.285369], [-72.45707, 42.727082]]]}}, {"type": "Feature", "properties": {"featurecla": "Admin-1 scale rank", "scalerank": 2, "adm1_code": "USA-3541", "diss_me": 3541, "iso_3166_2": "US-AL", "wikipedia": "http://en.wikipedia.org/wiki/Alabama", "iso_a2": "US", "adm0_sr": 5, "name": "Alabama", "name_alt": "AL|Ala.", "name_local": null, "type": "State", "type_en": "State", "code_local": "US01", "code_hasc": "US.AL", "note": null, "hasc_maybe": null, "region": "South", "region_cod": null, "provnum_ne": 0, "gadm_level": 1, "check_me": 20, "datarank": 1, "abbrev": "Ala.", "postal": "AL", "area_sqkm": 0, "sameascity": -99, "labelrank": 0, "name_len": 7, "mapcolor9": 1, "mapcolor13": 1, "fips": "US01", "fips_alt": null, "woe_id": 2347559, "woe_label": "Alabama, US, United States", "woe_name": "Alabama", "latitude": 32.8551, "longitude": -86.7184, "sov_a3": "US1", "adm0_a3": "USA", "adm0_label": 2, "admin": "United States of America", "geonunit": "United States of America", "gu_a3": "USA", "gn_id": 4829764, "gn_name": "Alabama", "gns_id": -1, "gns_name": null, "gn_level": 1, "gn_region": null, "gn_a1_code": "US.AL", "region_sub": "East South Central", "sub_code": null, "gns_level": -1, "gns_lang": null, "gns_adm1": null, "gns_region": null, "min_label": 3.5, "max_label": 7.5, "min_zoom": 2, "wikidataid": "Q173", "name_ar": "\u0623\u0644\u0627\u0628\u0627\u0645\u0627", "name_bn": "\u0985\u09cd\u09af\u09be\u09b2\u09be\u09ac\u09be\u09ae\u09be", "name_de": "Alabama", "name_en": "Alabama", "name_es": "Alabama", "name_fr": "Alabama", "name_el": "\u0391\u03bb\u03b1\u03bc\u03c0\u03ac\u03bc\u03b1", "name_hi": "\u0905\u0932\u093e\u092c\u093e\u092e\u093e", "name_hu": "Alabama", "name_id": "Alabama", "name_it": "Alabama", "name_ja": "\u30a2\u30e9\u30d0\u30de\u5dde", "name_ko": "\uc568\ub77c\ubc30\ub9c8", "name_nl": "Alabama", "name_pl": "Alabama", "name_pt": "Alabama", "name_ru": "\u0410\u043b\u0430\u0431\u0430\u043c\u0430", "name_sv": "Alabama", "name_tr": "Alabama", "name_vi": "Alabama", "name_zh": "\u4e9a\u62c9\u5df4\u9a6c\u5dde", "ne_id": 1159315233, "name_he": "\u05d0\u05dc\u05d1\u05de\u05d4", "name_uk": "\u0410\u043b\u0430\u0431\u0430\u043c\u0430", "name_ur": "\u0627\u0644\u0627\u0628\u0627\u0645\u0627", "name_fa": "\u0622\u0644\u0627\u0628\u0627\u0645\u0627", "name_zht": "\u963f\u62c9\u5df4\u99ac\u5dde", "FCLASS_ISO": null, "FCLASS_US": null, "FCLASS_FR": null, "FCLASS_RU": null, "FCLASS_ES": null, "FCLASS_CN": null, "FCLASS_TW": null, "FCLASS_IN": null, "FCLASS_NP": null, "FCLASS_PK": null, "FCLASS_DE": null, "FCLASS_GB": null, "FCLASS_BR": null, "FCLASS_IL": null, "FCLASS_PS": null, "FCLASS_SA": null, "FCLASS_EG": null, "FCLASS_MA": null, "FCLASS_PT": null, "FCLASS_AR": null, "FCLASS_JP": null, "FCLASS_KO": null, "FCLASS_VN": null, "FCLASS_TR": null, "FCLASS_ID": null, "FCLASS_PL": null, "FCLASS_GR": null, "FCLASS_IT": null, "FCLASS_NL": null, "FCLASS_SE": null, "FCLASS_BD": null, "FCLASS_UA": null, "FCLASS_TLC": null}, "bbox": [-88.449531, 30.274199, -84.898843, 34.999673], "geometry": {"type": "Polygon", "coordinates": [[[-88.166964, 34.999673], [-85.119502, 31.7654], [-87.633043, 30.851528], [-88.166964, 34.999673]]]}}, {"type": "Feature", "properties": {"featurecla": "Admin-1 scale rank", "scalerank": 2, "adm1_code": "USA-3542", "diss_me": 3542, "iso_3166_2": "US-FL", "wikipedia": "http://en.wikipedia.org/wiki/Florida", "iso_a2": "US", "adm0_sr": 5, "name": "Florida", "name_alt": "FL|Fla.", "name_local": null, "type": "State", "type_en": "State", "code_local": "US12", "code_hasc": "US.FL", "note": null, "hasc_maybe": null, "region": "South", "region_cod": null, "provnum_ne": 0, "gadm_level": 1, "check_me": 20, "datarank": 8, "abbrev": "Fla.", "postal": "FL", "area_sqkm": 0, "sameascity": -99, "labelrank": 0, "name_len": 7, "mapcolor9": 1, "mapcolor13": 1, "fips": "US12", "fips_alt": null, "woe_id": 2347568, "woe_label": "Florida, US, United States", "woe_name": "Florida", "latitude": 28.1568, "longitude": -81.6228, "sov_a3": "US1", "adm0_a3": "USA", "adm0_label": 2, "admin": "United States of America", "geonunit": "United States of America", "gu_a3": "USA", "gn_id": 4155751, "gn_name": "Florida", "gns_id": -1, "gns_name": null, "gn_level": 1, "gn_region": null, "gn_a1_code": "US.FL", "region_sub": "South Atlantic", "sub_code": null, "gns_level": -1, "gns_lang": null, "gns_adm1": null, "gns_region": null, "min_label": 3.5, "max_label": 7.5, "min_zoom": 2, "wikidataid": "Q812", "name_ar": "\u0641\u0644\u0648\u0631\u064a\u062f\u0627", "name_bn": "\u09ab\u09cd\u09b2\u09cb\u09b0\u09bf\u09a1\u09be", "name_de": "Florida", "name_en": "Florida", "name_es": "Florida", "name_fr": "Floride", "name_el": "\u03a6\u03bb\u03cc\u03c1\u03b9\u03bd\u03c4\u03b1", "name_hi": "\u092b\u093c\u094d\u0932\u094b\u0930\u093f\u0921\u093e", "name_hu": "Florida", "name_id": "Florida", "name_it": "Florida", "name_ja": "\u30d5\u30ed\u30ea\u30c0\u5dde", "name_ko": "\ud50c\ub85c\ub9ac\ub2e4", "name_nl": "Florida", "name_pl": "Floryda", "name_pt": "Fl\u00f3rida", "name_ru": "\u0424\u043b\u043e\u0440\u0438\u0434\u0430", "name_sv": "Florida", "name_tr": "Florida", "name_vi": "Florida", "name_zh": "\u4f5b\u7f57\u91cc\u8fbe\u5dde", "ne_id": 1159315207, "name_he": "\u05e4\u05dc\u05d5\u05e8\u05d9\u05d3\u05d4", "name_uk": "\u0424\u043b\u043e\u0440\u0438\u0434\u0430", "name_ur": "\u0641\u0644\u0648\u0631\u06cc\u0688\u0627", "name_fa": "\u0641\u0644\u0648\u0631\u06cc\u062f\u0627", "name_zht": "\u4f5b\u7f85\u91cc\u9054\u5dde", "FCLASS_ISO": null, "FCLASS_US": null, "FCLASS_FR": null, "FCLASS_RU": null, "FCLASS_ES": null, "FCLASS_CN": null, "FCLASS_TW": null, "FCLASS_IN": null, "FCLASS_NP": null, "FCLASS_PK": null, "FCLASS_DE": null, "FCLASS_GB": null, "FCLASS_BR": null, "FCLASS_IL": null, "FCLASS_PS": null, "FCLASS_SA": null, "FCLASS_EG": null, "FCLASS_MA": null, "FCLASS_PT": null, "FCLASS_AR": null, "FCLASS_JP": null, "FCLASS_KO": null, "FCLASS_VN": null, "FCLASS_TR": null, "FCLASS_ID": null, "FCLASS_PL": null, "FCLASS_GR": null, "FCLASS_IT": null, "FCLASS_NL": null, "FCLASS_SE": null, "FCLASS_BD": null, "FCLASS_UA": null, "FCLASS_TLC": null}, "bbox": [-87.633043, 25.079916, -80.056539, 30.990693], "geometry": {"type": "Polygon", "coordinates": [[[-87.530388, 30.274199], [-83.8479, 30.675311], [-81.31371, 30.03552], [-80.679799, 25.079916], [-82.93, 29.1], [-87.530388, 30.274199]]]}}, {"type": "Feature", "properties": {"featurecla": "Admin-1 scale rank", "scalerank": 2, "adm1_code": "USA-3543", "diss_me": 3543, "iso_3166_2": "US-GA", "wikipedia": "http://en.wikipedia.org/wiki/Georgia_(U.S._state)", "iso_a2": "US", "adm0_sr": 6, "name": "Georgia", "name_alt": "GA|Ga.", "name_local": null, "type": "State", "type_en": "State", "code_local": "US13", "code_hasc": "US.GA", "note": null, "hasc_maybe": null, "region": "South", "region_cod": null, "provnum_ne": 0, "gadm_level": 1, "check_me": 20, "datarank": 1, "abbrev": "Ga.", "postal": "GA", "area_sqkm": 0, "sameascity": -99, "labelrank": 0, "name_len": 7, "mapcolor9": 1, "mapcolor13": 1, "fips": "US13", "fips_alt": null, "woe_id": 2347569, "woe_label": "Georgia, US, United States", "woe_name": "Georgia", "latitude": 32.8547, "longitude": -83.4078, "sov_a3": "US1", "adm0_a3": "USA", "adm0_label": 2, "admin": "United States of America", "geonunit": "United States of America", "gu_a3": "USA", "gn_id": 4197000, "gn_name": "Georgia", "gns_id": -1, "gns_name": null, "gn_level": 1, "gn_region": null, "gn_a1_code": "US.GA", "region_sub": "South Atlantic", "sub_code": null, "gns_level": -1, "gns_lang": null, "gns_adm1": null, "gns_region": null, "min_label": 3.5, "max_label": 7.5, "min_zoom": 2, "wikidataid": "Q1428", "name_ar": "\u062c\u0648\u0631\u062c\u064a\u0627", "name_bn": "\u099c\u09b0\u09cd\u099c\u09bf\u09af\u09bc\u09be", "name_de": "Georgia", "name_en": "Georgia", "name_es": "Georgia", "name_fr": "G\u00e9orgie", "name_el": "\u03a4\u03b6\u03cc\u03c1\u03c4\u03b6\u03b9\u03b1", "name_hi": "\u091c\u0949\u0930\u094d\u091c\u093f\u092f\u093e", "name_hu": "Georgia", "name_id": "Georgia", "name_it": "Georgia", "name_ja": "\u30b8\u30e7\u30fc\u30b8\u30a2\u5dde", "name_ko": "\uc870\uc9c0\uc544", "name_nl": "Georgia", "name_pl": "Georgia", "name_pt": "Ge\u00f3rgia", "name_ru": "\u0414\u0436\u043e\u0440\u0434\u0436\u0438\u044f", "name_sv": "Georgia", "name_tr": "Georgia", "name_vi": "Georgia", "name_zh": "\u4f50\u6cbb\u4e9a\u5dde", "ne_id": 1159311857, "name_he": "\u05d2'\u05d5\u05e8\u05d2'\u05d9\u05d4", "name_uk": "\u0414\u0436\u043e\u0440\u0434\u0436\u0456\u044f", "name_ur": "\u0631\u06cc\u0627\u0633\u062a \u062c\u0627\u0631\u062c\u06cc\u0627", "name_fa": "\u062c\u0648\u0631\u062c\u06cc\u0627", "name_zht": "\u55ac\u6cbb\u4e9e\u5dde", "FCLASS_ISO": null, "FCLASS_US": null, "FCLASS_FR": null, "FCLASS_RU": null, "FCLASS_ES": null, "FCLASS_CN": null, "FCLASS_TW": null, "FCLASS_IN": null, "FCLASS_NP": null, "FCLASS_PK": null, "FCLASS_DE": null, "FCLASS_GB": null, "FCLASS_BR": null, "FCLASS_IL": null, "FCLASS_PS": null, "FCLASS_SA": null, "FCLASS_EG": null, "FCLASS_MA": null, "FCLASS_PT": null, "FCLASS_AR": null, "FCLASS_JP": null, "FCLASS_KO": null, "FCLASS_VN": null, "FCLASS_TR": null, "FCLASS_ID": null, "FCLASS_PL": null, "FCLASS_GR": null, "FCLASS_IT": null, "FCLASS_NL": null, "FCLASS_SE": null, "FCLASS_BD": null, "FCLASS_UA": null, "FCLASS_TLC": null}, "bbox": [-85.625388, 30.350938, -80.865007, 34.98696], "geometry": {"type": "Polygon", "coordinates": [[[-85.005193, 30.990693], [-84.986151, 32.437969], [-83.346251, 34.706512], [-81.827015, 33.223244], [-81.036443, 32.084476], [-82.151931, 30.350938], [-85.005193, 30.990693]]]}}, {"type": "Feature", "properties": {"featurecla": "Admin-1 scale rank", "scalerank": 2, "adm1_code": "USA-3544", "diss_me": 3544, "iso_3166_2": "US-MS", "wikipedia": "http://en.wikipedia.org/wiki/Mississippi", "iso_a2": "US", "adm0_sr": 5, "name": "Mississippi", "name_alt": "MS|Miss.", "name_local": null, "type": "State", "type_en": "State", "code_local": "US28", "code_hasc": "US.MS", "note": null, "hasc_maybe": null, "region": "South", "region_cod": null, "provnum_ne": 0, "gadm_level": 1, "check_me": 20, "datarank": 1, "abbrev": "Miss.", "postal": "MS", "area_sqkm": 0, "sameascity": -99, "labelrank": 0, "name_len": 11, "mapcolor9": 1, "mapcolor13": 1, "fips": "US28", "fips_alt": null, "woe_id": 2347583, "woe_label": "Mississippi, US, United States", "woe_name": "Mississippi", "latitude": 32.8657, "longitude": -89.7189, "sov_a3": "US1", "adm0_a3": "USA", "adm0_label": 2, "admin": "United States of America", "geonunit": "United States of America", "gu_a3": "USA", "gn_id": 4436296, "gn_name": "Mississippi", "gns_id": -1, "gns_name": null, "gn_level": 1, "gn_region": null, "gn_a1_code": "US.MS", "region_sub": "East South Central", "sub_code": null, "gns_level": -1, "gns_lang": null, "gns_adm1": null, "gns_region": null, "min_label": 3.5, "max_label": 7.5, "min_zoom": 2, "wikidataid": "Q1494", "name_ar": "\u0645\u0633\u064a\u0633\u064a\u0628\u064a", "name_bn": "\u09ae\u09bf\u09b8\u09bf\u09b8\u09bf\u09aa\u09bf", "name_de": "Mississippi", "name_en": "Mississippi", "name_es": "Misisipi", "name_fr": "Mississippi", "name_el": "\u039c\u03b9\u03c3\u03b9\u03c3\u03af\u03c0\u03b9", "name_hi": "\u092e\u093f\u0938\u093f\u0938\u093f\u092a\u094d\u092a\u0940", "name_hu": "Mississippi", "name_id": "Mississippi", "name_it": "Mississippi", "name_ja": "\u30df\u30b7\u30b7\u30c3\u30d4\u5dde", "name_ko": "\ubbf8\uc2dc\uc2dc\ud53c", "name_nl": "Mississippi", "name_pl": "Missisipi", "name_pt": "Mississippi", "name_ru": "\u041c\u0438\u0441\u0441\u0438\u0441\u0438\u043f\u0438", "name_sv": "Mississippi", "name_tr": "Mississippi", "name_vi": "Mississippi", "name_zh": "\u5bc6\u897f\u897f\u6bd4\u5dde", "ne_id": 1159315231, "name_he": "\u05de\u05d9\u05e1\u05d9\u05e1\u05d9\u05e4\u05d9", "name_uk": "\u041c\u0456\u0441\u0441\u0456\u0441\u0456\u043f\u0456", "name_ur": "\u0645\u0633\u06cc\u0633\u067e\u06cc", "name_fa": "\u0645\u06cc\u0633\u06cc\u0633\u06cc\u067e\u06cc", "name_zht": "\u5bc6\u897f\u897f\u6bd4\u5dde", "FCLASS_ISO": null, "FCLASS_US": null, "FCLASS_FR": null, "FCLASS_RU": null, "FCLASS_ES": null, "FCLASS_CN": null, "FCLASS_TW": null, "FCLASS_IN": null, "FCLASS_NP": null, "FCLASS_PK": null, "FCLASS_DE": null, "FCLASS_GB": null, "FCLASS_BR": null, "FCLASS_IL": null, "FCLASS_PS": null, "FCLASS_SA": null, "FCLASS_EG": null, "FCLASS_MA": null, "FCLASS_PT": null, "FCLASS_AR": null, "FCLASS_JP": null, "FCLASS_KO": null, "FCLASS_VN": null, "FCLASS_TR": null, "FCLASS_ID": null, "FCLASS_PL": null, "FCLASS_GR": null, "FCLASS_IT": null, "FCLASS_NL": null, "FCLASS_SE": null, "FCLASS_BD": null, "FCLASS_UA": null, "FCLASS_TLC": null}, "bbox": [-91.624531, 30.159994, -88.095522, 35.021351], "geometry": {"type": "Polygon", "coordinates": [[[-91.156239, 33.010001], [-90.450313, 34.72186], [-88.449531, 31.91198], [-89.658682, 30.440881], [-91.50229, 31.408729], [-91.175799, 32.808385], [-91.156239, 33.010001]]]}}, {"type": "Feature", "properties": {"featurecla": "Admin-1 scale rank", "scalerank": 2, "adm1_code": "USA-3545", "diss_me": 3545, "iso_3166_2": "US-SC", "wikipedia": "http://en.wikipedia.org/wiki/South_Carolina", "iso_a2": "US", "adm0_sr": 1, "name": "South Carolina", "name_alt": "SC|S.C.", "name_local": null, "type": "State", "type_en": "State", "code_local": "US45", "code_hasc": "US.SC", "note": null, "hasc_maybe": null, "region": "South", "region_cod": null, "provnum_ne": 0, "gadm_level": 1, "check_me": 20, "datarank": 1, "abbrev": "S.C.", "postal": "SC", "area_sqkm": 0, "sameascity": -99, "labelrank": 0, "name_len": 14, "mapcolor9": 1, "mapcolor13": 1, "fips": "US45", "fips_alt": null, "woe_id": 2347599, "woe_label": "South Carolina, US, United States", "woe_name": "South Carolina", "latitude": 33.8578, "longitude": -80.6471, "sov_a3": "US1", "adm0_a3": "USA", "adm0_label": 2, "admin": "United States of America", "geonunit": "United States of America", "gu_a3": "USA", "gn_id": 4597040, "gn_name": "South Carolina", "gns_id": -1, "gns_name": null, "gn_level": 1, "gn_region": null, "gn_a1_code": "US.SC", "region_sub": "South Atlantic", "sub_code": null, "gns_level": -1, "gns_lang": null, "gns_adm1": null, "gns_region": null, "min_label": 3.5, "max_label": 7.5, "min_zoom": 2, "wikidataid": "Q1456", "name_ar": "\u0643\u0627\u0631\u0648\u0644\u0627\u064a\u0646\u0627 \u0627\u0644\u062c\u0646\u0648\u0628\u064a\u0629", "name_bn": "\u09b8\u09be\u0989\u09a5 \u0995\u09cd\u09af\u09be\u09b0\u09cb\u09b2\u09be\u0987\u09a8\u09be", "name_de": "South Carolina", "name_en": "South Carolina", "name_es": "Carolina del Sur", "name_fr": "Caroline du Sud", "name_el": "\u039d\u03cc\u03c4\u03b9\u03b1 \u039a\u03b1\u03c1\u03bf\u03bb\u03af\u03bd\u03b1", "name_hi": "\u0926\u0915\u094d\u0937\u093f\u0923\u0940 \u0915\u0947\u0930\u094b\u0932\u093e\u0907\u0928\u093e", "name_hu": "D\u00e9l-Karolina", "name_id": "Carolina Selatan", "name_it": "Carolina del Sud", "name_ja": "\u30b5\u30a6\u30b9\u30ab\u30ed\u30e9\u30a4\u30ca\u5dde", "name_ko": "\uc0ac\uc6b0\uc2a4\uce90\ub864\ub77c\uc774\ub098", "name_nl": "South Carolina", "name_pl": "Karolina Po\u0142udniowa", "name_pt": "Carolina do Sul", "name_ru": "\u042e\u0436\u043d\u0430\u044f \u041a\u0430\u0440\u043e\u043b\u0438\u043d\u0430", "name_sv": "South Carolina", "name_tr": "G\u00fcney Karolina", "name_vi": "Nam Carolina", "name_zh": "\u5357\u5361\u7f57\u6765\u7eb3\u5dde", "ne_id": 1159315307, "name_he": "\u05e7\u05e8\u05d5\u05dc\u05d9\u05d9\u05e0\u05d4 \u05d4\u05d3\u05e8\u05d5\u05de\u05d9\u05ea", "name_uk": "\u041f\u0456\u0432\u0434\u0435\u043d\u043d\u0430 \u041a\u0430\u0440\u043e\u043b\u0456\u043d\u0430", "name_ur": "\u062c\u0646\u0648\u0628\u06cc \u06a9\u06cc\u0631\u0648\u0644\u06cc\u0646\u0627", "name_fa": "\u06a9\u0627\u0631\u0648\u0644\u06cc\u0646\u0627\u06cc \u062c\u0646\u0648\u0628\u06cc", "name_zht": "\u5357\u5361\u7f85\u840a\u7d0d\u5dde", "FCLASS_ISO": null, "FCLASS_US": null, "FCLASS_FR": null, "FCLASS_RU": null, "FCLASS_ES": null, "FCLASS_CN": null, "FCLASS_TW": null, "FCLASS_IN": null, "FCLASS_NP": null, "FCLASS_PK": null, "FCLASS_DE": null, "FCLASS_GB": null, "FCLASS_BR": null, "FCLASS_IL": null, "FCLASS_PS": null, "FCLASS_SA": null, "FCLASS_EG": null, "FCLASS_MA": null, "FCLASS_PT": null, "FCLASS_AR": null, "FCLASS_JP": null, "FCLASS_KO": null, "FCLASS_VN": null, "FCLASS_TR": null, "FCLASS_ID": null, "FCLASS_PL": null, "FCLASS_GR": null, "FCLASS_IT": null, "FCLASS_NL": null, "FCLASS_SE": null, "FCLASS_BD": null, "FCLASS_UA": null, "FCLASS_TLC": null}, "bbox": [-83.346251, 32.033161, -78.554114, 35.180101], "geometry": {"type": "Polygon", "coordinates": [[[-80.865007, 32.033161], [-81.507397, 33.021628], [-83.076371, 34.540347], [-81.03802, 35.037242], [-80.301325, 32.509355], [-80.865007, 32.033161]]]}}, {"type": "Feature", "properties": {"featurecla": "Admin-1 scale rank", "scalerank": 2, "adm1_code": "USA-3546", "diss_me": 3546, "iso_3166_2": "US-IL", "wikipedia": "http://en.wikipedia.org/wiki/Illinois", "iso_a2": "US", "adm0_sr": 1, "name": "Illinois", "name_alt": "IL|Ill.", "name_local": null, "type": "State", "type_en": "State", "code_local": "US17", "code_hasc": "US.IL", "note": null, "hasc_maybe": null, "region": "Midwest", "region_cod": null, "provnum_ne": 0, "gadm_level": 1, "check_me": 20, "datarank": 1, "abbrev": "Ill.", "postal": "IL", "area_sqkm": 0, "sameascity": -99, "labelrank": 0, "name_len": 8, "mapcolor9": 1, "mapcolor13": 1, "fips": "US17", "fips_alt": null, "woe_id": 2347572, "woe_label": "Illinois, US, United States", "woe_name": "Illinois", "latitude": 39.946, "longitude": -89.1991, "sov_a3": "US1", "adm0_a3": "USA", "adm0_label": 2, "admin": "United States of America", "geonunit": "United States of America", "gu_a3": "USA", "gn_id": 4896861, "gn_name": "Illinois", "gns_id": -1, "gns_name": null, "gn_level": 1, "gn_region": null, "gn_a1_code": "US.IL", "region_sub": "East North Central", "sub_code": null, "gns_level": -1, "gns_lang": null, "gns_adm1": null, "gns_region": null, "min_label": 3.5, "max_label": 7.5, "min_zoom": 2, "wikidataid": "Q1204", "name_ar": "\u0625\u0644\u064a\u0646\u0648\u064a", "name_bn": "\u0987\u09b2\u09bf\u09a8\u09af\u09bc", "name_de": "Illinois", "name_en": "Illinois", "name_es": "Illinois", "name_fr": "Illinois", "name_el": "\u0399\u03bb\u03b9\u03bd\u03cc\u03b9", "name_hi": "\u0907\u0932\u093f\u0928\u0949\u092f", "name_hu": "Illinois", "name_id": "Illinois", "name_it": "Illinois", "name_ja": "\u30a4\u30ea\u30ce\u30a4\u5dde", "name_ko": "\uc77c\ub9ac\ub178\uc774", "name_nl": "Illinois", "name_pl": "Illinois", "name_pt": "Illinois", "name_ru": "\u0418\u043b\u043b\u0438\u043d\u043e\u0439\u0441", "name_sv": "Illinois", "name_tr": "Illinois", "name_vi": "Illinois", "name_zh": "\u4f0a\u5229\u8bfa\u4f0a\u5dde", "ne_id": 1159315309, "name_he": "\u05d0\u05d9\u05dc\u05d9\u05e0\u05d5\u05d9", "name_uk": "\u0406\u043b\u043b\u0456\u043d\u043e\u0439\u0441", "name_ur": "\u0627\u0644\u06cc\u0646\u0648\u0627\u0626\u06d2", "name_fa": "\u0627\u06cc\u0644\u06cc\u0646\u0648\u06cc", "name_zht": "\u4f0a\u5229\u8afe\u5dde", "FCLASS_ISO": null, "FCLASS_US": null, "FCLASS_FR": null, "FCLASS_RU": null, "FCLASS_ES": null, "FCLASS_CN": null, "FCLASS_TW": null, "FCLASS_IN": null, "FCLASS_NP": null, "FCLASS_PK": null, "FCLASS_DE": null, "FCLASS_GB": null, "FCLASS_BR": null, "FCLASS_IL": null, "FCLASS_PS": null, "FCLASS_SA": null, "FCLASS_EG": null, "FCLASS_MA": null, "FCLASS_PT": null, "FCLASS_AR": null, "FCLASS_JP": null, "FCLASS_KO": null, "FCLASS_VN": null, "FCLASS_TR": null, "FCLASS_ID": null, "FCLASS_PL": null, "FCLASS_GR": null, "FCLASS_IT": null, "FCLASS_NL": null, "FCLASS_SE": null, "FCLASS_BD": null, "FCLASS_UA": null, "FCLASS_TLC": null}, "bbox": [-91.517638, 36.952293, -87.039307, 42.505364], "geometry": {"type": "Polygon", "coordinates": [[[-91.430331, 40.368596], [-90.690557, 41.478786], [-90.582605, 42.429168], [-87.084808, 42.309562], [-87.52721, 40.550083], [-87.878558, 38.290557], [-88.435242, 37.136442], [-89.516339, 37.326921], [-90.305335, 38.439256], [-90.841375, 39.310779], [-91.430331, 40.368596]]]}}, {"type": "Feature", "properties": {"featurecla": "Admin-1 scale rank", "scalerank": 2, "adm1_code": "USA-3547", "diss_me": 3547, "iso_3166_2": "US-IN", "wikipedia": "http://en.wikipedia.org/wiki/Indiana", "iso_a2": "US", "adm0_sr": 1, "name": "Indiana", "name_alt": "IN|Ind.", "name_local": null, "type": "State", "type_en": "State", "code_local": "US18", "code_hasc": "US.IN", "note": null, "hasc_maybe": null, "region": "Midwest", "region_cod": null, "provnum_ne": 0, "gadm_level": 1, "check_me": 20, "datarank": 1, "abbrev": "Ind.", "postal": "IN", "area_sqkm": 0, "sameascity": -99, "labelrank": 0, "name_len": 7, "mapcolor9": 1, "mapcolor13": 1, "fips": "US18", "fips_alt": null, "woe_id": 2347573, "woe_label": "Indiana, US, United States", "woe_name": "Indiana", "latitude": 39.8874, "longitude": -86.1396, "sov_a3": "US1", "adm0_a3": "USA", "adm0_label": 2, "admin": "United States of America", "geonunit": "United States of America", "gu_a3": "USA", "gn_id": 4921868, "gn_name": "Indiana", "gns_id": -1, "gns_name": null, "gn_level": 1, "gn_region": null, "gn_a1_code": "US.IN", "region_sub": "East North Central", "sub_code": null, "gns_level": -1, "gns_lang": null, "gns_adm1": null, "gns_region": null, "min_label": 3.5, "max_label": 7.5, "min_zoom": 2, "wikidataid": "Q1415", "name_ar": "\u0625\u0646\u062f\u064a\u0627\u0646\u0627", "name_bn": "\u0987\u09a8\u09cd\u09a1\u09bf\u09af\u09bc\u09be\u09a8\u09be", "name_de": "Indiana", "name_en": "Indiana", "name_es": "Indiana", "name_fr": "Indiana", "name_el": "\u0399\u03bd\u03c4\u03b9\u03ac\u03bd\u03b1", "name_hi": "\u0907\u0902\u0921\u093f\u092f\u093e\u0928\u093e", "name_hu": "Indiana", "name_id": "Indiana", "name_it": "Indiana", "name_ja": "\u30a4\u30f3\u30c7\u30a3\u30a2\u30ca\u5dde", "name_ko": "\uc778\ub514\uc560\ub098", "name_nl": "Indiana", "name_pl": "Indiana", "name_pt": "Indiana", "name_ru": "\u0418\u043d\u0434\u0438\u0430\u043d\u0430", "name_sv": "Indiana", "name_tr": "Indiana", "name_vi": "Indiana", "name_zh": "\u5370\u7b2c\u5b89\u7eb3\u5dde", "ne_id": 1159315311, "name_he": "\u05d0\u05d9\u05e0\u05d3\u05d9\u05d0\u05e0\u05d4", "name_uk": "\u0406\u043d\u0434\u0456\u0430\u043d\u0430", "name_ur": "\u0627\u0646\u0688\u06cc\u0627\u0646\u0627", "name_fa": "\u0627\u06cc\u0646\u062f\u06cc\u0627\u0646\u0627", "name_zht": "\u5370\u7b2c\u5b89\u7eb3\u5dde", "FCLASS_ISO": null, "FCLASS_US": null, "FCLASS_FR": null, "FCLASS_RU": null, "FCLASS_ES": null, "FCLASS_CN": null, "FCLASS_TW": null, "FCLASS_IN": null, "FCLASS_NP": null, "FCLASS_PK": null, "FCLASS_DE": null, "FCLASS_GB": null, "FCLASS_BR": null, "FCLASS_IL": null, "FCLASS_PS": null, "FCLASS_SA": null, "FCLASS_EG": null, "FCLASS_MA": null, "FCLASS_PT": null, "FCLASS_AR": null, "FCLASS_JP": null, "FCLASS_KO": null, "FCLASS_VN": null, "FCLASS_TR": null, "FCLASS_ID": null, "FCLASS_PL": null, "FCLASS_GR": null, "FCLASS_IT": null, "FCLASS_NL": null, "FCLASS_SE": null, "FCLASS_BD": null, "FCLASS_UA": null, "FCLASS_TLC": null}, "bbox": [-88.05108, 37.783611, -84.799883, 41.760836], "geometry": {"type": "Polygon", "coordinates": [[[-88.05108, 37.819604], [-87.642035, 39.113944], [-86.918126, 41.760836], [-84.82368, 39.106528], [-85.566632, 38.461994], [-86.825522, 37.976235], [-88.05108, 37.819604]]]}}, {"type": "Feature", "properties": {"featurecla": "Admin-1 scale rank", "scalerank": 2, "adm1_code": "USA-3548", "diss_me": 3548, "iso_3166_2": "US-KY", "wikipedia": "http://en.wikipedia.org/wiki/Kentucky", "iso_a2": "US", "adm0_sr": 1, "name": "Kentucky", "name_alt": "Commonwealth of Kentucky|KY", "name_local": null, "type": "State", "type_en": "State", "code_local": "US21", "code_hasc": "US.KY", "note": null, "hasc_maybe": "US.IN|USA-KEN", "region": "South", "region_cod": null, "provnum_ne": 0, "gadm_level": 1, "check_me": 20, "datarank": 1, "abbrev": "Ky.", "postal": "KY", "area_sqkm": 0, "sameascity": -99, "labelrank": 0, "name_len": 8, "mapcolor9": 1, "mapcolor13": 1, "fips": "US21", "fips_alt": "US18", "woe_id": 2347576, "woe_label": "Kentucky, US, United States", "woe_name": "Kentucky", "latitude": 37.3994, "longitude": -85.5729, "sov_a3": "US1", "adm0_a3": "USA", "adm0_label": 2, "admin": "United States of America", "geonunit": "United States of America", "gu_a3": "USA", "gn_id": 6254925, "gn_name": "Kentucky", "gns_id": -1, "gns_name": null, "gn_level": 1, "gn_region": null, "gn_a1_code": "US.KY", "region_sub": "East South Central", "sub_code": null, "gns_level": -1, "gns_lang": null, "gns_adm1": null, "gns_region": null, "min_label": 3.5, "max_label": 7.5, "min_zoom": 2, "wikidataid": "Q1603", "name_ar": "\u0643\u0646\u062a\u0627\u0643\u064a", "name_bn": "\u0995\u09c7\u09a8\u09cd\u099f\u09be\u0995\u09bf", "name_de": "Kentucky", "name_en": "Kentucky", "name_es": "Kentucky", "name_fr": "Kentucky", "name_el": "\u039a\u03b5\u03bd\u03c4\u03ac\u03ba\u03b9", "name_hi": "\u0915\u0947\u0928\u094d\u091f\u0915\u0940", "name_hu": "Kentucky", "name_id": "Kentucky", "name_it": "Kentucky", "name_ja": "\u30b1\u30f3\u30bf\u30c3\u30ad\u30fc\u5dde", "name_ko": "\ucf04\ud130\ud0a4", "name_nl": "Kentucky", "name_pl": "Kentucky", "name_pt": "Kentucky", "name_ru": "\u041a\u0435\u043d\u0442\u0443\u043a\u043a\u0438", "name_sv": "Kentucky", "name_tr": "Kentucky", "name_vi": "Kentucky", "name_zh": "\u80af\u5854\u57fa\u5dde", "ne_id": 1159315313, "name_he": "\u05e7\u05e0\u05d8\u05e7\u05d9", "name_uk": "\u041a\u0435\u043d\u0442\u0443\u043a\u043a\u0456", "name_ur": "\u06a9\u06cc\u0646\u0679\u06a9\u06cc", "name_fa": "\u06a9\u0646\u062a\u0627\u06a9\u06cc", "name_zht": "\u80af\u5854\u57fa\u5dde", "FCLASS_ISO": null, "FCLASS_US": null, "FCLASS_FR": null, "FCLASS_RU": null, "FCLASS_ES": null, "FCLASS_CN": null, "FCLASS_TW": null, "FCLASS_IN": null, "FCLASS_NP": null, "FCLASS_PK": null, "FCLASS_DE": null, "FCLASS_GB": null, "FCLASS_BR": null, "FCLASS_IL": null, "FCLASS_PS": null, "FCLASS_SA": null, "FCLASS_EG": null, "FCLASS_MA": null, "FCLASS_PT": null, "FCLASS_AR": null, "FCLASS_JP": null, "FCLASS_KO": null, "FCLASS_VN": null, "FCLASS_TR": null, "FCLASS_ID": null, "FCLASS_PL": null, "FCLASS_GR": null, "FCLASS_IT": null, "FCLASS_NL": null, "FCLASS_SE": null, "FCLASS_BD": null, "FCLASS_UA": null, "FCLASS_TLC": null}, "bbox": [-89.498356, 36.497204, -81.972536, 39.106528], "geometry": {"type": "Polygon", "coordinates": [[[-89.498356, 36.506196], [-88.566475, 37.053888], [-87.921424, 37.793662], [-86.499573, 37.969879], [-85.404187, 38.72712], [-84.30459, 38.986923], [-82.775278, 38.511216], [-81.972536, 37.535952], [-83.073353, 36.822609], [-85.231149, 36.60991], [-88.069606, 36.497204], [-89.498356, 36.506196]]]}}, {"type": "Feature", "properties": {"featurecla": "Admin-1 scale rank", "scalerank": 2, "adm1_code": "USA-3549", "diss_me": 3549, "iso_3166_2": "US-NC", "wikipedia": "http://en.wikipedia.org/wiki/North_Carolina", "iso_a2": "US", "adm0_sr": 5, "name": "North Carolina", "name_alt": "NC|N.C.", "name_local": null, "type": "State", "type_en": "State", "code_local": "US37", "code_hasc": "US.NC", "note": null, "hasc_maybe": null, "region": "South", "region_cod": null, "provnum_ne": 0, "gadm_level": 1, "check_me": 20, "datarank": 1, "abbrev": "N.C.", "postal": "NC", "area_sqkm": 0, "sameascity": -99, "labelrank": 0, "name_len": 14, "mapcolor9": 1, "mapcolor13": 1, "fips": "US37", "fips_alt": null, "woe_id": 2347592, "woe_label": "North Carolina, US, United States", "woe_name": "North Carolina", "latitude": 35.6152, "longitude": -78.866, "sov_a3": "US1", "adm0_a3": "USA", "adm0_label": 2, "admin": "United States of America", "geonunit": "United States of America", "gu_a3": "USA", "gn_id": 4482348, "gn_name": "North Carolina", "gns_id": -1, "gns_name": null, "gn_level": 1, "gn_region": null, "gn_a1_code": "US.NC", "region_sub": "South Atlantic", "sub_code": null, "gns_level": -1, "gns_lang": null, "gns_adm1": null, "gns_region": null, "min_label": 3.5, "max_label": 7.5, "min_zoom": 2, "wikidataid": "Q1454", "name_ar": "\u0643\u0627\u0631\u0648\u0644\u0627\u064a\u0646\u0627 \u0627\u0644\u0634\u0645\u0627\u0644\u064a\u0629", "name_bn": "\u09a8\u09b0\u09cd\u09a5 \u0995\u09cd\u09af\u09be\u09b0\u09cb\u09b2\u09be\u0987\u09a8\u09be", "name_de": "North Carolina", "name_en": "North Carolina", "name_es": "Carolina del Norte", "name_fr": "Caroline du Nord", "name_el": "\u0392\u03cc\u03c1\u03b5\u03b9\u03b1 \u039a\u03b1\u03c1\u03bf\u03bb\u03af\u03bd\u03b1", "name_hi": "\u0909\u0924\u094d\u0924\u0930\u0940 \u0915\u0947\u0930\u094b\u0932\u093f\u0928\u093e", "name_hu": "\u00c9szak-Karolina", "name_id": "Carolina Utara", "name_it": "Carolina del Nord", "name_ja": "\u30ce\u30fc\u30b9\u30ab\u30ed\u30e9\u30a4\u30ca\u5dde", "name_ko": "\ub178\uc2a4\uce90\ub864\ub77c\uc774\ub098", "name_nl": "North Carolina", "name_pl": "Karolina P\u00f3\u0142nocna", "name_pt": "Carolina do Norte", "name_ru": "\u0421\u0435\u0432\u0435\u0440\u043d\u0430\u044f \u041a\u0430\u0440\u043e\u043b\u0438\u043d\u0430", "name_sv": "North Carolina", "name_tr": "Kuzey Karolina", "name_vi": "B\u1eafc Carolina", "name_zh": "\u5317\u5361\u7f57\u6765\u7eb3\u5dde", "ne_id": 1159314887, "name_he": "\u05e7\u05e8\u05d5\u05dc\u05d9\u05d9\u05e0\u05d4 \u05d4\u05e6\u05e4\u05d5\u05e0\u05d9\u05ea", "name_uk": "\u041f\u0456\u0432\u043d\u0456\u0447\u043d\u0430 \u041a\u0430\u0440\u043e\u043b\u0456\u043d\u0430", "name_ur": "\u0634\u0645\u0627\u0644\u06cc \u06a9\u06cc\u0631\u0648\u0644\u06cc\u0646\u0627", "name_fa": "\u06a9\u0627\u0631\u0648\u0644\u06cc\u0646\u0627\u06cc \u0634\u0645\u0627\u0644\u06cc", "name_zht": "\u5317\u5361\u7f85\u840a\u7d0d\u5dde", "FCLASS_ISO": null, "FCLASS_US": null, "FCLASS_FR": null, "FCLASS_RU": null, "FCLASS_ES": null, "FCLASS_CN": null, "FCLASS_TW": null, "FCLASS_IN": null, "FCLASS_NP": null, "FCLASS_PK": null, "FCLASS_DE": null, "FCLASS_GB": null, "FCLASS_BR": null, "FCLASS_IL": null, "FCLASS_PS": null, "FCLASS_SA": null, "FCLASS_EG": null, "FCLASS_MA": null, "FCLASS_PT": null, "FCLASS_AR": null, "FCLASS_JP": null, "FCLASS_KO": null, "FCLASS_VN": null, "FCLASS_TR": null, "FCLASS_ID": null, "FCLASS_PL": null, "FCLASS_GR": null, "FCLASS_IT": null, "FCLASS_NL": null, "FCLASS_SE": null, "FCLASS_BD": null, "FCLASS_UA": null, "FCLASS_TLC": null}, "bbox": [-84.320972, 33.861422, -75.72731, 36.585573], "geometry": {"type": "Polygon", "coordinates": [[[-83.076371, 34.979028], [-83.209722, 35.648961], [-81.897399, 36.27391], [-76.941216, 36.545885], [-78.554114, 33.861422], [-82.436616, 35.180101], [-83.076371, 34.979028]]]}}, {"type": "Feature", "properties": {"featurecla": "Admin-1 scale rank", "scalerank": 2, "adm1_code": "USA-3550", "diss_me": 3550, "iso_3166_2": "US-OH", "wikipedia": "http://en.wikipedia.org/wiki/Ohio", "iso_a2": "US", "adm0_sr": 1, "name": "Ohio", "name_alt": "OH|Ohio", "name_local": null, "type": "State", "type_en": "State", "code_local": "US39", "code_hasc": "US.OH", "note": null, "hasc_maybe": null, "region": "Midwest", "region_cod": null, "provnum_ne": 0, "gadm_level": 1, "check_me": 20, "datarank": 1, "abbrev": "Ohio", "postal": "OH", "area_sqkm": 0, "sameascity": -99, "labelrank": 0, "name_len": 4, "mapcolor9": 1, "mapcolor13": 1, "fips": "US39", "fips_alt": null, "woe_id": 2347594, "woe_label": "Ohio, US, United States", "woe_name": "Ohio", "latitude": 40.0924, "longitude": -82.6719, "sov_a3": "US1", "adm0_a3": "USA", "adm0_label": 2, "admin": "United States of America", "geonunit": "United States of America", "gu_a3": "USA", "gn_id": 5165418, "gn_name": "Ohio", "gns_id": -1, "gns_name": null, "gn_level": 1, "gn_region": null, "gn_a1_code": "US.OH", "region_sub": "East North Central", "sub_code": null, "gns_level": -1, "gns_lang": null, "gns_adm1": null, "gns_region": null, "min_label": 3.5, "max_label": 7.5, "min_zoom": 2, "wikidataid": "Q1397", "name_ar": "\u0623\u0648\u0647\u0627\u064a\u0648", "name_bn": "\u0993\u09b9\u09be\u0987\u0993", "name_de": "Ohio", "name_en": "Ohio", "name_es": "Ohio", "name_fr": "Ohio", "name_el": "\u039f\u03c7\u03ac\u03b9\u03bf", "name_hi": "\u0913\u0939\u093e\u092f\u094b", "name_hu": "Ohio", "name_id": "Ohio", "name_it": "Ohio", "name_ja": "\u30aa\u30cf\u30a4\u30aa\u5dde", "name_ko": "\uc624\ud558\uc774\uc624", "name_nl": "Ohio", "name_pl": "Ohio", "name_pt": "Ohio", "name_ru": "\u041e\u0433\u0430\u0439\u043e", "name_sv": "Ohio", "name_tr": "Ohio", "name_vi": "Ohio", "name_zh": "\u4fc4\u4ea5\u4fc4\u5dde", "ne_id": 1159315315, "name_he": "\u05d0\u05d5\u05d4\u05d9\u05d5", "name_uk": "\u041e\u0433\u0430\u0439\u043e", "name_ur": "\u0627\u0648\u06c1\u0627\u0626\u06cc\u0648", "name_fa": "\u0627\u0648\u0647\u0627\u06cc\u0648", "name_zht": "\u4fc4\u4ea5\u4fc4\u5dde", "FCLASS_ISO": null, "FCLASS_US": null, "FCLASS_FR": null, "FCLASS_RU": null, "FCLASS_ES": null, "FCLASS_CN": null, "FCLASS_TW": null, "FCLASS_IN": null, "FCLASS_NP": null, "FCLASS_PK": null, "FCLASS_DE": null, "FCLASS_GB": null, "FCLASS_BR": null, "FCLASS_IL": null, "FCLASS_PS": null, "FCLASS_SA": null, "FCLASS_EG": null, "FCLASS_MA": null, "FCLASS_PT": null, "FCLASS_AR": null, "FCLASS_JP": null, "FCLASS_KO": null, "FCLASS_VN": null, "FCLASS_TR": null, "FCLASS_ID": null, "FCLASS_PL": null, "FCLASS_GR": null, "FCLASS_IT": null, "FCLASS_NL": null, "FCLASS_SE": null, "FCLASS_BD": null, "FCLASS_UA": null, "FCLASS_TLC": null}, "bbox": [-84.82368, 38.415433, -80.516268, 42.32491], "geometry": {"type": "Polygon", "coordinates": [[[-84.82368, 39.106528], [-83.121898, 41.949739], [-81.507397, 42.103735], [-80.657552, 40.59083], [-81.401047, 39.349407], [-82.194797, 38.801198], [-83.434617, 38.637151], [-84.82368, 39.106528]]]}}, {"type": "Feature", "properties": {"featurecla": "Admin-1 scale rank", "scalerank": 2, "adm1_code": "USA-3551", "diss_me": 3551, "iso_3166_2": "US-TN", "wikipedia": "http://en.wikipedia.org/wiki/Tennessee", "iso_a2": "US", "adm0_sr": 1, "name": "Tennessee", "name_alt": "TN|Tenn.", "name_local": null, "type": "State", "type_en": "State", "code_local": "US47", "code_hasc": "US.TN", "note": null, "hasc_maybe": null, "region": "South", "region_cod": null, "provnum_ne": 0, "gadm_level": 1, "check_me": 20, "datarank": 1, "abbrev": "Tenn.", "postal": "TN", "area_sqkm": 0, "sameascity": -99, "labelrank": 0, "name_len": 9, "mapcolor9": 1, "mapcolor13": 1, "fips": "US47", "fips_alt": null, "woe_id": 2347601, "woe_label": "Tennessee, US, United States", "woe_name": "Tennessee", "latitude": 35.7514, "longitude": -86.3415, "sov_a3": "US1", "adm0_a3": "USA", "adm0_label": 2, "admin": "United States of America", "geonunit": "United States of America", "gu_a3": "USA", "gn_id": 4662168, "gn_name": "Tennessee", "gns_id": -1, "gns_name": null, "gn_level": 1, "gn_region": null, "gn_a1_code": "US.TN", "region_sub": "East South Central", "sub_code": null, "gns_level": -1, "gns_lang": null, "gns_adm1": null, "gns_region": null, "min_label": 3.5, "max_label": 7.5, "min_zoom": 2, "wikidataid": "Q1509", "name_ar": "\u062a\u064a\u0646\u064a\u0633\u064a", "name_bn": "\u099f\u09c7\u09a8\u09c7\u09b8\u09c0", "name_de": "Tennessee", "name_en": "Tennessee", "name_es": "Tennessee", "name_fr": "Tennessee", "name_el": "\u03a4\u03b5\u03bd\u03b5\u03c3\u03af", "name_hi": "\u091f\u0947\u0928\u0947\u0938\u0940", "name_hu": "Tennessee", "name_id": "Tennessee", "name_it": "Tennessee", "name_ja": "\u30c6\u30cd\u30b7\u30fc\u5dde", "name_ko": "\ud14c\ub124\uc2dc", "name_nl": "Tennessee", "name_pl": "Tennessee", "name_pt": "Tennessee", "name_ru": "\u0422\u0435\u043d\u043d\u0435\u0441\u0441\u0438", "name_sv": "Tennessee", "name_tr": "Tennessee", "name_vi": "Tennessee", "name_zh": "\u7530\u7eb3\u897f\u5dde", "ne_id": 1159315319, "name_he": "\u05d8\u05e0\u05e1\u05d9", "name_uk": "\u0422\u0435\u043d\u043d\u0435\u0441\u0441\u0456", "name_ur": "\u0679\u06cc\u0646\u06cc\u0633\u06cc", "name_fa": "\u062a\u0646\u0633\u06cc", "name_zht": "\u7530\u7d0d\u897f\u5dde", "FCLASS_ISO": null, "FCLASS_US": null, "FCLASS_FR": null, "FCLASS_RU": null, "FCLASS_ES": null, "FCLASS_CN": null, "FCLASS_TW": null, "FCLASS_IN": null, "FCLASS_NP": null, "FCLASS_PK": null, "FCLASS_DE": null, "FCLASS_GB": null, "FCLASS_BR": null, "FCLASS_IL": null, "FCLASS_PS": null, "FCLASS_SA": null, "FCLASS_EG": null, "FCLASS_MA": null, "FCLASS_PT": null, "FCLASS_AR": null, "FCLASS_JP": null, "FCLASS_KO": null, "FCLASS_VN": null, "FCLASS_TR": null, "FCLASS_ID": null, "FCLASS_PL": null, "FCLASS_GR": null, "FCLASS_IT": null, "FCLASS_NL": null, "FCLASS_SE": null, "FCLASS_BD": null, "FCLASS_UA": null, "FCLASS_TLC": null}, "bbox": [-90.24924, 34.976909, -81.679376, 36.672661], "geometry": {"type": "Polygon", "coordinates": [[[-90.24924, 35.020834], [-89.585121, 36.267011], [-86.677882, 36.633733], [-83.384361, 36.656496], [-82.051394, 36.106143], [-83.438338, 35.562687], [-85.625388, 34.985901], [-90.24924, 35.020834]]]}}, {"type": "Feature", "properties": {"featurecla": "Admin-1 scale rank", "scalerank": 2, "adm1_code": "USA-3552", "diss_me": 3552, "iso_3166_2": "US-VA", "wikipedia": "http://en.wikipedia.org/wiki/Virginia", "iso_a2": "US", "adm0_sr": 6, "name": "Virginia", "name_alt": "VA", "name_local": null, "type": "State", "type_en": "State", "code_local": "US51", "code_hasc": "US.VA", "note": null, "hasc_maybe": null, "region": "South", "region_cod": null, "provnum_ne": 0, "gadm_level": 1, "check_me": 20, "datarank": 1, "abbrev": "Va.", "postal": "VA", "area_sqkm": 0, "sameascity": -99, "labelrank": 0, "name_len": 8, "mapcolor9": 1, "mapcolor13": 1, "fips": "US51", "fips_alt": null, "woe_id": 2347605, "woe_label": "Virginia, US, United States", "woe_name": "Virginia", "latitude": 37.7403, "longitude": -78.2431, "sov_a3": "US1", "adm0_a3": "USA", "adm0_label": 2, "admin": "United States of America", "geonunit": "United States of America", "gu_a3": "USA", "gn_id": 6254928, "gn_name": "Virginia", "gns_id": -1, "gns_name": null, "gn_level": 1, "gn_region": null, "gn_a1_code": "US.VA", "region_sub": "South Atlantic", "sub_code": null, "gns_level": -1, "gns_lang": null, "gns_adm1": null, "gns_region": null, "min_label": 3.5, "max_label": 7.5, "min_zoom": 2, "wikidataid": "Q1370", "name_ar": "\u0641\u0631\u062c\u064a\u0646\u064a\u0627", "name_bn": "\u09ad\u09be\u09b0\u09cd\u099c\u09bf\u09a8\u09bf\u09af\u09bc\u09be", "name_de": "Virginia", "name_en": "Virginia", "name_es": "Virginia", "name_fr": "Virginie", "name_el": "\u0392\u03b9\u03c1\u03c4\u03b6\u03af\u03bd\u03b9\u03b1", "name_hi": "\u0935\u0930\u094d\u091c\u0940\u0928\u093f\u092f\u093e", "name_hu": "Virginia", "name_id": "Virginia", "name_it": "Virginia", "name_ja": "\u30d0\u30fc\u30b8\u30cb\u30a2\u5dde", "name_ko": "\ubc84\uc9c0\ub2c8\uc544", "name_nl": "Virginia", "name_pl": "Wirginia", "name_pt": "Virg\u00ednia", "name_ru": "\u0412\u0438\u0440\u0433\u0438\u043d\u0438\u044f", "name_sv": "Virginia", "name_tr": "Virjinya", "name_vi": "Virginia", "name_zh": "\u5f17\u5409\u5c3c\u4e9a\u5dde", "ne_id": 1159315259, "name_he": "\u05d5\u05d9\u05e8\u05d2'\u05d9\u05e0\u05d9\u05d4", "name_uk": "\u0412\u0456\u0440\u0434\u0436\u0438\u043d\u0456\u044f", "name_ur": "\u0648\u0631\u062c\u06cc\u0646\u06cc\u0627", "name_fa": "\u0648\u06cc\u0631\u062c\u06cc\u0646\u06cc\u0627", "name_zht": "\u7dad\u5409\u5c3c\u4e9e\u5dde", "FCLASS_ISO": null, "FCLASS_US": null, "FCLASS_FR": null, "FCLASS_RU": null, "FCLASS_ES": null, "FCLASS_CN": null, "FCLASS_TW": null, "FCLASS_IN": null, "FCLASS_NP": null, "FCLASS_PK": null, "FCLASS_DE": null, "FCLASS_GB": null, "FCLASS_BR": null, "FCLASS_IL": null, "FCLASS_PS": null, "FCLASS_SA": null, "FCLASS_EG": null, "FCLASS_MA": null, "FCLASS_PT": null, "FCLASS_AR": null, "FCLASS_JP": null, "FCLASS_KO": null, "FCLASS_VN": null, "FCLASS_TR": null, "FCLASS_ID": null, "FCLASS_PL": null, "FCLASS_GR": null, "FCLASS_IT": null, "FCLASS_NL": null, "FCLASS_SE": null, "FCLASS_BD": null, "FCLASS_UA": null, "FCLASS_TLC": null}, "bbox": [-83.673284, 36.537436, -75.377539, 39.405504], "geometry": {"type": "MultiPolygon", "coordinates": [[[[-83.330592, 36.672661], [-82.684792, 37.121094], [-81.663511, 37.195173], [-80.84167, 37.383765], [-80.298245, 37.519029], [-79.915142, 38.179427], [-79.222988, 38.464632], [-78.744619, 38.909151], [-78.345625, 39.405504], [-77.443407, 39.213421], [-77.041235, 38.789545], [-76.989895, 38.239733], [-76.941216, 36.545885], [-83.330592, 36.672661]]], [[[-75.377541, 38.01538], [-75.377541, 38.01538]]]]}}, {"type": "Feature", "properties": {"featurecla": "Admin-1 scale rank", "scalerank": 2, "adm1_code": "USA-3553", "diss_me": 3553, "iso_3166_2": "US-WI", "wikipedia": "http://en.wikipedia.org/wiki/Wisconsin", "iso_a2": "US", "adm0_sr": 1, "name": "Wisconsin", "name_alt": "WI|Wis.", "name_local": null, "type": "State", "type_en": "State", "code_local": "US55", "code_hasc": "US.WI", "note": null, "hasc_maybe": null, "region": "Midwest", "region_cod": null, "provnum_ne": 0, "gadm_level": 1, "check_me": 20, "datarank": 1, "abbrev": "Wis.", "postal": "WI", "area_sqkm": 0, "sameascity": -99, "labelrank": 0, "name_len": 9, "mapcolor9": 1, "mapcolor13": 1, "fips": "US55", "fips_alt": null, "woe_id": 2347608, "woe_label": "Wisconsin, US, United States", "woe_name": "Wisconsin", "latitude": 44.3709, "longitude": -89.5831, "sov_a3": "US1", "adm0_a3": "USA", "adm0_label": 2, "admin": "United States of America", "geonunit": "United States of America", "gu_a3": "USA", "gn_id": 5279468, "gn_name": "Wisconsin", "gns_id": -1, "gns_name": null, "gn_level": 1, "gn_region": null, "gn_a1_code": "US.WI", "region_sub": "East North Central", "sub_code": null, "gns_level": -1, "gns_lang": null, "gns_adm1": null, "gns_region": null, "min_label": 3.5, "max_label": 7.5, "min_zoom": 2, "wikidataid": "Q1537", "name_ar": "\u0648\u064a\u0633\u0643\u0648\u0646\u0633\u0646", "name_bn": "\u0989\u0987\u09b8\u0995\u09a8\u09b8\u09bf\u09a8", "name_de": "Wisconsin", "name_en": "Wisconsin", "name_es": "Wisconsin", "name_fr": "Wisconsin", "name_el": "\u039f\u03c5\u03b9\u03c3\u03ba\u03cc\u03bd\u03c3\u03b9\u03bd", "name_hi": "\u0935\u093f\u0938\u094d\u0915\u0949\u0928\u094d\u0938\u093f\u0928", "name_hu": "Wisconsin", "name_id": "Wisconsin", "name_it": "Wisconsin", "name_ja": "\u30a6\u30a3\u30b9\u30b3\u30f3\u30b7\u30f3\u5dde", "name_ko": "\uc704\uc2a4\ucf58\uc2e0", "name_nl": "Wisconsin", "name_pl": "Wisconsin", "name_pt": "Wisconsin", "name_ru": "\u0412\u0438\u0441\u043a\u043e\u043d\u0441\u0438\u043d", "name_sv": "Wisconsin", "name_tr": "Wisconsin", "name_vi": "Wisconsin", "name_zh": "\u5a01\u65af\u5eb7\u661f\u5dde", "ne_id": 1159315321, "name_he": "\u05d5\u05d9\u05e1\u05e7\u05d5\u05e0\u05e1\u05d9\u05df", "name_uk": "\u0412\u0456\u0441\u043a\u043e\u043d\u0441\u0438\u043d", "name_ur": "\u0648\u0633\u06a9\u0648\u0646\u0633\u0646", "name_fa": "\u0648\u06cc\u0633\u06a9\u0627\u0646\u0633\u06cc\u0646", "name_zht": "\u5a01\u65af\u5eb7\u8f9b\u5dde", "FCLASS_ISO": null, "FCLASS_US": null, "FCLASS_FR": null, "FCLASS_RU": null, "FCLASS_ES": null, "FCLASS_CN": null, "FCLASS_TW": null, "FCLASS_IN": null, "FCLASS_NP": null, "FCLASS_PK": null, "FCLASS_DE": null, "FCLASS_GB": null, "FCLASS_BR": null, "FCLASS_IL": null, "FCLASS_PS": null, "FCLASS_SA": null, "FCLASS_EG": null, "FCLASS_MA": null, "FCLASS_PT": null, "FCLASS_AR": null, "FCLASS_JP": null, "FCLASS_KO": null, "FCLASS_VN": null, "FCLASS_TR": null, "FCLASS_ID": null, "FCLASS_PL": null, "FCLASS_GR": null, "FCLASS_IT": null, "FCLASS_NL": null, "FCLASS_SE": null, "FCLASS_BD": null, "FCLASS_UA": null, "FCLASS_TLC": null}, "bbox": [-92.899828, 42.492652, -86.2646, 47.309128], "geometry": {"type": "Polygon", "coordinates": [[[-91.228199, 43.501247], [-92.385492, 44.574928], [-92.5437, 45.985695], [-91.592259, 46.87626], [-90.131754, 47.292747], [-90.35559, 46.673069], [-89.22106, 46.202116], [-87.893389, 45.396713], [-87.115504, 45.452291], [-86.822344, 44.591335], [-87.079537, 42.782118], [-90.738177, 42.658275], [-91.228199, 43.501247]]]}}, {"type": "Feature", "properties": {"featurecla": "Admin-1 scale rank", "scalerank": 2, "adm1_code": "USA-3554", "diss_me": 3554, "iso_3166_2": "US-WV", "wikipedia": "http://en.wikipedia.org/wiki/West_Virginia", "iso_a2": "US", "adm0_sr": 1, "name": "West Virginia", "name_alt": "WV|W.Va.", "name_local": null, "type": "State", "type_en": "State", "code_local": "US54", "code_hasc": "US.WV", "note": null, "hasc_maybe": null, "region": "South", "region_cod": null, "provnum_ne": 0, "gadm_level": 1, "check_me": 20, "datarank": 1, "abbrev": "W.Va.", "postal": "WV", "area_sqkm": 0, "sameascity": -99, "labelrank": 0, "name_len": 13, "mapcolor9": 1, "mapcolor13": 1, "fips": "US54", "fips_alt": null, "woe_id": 2347607, "woe_label": "West Virginia, US, United States", "woe_name": "West Virginia", "latitude": 38.6422, "longitude": -80.7128, "sov_a3": "US1", "adm0_a3": "USA", "adm0_label": 2, "admin": "United States of America", "geonunit": "United States of America", "gu_a3": "USA", "gn_id": 4826850, "gn_name": "West Virginia", "gns_id": -1, "gns_name": null, "gn_level": 1, "gn_region": null, "gn_a1_code": "US.WV", "region_sub": "South Atlantic", "sub_code": null, "gns_level": -1, "gns_lang": null, "gns_adm1": null, "gns_region": null, "min_label": 3.5, "max_label": 7.5, "min_zoom": 2, "wikidataid": "Q1371", "name_ar": "\u0641\u064a\u0631\u062c\u064a\u0646\u064a\u0627 \u0627\u0644\u063a\u0631\u0628\u064a\u0629", "name_bn": "\u09aa\u09b6\u09cd\u099a\u09bf\u09ae \u09ad\u09be\u09b0\u09cd\u099c\u09bf\u09a8\u09bf\u09af\u09bc\u09be", "name_de": "West Virginia", "name_en": "West Virginia", "name_es": "Virginia Occidental", "name_fr": "Virginie-Occidentale", "name_el": "\u0394\u03c5\u03c4\u03b9\u03ba\u03ae \u0392\u03b9\u03c1\u03c4\u03b6\u03af\u03bd\u03b9\u03b1", "name_hi": "\u092a\u0936\u094d\u091a\u093f\u092e\u0940 \u0935\u0930\u094d\u091c\u0940\u0928\u093f\u092f\u093e", "name_hu": "Nyugat-Virginia", "name_id": "Virginia Barat", "name_it": "Virginia Occidentale", "name_ja": "\u30a6\u30a7\u30b9\u30c8\u30d0\u30fc\u30b8\u30cb\u30a2\u5dde", "name_ko": "\uc6e8\uc2a4\ud2b8\ubc84\uc9c0\ub2c8\uc544", "name_nl": "West Virginia", "name_pl": "Wirginia Zachodnia", "name_pt": "Virg\u00ednia Ocidental", "name_ru": "\u0417\u0430\u043f\u0430\u0434\u043d\u0430\u044f \u0412\u0438\u0440\u0433\u0438\u043d\u0438\u044f", "name_sv": "West Virginia", "name_tr": "Bat\u0131 Virginia", "name_vi": "T\u00e2y Virginia", "name_zh": "\u897f\u7dad\u5409\u5c3c\u4e9e\u5dde", "ne_id": 1159315323, "name_he": "\u05d5\u05d9\u05e8\u05d2'\u05d9\u05e0\u05d9\u05d4 \u05d4\u05de\u05e2\u05e8\u05d1\u05d9\u05ea", "name_uk": "\u0417\u0430\u0445\u0456\u0434\u043d\u0430 \u0412\u0456\u0440\u0434\u0436\u0438\u043d\u0456\u044f", "name_ur": "\u0645\u063a\u0631\u0628\u06cc \u0648\u0631\u062c\u06cc\u0646\u06cc\u0627", "name_fa": "\u0648\u06cc\u0631\u062c\u06cc\u0646\u06cc\u0627\u06cc \u063a\u0631\u0628\u06cc", "name_zht": "\u897f\u7dad\u5409\u5c3c\u4e9e\u5dde", "FCLASS_ISO": null, "FCLASS_US": null, "FCLASS_FR": null, "FCLASS_RU": null, "FCLASS_ES": null, "FCLASS_CN": null, "FCLASS_TW": null, "FCLASS_IN": null, "FCLASS_NP": null, "FCLASS_PK": null, "FCLASS_DE": null, "FCLASS_GB": null, "FCLASS_BR": null, "FCLASS_IL": null, "FCLASS_PS": null, "FCLASS_SA": null, "FCLASS_EG": null, "FCLASS_MA": null, "FCLASS_PT": null, "FCLASS_AR": null, "FCLASS_JP": null, "FCLASS_KO": null, "FCLASS_VN": null, "FCLASS_TR": null, "FCLASS_ID": null, "FCLASS_PL": null, "FCLASS_GR": null, "FCLASS_IT": null, "FCLASS_NL": null, "FCLASS_SE": null, "FCLASS_BD": null, "FCLASS_UA": null, "FCLASS_TLC": null}, "bbox": [-82.58901, 37.195173, -77.722796, 40.641111], "geometry": {"type": "Polygon", "coordinates": [[[-81.972536, 37.535952], [-82.340834, 38.440832], [-81.745005, 39.199649], [-80.661789, 40.233643], [-79.16108, 39.418214], [-77.722796, 39.322432], [-78.51355, 39.068071], [-79.007355, 38.768127], [-79.647924, 38.574726], [-80.292975, 37.728059], [-80.602941, 37.452077], [-81.348129, 37.315836], [-81.972536, 37.535952]]]}}, {"type": "Feature", "properties": {"featurecla": "Admin-1 scale rank", "scalerank": 2, "adm1_code": "USA-3555", "diss_me": 3555, "iso_3166_2": "US-DE", "wikipedia": "http://en.wikipedia.org/wiki/Delaware", "iso_a2": "US", "adm0_sr": 1, "name": "Delaware", "name_alt": "DE|Del.", "name_local": null, "type": "State", "type_en": "State", "code_local": "US10", "code_hasc": "US.DE", "note": null, "hasc_maybe": null, "region": "South", "region_cod": null, "provnum_ne": 0, "gadm_level": 1, "check_me": 20, "datarank": 1, "abbrev": "Del.", "postal": "DE", "area_sqkm": 0, "sameascity": -99, "labelrank": 0, "name_len": 8, "mapcolor9": 1, "mapcolor13": 1, "fips": "US10", "fips_alt": null, "woe_id": 2347566, "woe_label": "Delaware, US, United States", "woe_name": "Delaware", "latitude": 38.8657, "longitude": -75.4112, "sov_a3": "US1", "adm0_a3": "USA", "adm0_label": 2, "admin": "United States of America", "geonunit": "United States of America", "gu_a3": "USA", "gn_id": 4142224, "gn_name": "Delaware", "gns_id": -1, "gns_name": null, "gn_level": 1, "gn_region": null, "gn_a1_code": "US.DE", "region_sub": "South Atlantic", "sub_code": null, "gns_level": -1, "gns_lang": null, "gns_adm1": null, "gns_region": null, "min_label": 3.5, "max_label": 7.5, "min_zoom": 2, "wikidataid": "Q1393", "name_ar": "\u062f\u064a\u0644\u0627\u0648\u064a\u0631", "name_bn": "\u09a1\u09c7\u09b2\u09be\u0993\u09af\u09bc\u09cd\u09af\u09be\u09b0", "name_de": "Delaware", "name_en": "Delaware", "name_es": "Delaware", "name_fr": "Delaware", "name_el": "\u039d\u03c4\u03ad\u03bb\u03b1\u03b3\u03bf\u03c5\u03b5\u03c1", "name_hi": "\u0921\u0947\u0932\u093e\u0935\u0947\u092f\u0930", "name_hu": "Delaware", "name_id": "Delaware", "name_it": "Delaware", "name_ja": "\u30c7\u30e9\u30a6\u30a7\u30a2\u5dde", "name_ko": "\ub378\ub77c\uc6e8\uc5b4", "name_nl": "Delaware", "name_pl": "Delaware", "name_pt": "Delaware", "name_ru": "\u0414\u0435\u043b\u0430\u0432\u044d\u0440", "name_sv": "Delaware", "name_tr": "Delaware", "name_vi": "Delaware", "name_zh": "\u7279\u62c9\u534e\u5dde", "ne_id": 1159315325, "name_he": "\u05d3\u05dc\u05d0\u05d5\u05d5\u05e8", "name_uk": "\u0414\u0435\u043b\u0430\u0432\u0435\u0440", "name_ur": "\u0688\u06cc\u0644\u0627\u0648\u06cc\u0626\u0631", "name_fa": "\u062f\u0644\u0627\u0648\u06cc\u0631", "name_zht": "\u7279\u62c9\u83ef\u5dde", "FCLASS_ISO": null, "FCLASS_US": null, "FCLASS_FR": null, "FCLASS_RU": null, "FCLASS_ES": null, "FCLASS_CN": null, "FCLASS_TW": null, "FCLASS_IN": null, "FCLASS_NP": null, "FCLASS_PK": null, "FCLASS_DE": null, "FCLASS_GB": null, "FCLASS_BR": null, "FCLASS_IL": null, "FCLASS_PS": null, "FCLASS_SA": null, "FCLASS_EG": null, "FCLASS_MA": null, "FCLASS_PT": null, "FCLASS_AR": null, "FCLASS_JP": null, "FCLASS_KO": null, "FCLASS_VN": null, "FCLASS_TR": null, "FCLASS_ID": null, "FCLASS_PL": null, "FCLASS_GR": null, "FCLASS_IT": null, "FCLASS_NL": null, "FCLASS_SE": null, "FCLASS_BD": null, "FCLASS_UA": null, "FCLASS_TLC": null}, "bbox": [-75.787642, 38.448765, -75.048385, 39.847361], "geometry": {"type": "Polygon", "coordinates": [[[-75.048385, 38.448765], [-75.319867, 38.959948], [-75.048385, 38.448765]]]}}, {"type": "Feature", "properties": {"featurecla": "Admin-1 scale rank", "scalerank": 2, "adm1_code": "USA-3556", "diss_me": 3556, "iso_3166_2": "US-DC", "wikipedia": "http://en.wikipedia.org/wiki/Washington,_D.C.", "iso_a2": "US", "adm0_sr": 1, "name": "District of Columbia", "name_alt": "DC|D.C.", "name_local": null, "type": "Federal District", "type_en": "Federal District", "code_local": "US11", "code_hasc": "US.DC", "note": null, "hasc_maybe": null, "region": "South", "region_cod": null, "provnum_ne": 0, "gadm_level": 1, "check_me": 20, "datarank": 1, "abbrev": "D.C.", "postal": "DC", "area_sqkm": 0, "sameascity": 9, "labelrank": 9, "name_len": 20, "mapcolor9": 1, "mapcolor13": 1, "fips": "US11", "fips_alt": null, "woe_id": 2347567, "woe_label": "District of Columbia, US, United States", "woe_name": "District of Columbia", "latitude": 38.8922, "longitude": -77.0113, "sov_a3": "US1", "adm0_a3": "USA", "adm0_label": 2, "admin": "United States of America", "geonunit": "United States of America", "gu_a3": "USA", "gn_id": 4138106, "gn_name": "District of Columbia", "gns_id": -1, "gns_name": null, "gn_level": 1, "gn_region": null, "gn_a1_code": "US.DC", "region_sub": "South Atlantic", "sub_code": null, "gns_level": -1, "gns_lang": null, "gns_adm1": null, "gns_region": null, "min_label": 3.5, "max_label": 7.5, "min_zoom": 2, "wikidataid": "Q61", "name_ar": "\u0648\u0627\u0634\u0646\u0637\u0646", "name_bn": "\u0993\u09af\u09bc\u09be\u09b6\u09bf\u0982\u099f\u09a8", "name_de": "Washington", "name_en": "Washington", "name_es": "Washington D. C.", "name_fr": "Washington", "name_el": "\u039f\u03c5\u03ac\u03c3\u03b9\u03bd\u03b3\u03ba\u03c4\u03bf\u03bd", "name_hi": "\u0935\u0949\u0936\u093f\u0902\u0917\u091f\u0928 \u0921\u0940\u0970 \u0938\u0940\u0970", "name_hu": "Washington", "name_id": "Washington", "name_it": "Washington", "name_ja": "\u30ef\u30b7\u30f3\u30c8\u30f3D.C.", "name_ko": "\uc6cc\uc2f1\ud134 D.C.", "name_nl": "Washington D.C.", "name_pl": "Waszyngton", "name_pt": "Washington", "name_ru": "\u0412\u0430\u0448\u0438\u043d\u0433\u0442\u043e\u043d", "name_sv": "Washington", "name_tr": "Washington", "name_vi": "Washington", "name_zh": "\u534e\u76db\u987f\u54e5\u4f26\u6bd4\u4e9a\u7279\u533a", "ne_id": 1159315327, "name_he": "\u05d5\u05d5\u05e9\u05d9\u05e0\u05d2\u05d8\u05d5\u05df \u05d3\u05d9. \u05e1\u05d9.", "name_uk": "\u0412\u0430\u0448\u0438\u043d\u0433\u0442\u043e\u043d", "name_ur": "\u0648\u0627\u0634\u0646\u06af\u0679\u0646 \u0688\u06cc \u0633\u06cc", "name_fa": "\u0648\u0627\u0634\u06cc\u0646\u06af\u062a\u0646\u060c \u062f\u06cc. \u0633\u06cc.", "name_zht": "\u83ef\u76db\u9813\u54e5\u502b\u6bd4\u4e9e\u7279\u5340", "FCLASS_ISO": null, "FCLASS_US": null, "FCLASS_FR": null, "FCLASS_RU": null, "FCLASS_ES": null, "FCLASS_CN": null, "FCLASS_TW": null, "FCLASS_IN": null, "FCLASS_NP": null, "FCLASS_PK": null, "FCLASS_DE": null, "FCLASS_GB": null, "FCLASS_BR": null, "FCLASS_IL": null, "FCLASS_PS": null, "FCLASS_SA": null, "FCLASS_EG": null, "FCLASS_MA": null, "FCLASS_PT": null, "FCLASS_AR": null, "FCLASS_JP": null, "FCLASS_KO": null, "FCLASS_VN": null, "FCLASS_TR": null, "FCLASS_ID": null, "FCLASS_PL": null, "FCLASS_GR": null, "FCLASS_IT": null, "FCLASS_NL": null, "FCLASS_SE": null, "FCLASS_BD": null, "FCLASS_UA": null, "FCLASS_TLC": null}, "bbox": [-77.11955, 38.789545, -76.911579, 38.982169], "geometry": {"type": "Polygon", "coordinates": [[[-77.041235, 38.789545], [-77.041235, 38.789545]]]}}, {"type": "Feature", "properties": {"featurecla": "Admin-1 scale rank", "scalerank": 2, "adm1_code": "USA-3557", "diss_me": 3557, "iso_3166_2": "US-MD", "wikipedia": "http://en.wikipedia.org/wiki/Maryland", "iso_a2": "US", "adm0_sr": 1, "name": "Maryland", "name_alt": "MD", "name_local": null, "type": "State", "type_en": "State", "code_local": "US24", "code_hasc": "US.MD", "note": null, "hasc_maybe": null, "region": "South", "region_cod": null, "provnum_ne": 0, "gadm_level": 1, "check_me": 20, "datarank": 1, "abbrev": "Md.", "postal": "MD", "area_sqkm": 0, "sameascity": -99, "labelrank": 0, "name_len": 8, "mapcolor9": 1, "mapcolor13": 1, "fips": "US24", "fips_alt": null, "woe_id": 2347579, "woe_label": "Maryland, US, United States", "woe_name": "Maryland", "latitude": 39.3874, "longitude": -77.0454, "sov_a3": "US1", "adm0_a3": "USA", "adm0_label": 2, "admin": "United States of America", "geonunit": "United States of America", "gu_a3": "USA", "gn_id": 4361885, "gn_name": "Maryland", "gns_id": -1, "gns_name": null, "gn_level": 1, "gn_region": null, "gn_a1_code": "US.MD", "region_sub": "South Atlantic", "sub_code": null, "gns_level": -1, "gns_lang": null, "gns_adm1": null, "gns_region": null, "min_label": 3.5, "max_label": 7.5, "min_zoom": 2, "wikidataid": "Q1391", "name_ar": "\u0645\u0627\u0631\u064a\u0644\u0646\u062f", "name_bn": "\u09ae\u09c7\u09b0\u09bf\u09b2\u09cd\u09af\u09be\u09a8\u09cd\u09a1", "name_de": "Maryland", "name_en": "Maryland", "name_es": "Maryland", "name_fr": "Maryland", "name_el": "\u039c\u03ad\u03c1\u03b9\u03bb\u03b1\u03bd\u03c4", "name_hi": "\u092e\u0948\u0930\u0940\u0932\u0948\u0902\u0921", "name_hu": "Maryland", "name_id": "Maryland", "name_it": "Maryland", "name_ja": "\u30e1\u30ea\u30fc\u30e9\u30f3\u30c9\u5dde", "name_ko": "\uba54\ub9b4\ub79c\ub4dc", "name_nl": "Maryland", "name_pl": "Maryland", "name_pt": "Maryland", "name_ru": "\u041c\u044d\u0440\u0438\u043b\u0435\u043d\u0434", "name_sv": "Maryland", "name_tr": "Maryland", "name_vi": "Maryland", "name_zh": "\u9a6c\u91cc\u5170\u5dde", "ne_id": 1159315329, "name_he": "\u05de\u05e8\u05d9\u05dc\u05e0\u05d3", "name_uk": "\u041c\u0435\u0440\u0456\u043b\u0435\u043d\u0434", "name_ur": "\u0645\u06cc\u0631\u06cc \u0644\u06cc\u0646\u0688", "name_fa": "\u0645\u0631\u06cc\u0644\u0646\u062f", "name_zht": "\u99ac\u91cc\u862d\u5dde", "FCLASS_ISO": null, "FCLASS_US": null, "FCLASS_FR": null, "FCLASS_RU": null, "FCLASS_ES": null, "FCLASS_CN": null, "FCLASS_TW": null, "FCLASS_IN": null, "FCLASS_NP": null, "FCLASS_PK": null, "FCLASS_DE": null, "FCLASS_GB": null, "FCLASS_BR": null, "FCLASS_IL": null, "FCLASS_PS": null, "FCLASS_SA": null, "FCLASS_EG": null, "FCLASS_MA": null, "FCLASS_PT": null, "FCLASS_AR": null, "FCLASS_JP": null, "FCLASS_KO": null, "FCLASS_VN": null, "FCLASS_TR": null, "FCLASS_ID": null, "FCLASS_PL": null, "FCLASS_GR": null, "FCLASS_IT": null, "FCLASS_NL": null, "FCLASS_SE": null, "FCLASS_BD": null, "FCLASS_UA": null, "FCLASS_TLC": null}, "bbox": [-79.485995, 37.93705, -75.048385, 39.725663], "geometry": {"type": "Polygon", "coordinates": [[[-75.377541, 38.01538], [-76.32933, 38.08326], [-77.059217, 38.708593], [-77.500882, 39.12948], [-77.923352, 39.592829], [-79.485995, 39.213421], [-75.048385, 38.448765], [-75.377541, 38.01538]]]}}, {"type": "Feature", "properties": {"featurecla": "Admin-1 scale rank", "scalerank": 2, "adm1_code": "USA-3558", "diss_me": 3558, "iso_3166_2": "US-NJ", "wikipedia": "http://en.wikipedia.org/wiki/New_Jersey", "iso_a2": "US", "adm0_sr": 5, "name": "New Jersey", "name_alt": "NJ|N.J.", "name_local": null, "type": "State", "type_en": "State", "code_local": "US34", "code_hasc": "US.NJ", "note": null, "hasc_maybe": null, "region": "Northeast", "region_cod": null, "provnum_ne": 0, "gadm_level": 1, "check_me": 20, "datarank": 1, "abbrev": "N.J.", "postal": "NJ", "area_sqkm": 0, "sameascity": -99, "labelrank": 0, "name_len": 10, "mapcolor9": 1, "mapcolor13": 1, "fips": "US34", "fips_alt": null, "woe_id": 2347589, "woe_label": "New Jersey, US, United States", "woe_name": "New Jersey", "latitude": 40.0449, "longitude": -74.4653, "sov_a3": "US1", "adm0_a3": "USA", "adm0_label": 2, "admin": "United States of America", "geonunit": "United States of America", "gu_a3": "USA", "gn_id": 5101760, "gn_name": "New Jersey", "gns_id": -1, "gns_name": null, "gn_level": 1, "gn_region": null, "gn_a1_code": "US.NJ", "region_sub": "Middle Atlantic", "sub_code": null, "gns_level": -1, "gns_lang": null, "gns_adm1": null, "gns_region": null, "min_label": 3.5, "max_label": 7.5, "min_zoom": 2, "wikidataid": "Q1408", "name_ar": "\u0646\u064a\u0648\u062c\u064a\u0631\u0633\u064a", "name_bn": "\u09a8\u09bf\u0989 \u099c\u09be\u09b0\u09cd\u09b8\u09bf", "name_de": "New Jersey", "name_en": "New Jersey", "name_es": "Nueva Jersey", "name_fr": "New Jersey", "name_el": "\u039d\u03b9\u03bf\u03c5 \u03a4\u03b6\u03ad\u03c1\u03c3\u03b5\u03ca", "name_hi": "\u0928\u094d\u092f\u0942 \u091c\u0930\u094d\u0938\u0940", "name_hu": "New Jersey", "name_id": "New Jersey", "name_it": "New Jersey", "name_ja": "\u30cb\u30e5\u30fc\u30b8\u30e3\u30fc\u30b8\u30fc\u5dde", "name_ko": "\ub274\uc800\uc9c0", "name_nl": "New Jersey", "name_pl": "New Jersey", "name_pt": "Nova J\u00e9rsia", "name_ru": "\u041d\u044c\u044e-\u0414\u0436\u0435\u0440\u0441\u0438", "name_sv": "New Jersey", "name_tr": "New Jersey", "name_vi": "New Jersey", "name_zh": "\u65b0\u6cfd\u897f\u5dde", "ne_id": 1159315267, "name_he": "\u05e0\u05d9\u05d5 \u05d2'\u05e8\u05d6\u05d9", "name_uk": "\u041d\u044c\u044e-\u0414\u0436\u0435\u0440\u0441\u0456", "name_ur": "\u0646\u06cc\u0648 \u062c\u0631\u0633\u06cc", "name_fa": "\u0646\u06cc\u0648\u062c\u0631\u0633\u06cc", "name_zht": "\u7d10\u6fa4\u897f\u5dde", "FCLASS_ISO": null, "FCLASS_US": null, "FCLASS_FR": null, "FCLASS_RU": null, "FCLASS_ES": null, "FCLASS_CN": null, "FCLASS_TW": null, "FCLASS_IN": null, "FCLASS_NP": null, "FCLASS_PK": null, "FCLASS_DE": null, "FCLASS_GB": null, "FCLASS_BR": null, "FCLASS_IL": null, "FCLASS_PS": null, "FCLASS_SA": null, "FCLASS_EG": null, "FCLASS_MA": null, "FCLASS_PT": null, "FCLASS_AR": null, "FCLASS_JP": null, "FCLASS_KO": null, "FCLASS_VN": null, "FCLASS_TR": null, "FCLASS_ID": null, "FCLASS_PL": null, "FCLASS_GR": null, "FCLASS_IT": null, "FCLASS_NL": null, "FCLASS_SE": null, "FCLASS_BD": null, "FCLASS_UA": null, "FCLASS_TLC": null}, "bbox": [-75.554272, 38.939303, -73.912796, 41.355486], "geometry": {"type": "Polygon", "coordinates": [[[-75.527813, 39.498649], [-75.095488, 40.55538], [-73.912796, 40.960187], [-75.527813, 39.498649]]]}}, {"type": "Feature", "properties": {"featurecla": "Admin-1 scale rank", "scalerank": 2, "adm1_code": "USA-3559", "diss_me": 3559, "iso_3166_2": "US-NY", "wikipedia": "http://en.wikipedia.org/wiki/New_York", "iso_a2": "US", "adm0_sr": 3, "name": "New York", "name_alt": "NY|N.Y.", "name_local": null, "type": "State", "type_en": "State", "code_local": "US36", "code_hasc": "US.NY", "note": null, "hasc_maybe": null, "region": "Northeast", "region_cod": null, "provnum_ne": 0, "gadm_level": 1, "check_me": 20, "datarank": 1, "abbrev": "N.Y.", "postal": "NY", "area_sqkm": 0, "sameascity": -99, "labelrank": 0, "name_len": 8, "mapcolor9": 1, "mapcolor13": 1, "fips": "US36", "fips_alt": null, "woe_id": 2347591, "woe_label": "New York, US, United States", "woe_name": "New York", "latitude": 43.1988, "longitude": -75.3242, "sov_a3": "US1", "adm0_a3": "USA", "adm0_label": 2, "admin": "United States of America", "geonunit": "United States of America", "gu_a3": "USA", "gn_id": 5128638, "gn_name": "New York", "gns_id": -1, "gns_name": null, "gn_level": 1, "gn_region": null, "gn_a1_code": "US.NY", "region_sub": "Middle Atlantic", "sub_code": null, "gns_level": -1, "gns_lang": null, "gns_adm1": null, "gns_region": null, "min_label": 3.5, "max_label": 7.5, "min_zoom": 2, "wikidataid": "Q1384", "name_ar": "\u0646\u064a\u0648\u064a\u0648\u0631\u0643", "name_bn": "\u09a8\u09bf\u0989 \u0987\u09af\u09bc\u09b0\u09cd\u0995", "name_de": "New York", "name_en": "New York", "name_es": "Nueva York", "name_fr": "\u00c9tat de New York", "name_el": "\u039d\u03ad\u03b1 \u03a5\u03cc\u03c1\u03ba\u03b7", "name_hi": "\u0928\u094d\u092f\u0942\u092f\u0949\u0930\u094d\u0915", "name_hu": "New York", "name_id": "New York", "name_it": "New York", "name_ja": "\u30cb\u30e5\u30fc\u30e8\u30fc\u30af\u5dde", "name_ko": "\ub274\uc695", "name_nl": "New York", "name_pl": "Nowy Jork", "name_pt": "Nova Iorque", "name_ru": "\u041d\u044c\u044e-\u0419\u043e\u0440\u043a", "name_sv": "New York", "name_tr": "New York", "name_vi": "New York", "name_zh": "\u7ebd\u7ea6\u5dde", "ne_id": 1159312155, "name_he": "\u05e0\u05d9\u05d5 \u05d9\u05d5\u05e8\u05e7", "name_uk": "\u0448\u0442\u0430\u0442 \u041d\u044c\u044e-\u0419\u043e\u0440\u043a", "name_ur": "\u0646\u06cc\u0648\u06cc\u0627\u0631\u06a9", "name_fa": "\u0646\u06cc\u0648\u06cc\u0648\u0631\u06a9", "name_zht": "\u7d10\u7d04\u5dde", "FCLASS_ISO": null, "FCLASS_US": null, "FCLASS_FR": null, "FCLASS_RU": null, "FCLASS_ES": null, "FCLASS_CN": null, "FCLASS_TW": null, "FCLASS_IN": null, "FCLASS_NP": null, "FCLASS_PK": null, "FCLASS_DE": null, "FCLASS_GB": null, "FCLASS_BR": null, "FCLASS_IL": null, "FCLASS_PS": null, "FCLASS_SA": null, "FCLASS_EG": null, "FCLASS_MA": null, "FCLASS_PT": null, "FCLASS_AR": null, "FCLASS_JP": null, "FCLASS_KO": null, "FCLASS_VN": null, "FCLASS_TR": null, "FCLASS_ID": null, "FCLASS_PL": null, "FCLASS_GR": null, "FCLASS_IT": null, "FCLASS_NL": null, "FCLASS_SE": null, "FCLASS_BD": null, "FCLASS_UA": null, "FCLASS_TLC": null}, "bbox": [-79.773257, 40.627882, -71.944828, 45.007253], "geometry": {"type": "Polygon", "coordinates": [[[-73.497937, 42.054513], [-72.241166, 41.11948], [-75.010816, 41.49571], [-79.760087, 42.500068], [-78.845699, 43.583283], [-74.866898, 45.00038], [-73.401638, 43.613436], [-73.497937, 42.054513]]]}}, {"type": "Feature", "properties": {"featurecla": "Admin-1 scale rank", "scalerank": 2, "adm1_code": "USA-3560", "diss_me": 3560, "iso_3166_2": "US-PA", "wikipedia": "http://en.wikipedia.org/wiki/Pennsylvania", "iso_a2": "US", "adm0_sr": 1, "name": "Pennsylvania", "name_alt": "Commonwealth of Pennsylvania|PA", "name_local": null, "type": "State", "type_en": "State", "code_local": "US42", "code_hasc": "US.PA", "note": null, "hasc_maybe": null, "region": "Northeast", "region_cod": null, "provnum_ne": 0, "gadm_level": 1, "check_me": 20, "datarank": 1, "abbrev": "Pa.", "postal": "PA", "area_sqkm": 0, "sameascity": -99, "labelrank": 0, "name_len": 12, "mapcolor9": 1, "mapcolor13": 1, "fips": "US42", "fips_alt": null, "woe_id": 2347597, "woe_label": "Pennsylvania, US, United States", "woe_name": "Pennsylvania", "latitude": 40.8601, "longitude": -77.6094, "sov_a3": "US1", "adm0_a3": "USA", "adm0_label": 2, "admin": "United States of America", "geonunit": "United States of America", "gu_a3": "USA", "gn_id": 6254927, "gn_name": "Pennsylvania", "gns_id": -1, "gns_name": null, "gn_level": 1, "gn_region": null, "gn_a1_code": "US.PA", "region_sub": "Middle Atlantic", "sub_code": null, "gns_level": -1, "gns_lang": null, "gns_adm1": null, "gns_region": null, "min_label": 3.5, "max_label": 7.5, "min_zoom": 2, "wikidataid": "Q1400", "name_ar": "\u0628\u0646\u0633\u064a\u0644\u0641\u0627\u0646\u064a\u0627", "name_bn": "\u09aa\u09c7\u09a8\u09b8\u09bf\u09b2\u09ad\u09c7\u09a8\u09bf\u09af\u09bc\u09be", "name_de": "Pennsylvania", "name_en": "Pennsylvania", "name_es": "Pensilvania", "name_fr": "Pennsylvanie", "name_el": "\u03a0\u03b5\u03bd\u03c3\u03b9\u03bb\u03b2\u03ac\u03bd\u03b9\u03b1", "name_hi": "\u092a\u0947\u0928\u094d\u0938\u093f\u0932\u0935\u0947\u0928\u093f\u092f\u093e", "name_hu": "Pennsylvania", "name_id": "Pennsylvania", "name_it": "Pennsylvania", "name_ja": "\u30da\u30f3\u30b7\u30eb\u30d9\u30cb\u30a2\u5dde", "name_ko": "\ud39c\uc2e4\ubca0\uc774\ub2c8\uc544", "name_nl": "Pennsylvania", "name_pl": "Pensylwania", "name_pt": "Pensilv\u00e2nia", "name_ru": "\u041f\u0435\u043d\u0441\u0438\u043b\u044c\u0432\u0430\u043d\u0438\u044f", "name_sv": "Pennsylvania", "name_tr": "Pensilvanya", "name_vi": "Pennsylvania", "name_zh": "\u5bbe\u5915\u6cd5\u5c3c\u4e9a\u5dde", "ne_id": 1159315331, "name_he": "\u05e4\u05e0\u05e1\u05d9\u05dc\u05d1\u05e0\u05d9\u05d4", "name_uk": "\u041f\u0435\u043d\u0441\u0438\u043b\u044c\u0432\u0430\u043d\u0456\u044f", "name_ur": "\u067e\u0646\u0633\u0644\u0648\u0627\u0646\u06cc\u0627", "name_fa": "\u067e\u0646\u0633\u06cc\u0644\u0648\u0627\u0646\u06cc\u0627", "name_zht": "\u8cd3\u5915\u6cd5\u5c3c\u4e9e\u5dde", "FCLASS_ISO": null, "FCLASS_US": null, "FCLASS_FR": null, "FCLASS_RU": null, "FCLASS_ES": null, "FCLASS_CN": null, "FCLASS_TW": null, "FCLASS_IN": null, "FCLASS_NP": null, "FCLASS_PK": null, "FCLASS_DE": null, "FCLASS_GB": null, "FCLASS_BR": null, "FCLASS_IL": null, "FCLASS_PS": null, "FCLASS_SA": null, "FCLASS_EG": null, "FCLASS_MA": null, "FCLASS_PT": null, "FCLASS_AR": null, "FCLASS_JP": null, "FCLASS_KO": null, "FCLASS_VN": null, "FCLASS_TR": null, "FCLASS_ID": null, "FCLASS_PL": null, "FCLASS_GR": null, "FCLASS_IT": null, "FCLASS_NL": null, "FCLASS_SE": null, "FCLASS_BD": null, "FCLASS_UA": null, "FCLASS_TLC": null}, "bbox": [-80.51893, 39.719824, -74.679028, 42.546122], "geometry": {"type": "Polygon", "coordinates": [[[-80.51893, 40.641111], [-76.743837, 42.000537], [-74.801268, 41.311561], [-74.763183, 40.190777], [-76.668183, 39.720883], [-80.51893, 40.641111]]]}}, {"type": "Feature", "properties": {"featurecla": "Admin-1 scale rank", "scalerank": 2, "adm1_code": "USA-3561", "diss_me": 3561, "iso_3166_2": "US-ME", "wikipedia": "http://en.wikipedia.org/wiki/Maine", "iso_a2": "US", "adm0_sr": 6, "name": "Maine", "name_alt": "ME|Maine", "name_local": null, "type": "State", "type_en": "State", "code_local": "US23", "code_hasc": "US.ME", "note": null, "hasc_maybe": null, "region": "Northeast", "region_cod": null, "provnum_ne": 0, "gadm_level": 1, "check_me": 20, "datarank": 1, "abbrev": "Maine", "postal": "ME", "area_sqkm": 0, "sameascity": -99, "labelrank": 0, "name_len": 5, "mapcolor9": 1, "mapcolor13": 1, "fips": "US23", "fips_alt": null, "woe_id": 2347578, "woe_label": "Maine, US, United States", "woe_name": "Maine", "latitude": 45.148, "longitude": -69.1973, "sov_a3": "US1", "adm0_a3": "USA", "adm0_label": 2, "admin": "United States of America", "geonunit": "United States of America", "gu_a3": "USA", "gn_id": 4971068, "gn_name": "Maine", "gns_id": -1, "gns_name": null, "gn_level": 1, "gn_region": null, "gn_a1_code": "US.ME", "region_sub": "New England", "sub_code": null, "gns_level": -1, "gns_lang": null, "gns_adm1": null, "gns_region": null, "min_label": 3.5, "max_label": 7.5, "min_zoom": 2, "wikidataid": "Q724", "name_ar": "\u0645\u064a\u0646", "name_bn": "\u09ae\u09c7\u0987\u09a8", "name_de": "Maine", "name_en": "Maine", "name_es": "Maine", "name_fr": "Maine", "name_el": "\u039c\u03ad\u03b9\u03bd", "name_hi": "\u092e\u0947\u0928", "name_hu": "Maine", "name_id": "Maine", "name_it": "Maine", "name_ja": "\u30e1\u30a4\u30f3\u5dde", "name_ko": "\uba54\uc778", "name_nl": "Maine", "name_pl": "Maine", "name_pt": "Maine", "name_ru": "\u041c\u044d\u043d", "name_sv": "Maine", "name_tr": "Maine", "name_vi": "Maine", "name_zh": "\u7f05\u56e0\u5dde", "ne_id": 1159308501, "name_he": "\u05de\u05d9\u05d9\u05df", "name_uk": "\u041c\u0435\u043d", "name_ur": "\u0645\u06cc\u0646\u06d2", "name_fa": "\u0645\u06cc\u0646", "name_zht": "\u7f05\u56e0\u5dde", "FCLASS_ISO": null, "FCLASS_US": null, "FCLASS_FR": null, "FCLASS_RU": null, "FCLASS_ES": null, "FCLASS_CN": null, "FCLASS_TW": null, "FCLASS_IN": null, "FCLASS_NP": null, "FCLASS_PK": null, "FCLASS_DE": null, "FCLASS_GB": null, "FCLASS_BR": null, "FCLASS_IL": null, "FCLASS_PS": null, "FCLASS_SA": null, "FCLASS_EG": null, "FCLASS_MA": null, "FCLASS_PT": null, "FCLASS_AR": null, "FCLASS_JP": null, "FCLASS_KO": null, "FCLASS_VN": null, "FCLASS_TR": null, "FCLASS_ID": null, "FCLASS_PL": null, "FCLASS_GR": null, "FCLASS_IT": null, "FCLASS_NL": null, "FCLASS_SE": null, "FCLASS_BD": null, "FCLASS_UA": null, "FCLASS_TLC": null}, "bbox": [-71.08482, 43.080032, -66.96466, 47.447776], "geometry": {"type": "Polygon", "coordinates": [[[-70.645734, 43.090083], [-70.00014, 46.693171], [-68.03252, 44.3252], [-70.645734, 43.090083]]]}}, {"type": "Feature", "properties": {"featurecla": "Admin-1 scale rank", "scalerank": 2, "adm1_code": "USA-3562", "diss_me": 3562, "iso_3166_2": "US-MI", "wikipedia": "http://en.wikipedia.org/wiki/Michigan", "iso_a2": "US", "adm0_sr": 1, "name": "Michigan", "name_alt": "MI|Mich.", "name_local": null, "type": "State", "type_en": "State", "code_local": "US26", "code_hasc": "US.MI", "note": null, "hasc_maybe": null, "region": "Midwest", "region_cod": null, "provnum_ne": 0, "gadm_level": 1, "check_me": 20, "datarank": 1, "abbrev": "Mich.", "postal": "MI", "area_sqkm": 0, "sameascity": -99, "labelrank": 0, "name_len": 8, "mapcolor9": 1, "mapcolor13": 1, "fips": "US26", "fips_alt": null, "woe_id": 2347581, "woe_label": "Michigan, US, United States", "woe_name": "Michigan", "latitude": 43.4343, "longitude": -84.9479, "sov_a3": "US1", "adm0_a3": "USA", "adm0_label": 2, "admin": "United States of America", "geonunit": "United States of America", "gu_a3": "USA", "gn_id": 5001836, "gn_name": "Michigan", "gns_id": -1, "gns_name": null, "gn_level": 1, "gn_region": null, "gn_a1_code": "US.MI", "region_sub": "East North Central", "sub_code": null, "gns_level": -1, "gns_lang": null, "gns_adm1": null, "gns_region": null, "min_label": 3.5, "max_label": 7.5, "min_zoom": 2, "wikidataid": "Q1166", "name_ar": "\u0645\u064a\u0634\u064a\u063a\u0627\u0646", "name_bn": "\u09ae\u09bf\u09b6\u09bf\u0997\u09be\u09a8", "name_de": "Michigan", "name_en": "Michigan", "name_es": "M\u00edchigan", "name_fr": "Michigan", "name_el": "\u039c\u03af\u03c3\u03b9\u03b3\u03ba\u03b1\u03bd", "name_hi": "\u092e\u093f\u0936\u093f\u0917\u0928", "name_hu": "Michigan", "name_id": "Michigan", "name_it": "Michigan", "name_ja": "\u30df\u30b7\u30ac\u30f3\u5dde", "name_ko": "\ubbf8\uc2dc\uac04", "name_nl": "Michigan", "name_pl": "Michigan", "name_pt": "Michigan", "name_ru": "\u041c\u0438\u0447\u0438\u0433\u0430\u043d", "name_sv": "Michigan", "name_tr": "Michigan", "name_vi": "Michigan", "name_zh": "\u5bc6\u6b47\u6839\u5dde", "ne_id": 1159314665, "name_he": "\u05de\u05d9\u05e9\u05d9\u05d2\u05df", "name_uk": "\u041c\u0456\u0447\u0438\u0433\u0430\u043d", "name_ur": "\u0645\u0634\u06cc \u06af\u0646", "name_fa": "\u0645\u06cc\u0634\u06cc\u06af\u0627\u0646", "name_zht": "\u5bc6\u6b47\u6839\u5dde", "FCLASS_ISO": null, "FCLASS_US": null, "FCLASS_FR": null, "FCLASS_RU": null, "FCLASS_ES": null, "FCLASS_CN": null, "FCLASS_TW": null, "FCLASS_IN": null, "FCLASS_NP": null, "FCLASS_PK": null, "FCLASS_DE": null, "FCLASS_GB": null, "FCLASS_BR": null, "FCLASS_IL": null, "FCLASS_PS": null, "FCLASS_SA": null, "FCLASS_EG": null, "FCLASS_MA": null, "FCLASS_PT": null, "FCLASS_AR": null, "FCLASS_JP": null, "FCLASS_KO": null, "FCLASS_VN": null, "FCLASS_TR": null, "FCLASS_ID": null, "FCLASS_PL": null, "FCLASS_GR": null, "FCLASS_IT": null, "FCLASS_NL": null, "FCLASS_SE": null, "FCLASS_BD": null, "FCLASS_UA": null, "FCLASS_TLC": null}, "bbox": [-90.410626, 41.677741, -82.137642, 48.302918], "geometry": {"type": "Polygon", "coordinates": [[[-89.957656, 47.286907], [-89.18561, 48.047326], [-86.234447, 47.459946], [-84.826858, 46.766732], [-84.115144, 46.370917], [-83.397049, 45.729044], [-82.407523, 44.743729], [-82.417031, 43.017607], [-84.295056, 41.685156], [-87.175836, 41.9439], [-87.141962, 43.657878], [-86.2646, 45.226878], [-87.612915, 45.110451], [-88.111929, 45.843352], [-90.334971, 46.596872], [-90.128059, 47.0239], [-89.957656, 47.286907]]]}}, {"type": "Feature", "properties": {"featurecla": "Admin-1 scale rank", "scalerank": 2, "adm1_code": "USA-3563", "diss_me": 3563, "iso_3166_2": "US-AK", "wikipedia": "http://en.wikipedia.org/wiki/Alaska", "iso_a2": "US", "adm0_sr": 6, "name": "Alaska", "name_alt": "AK|Alaska", "name_local": null, "type": "State", "type_en": "State", "code_local": "US02", "code_hasc": "US.AK", "note": null, "hasc_maybe": null, "region": "West", "region_cod": null, "provnum_ne": 0, "gadm_level": 1, "check_me": 20, "datarank": 1, "abbrev": "Alaska", "postal": "AK", "area_sqkm": 0, "sameascity": -99, "labelrank": 0, "name_len": 6, "mapcolor9": 1, "mapcolor13": 1, "fips": "US02", "fips_alt": null, "woe_id": 2347560, "woe_label": "Alaska, US, United States", "woe_name": "Alaska", "latitude": 65.3609, "longitude": -151.604, "sov_a3": "US1", "adm0_a3": "USA", "adm0_label": 2, "admin": "United States of America", "geonunit": "United States of America", "gu_a3": "USA", "gn_id": 5879092, "gn_name": "Alaska", "gns_id": -1, "gns_name": null, "gn_level": 1, "gn_region": null, "gn_a1_code": "US.AK", "region_sub": "Pacific", "sub_code": null, "gns_level": -1, "gns_lang": null, "gns_adm1": null, "gns_region": null, "min_label": 3.5, "max_label": 7.5, "min_zoom": 2, "wikidataid": "Q797", "name_ar": "\u0623\u0644\u0627\u0633\u0643\u0627", "name_bn": "\u0986\u09b2\u09be\u09b8\u09cd\u0995\u09be", "name_de": "Alaska", "name_en": "Alaska", "name_es": "Alaska", "name_fr": "Alaska", "name_el": "\u0391\u03bb\u03ac\u03c3\u03ba\u03b1", "name_hi": "\u0905\u0932\u093e\u0938\u094d\u0915\u093e", "name_hu": "Alaszka", "name_id": "Alaska", "name_it": "Alaska", "name_ja": "\u30a2\u30e9\u30b9\u30ab\u5dde", "name_ko": "\uc54c\ub798\uc2a4\uce74", "name_nl": "Alaska", "name_pl": "Alaska", "name_pt": "Alasca", "name_ru": "\u0410\u043b\u044f\u0441\u043a\u0430", "name_sv": "Alaska", "name_tr": "Alaska", "name_vi": "Alaska", "name_zh": "\u963f\u62c9\u65af\u52a0\u5dde", "ne_id": 1159308731, "name_he": "\u05d0\u05dc\u05e1\u05e7\u05d4", "name_uk": "\u0410\u043b\u044f\u0441\u043a\u0430", "name_ur": "\u0627\u0644\u0627\u0633\u06a9\u0627", "name_fa": "\u0622\u0644\u0627\u0633\u06a9\u0627", "name_zht": "\u963f\u62c9\u65af\u52a0\u5dde", "FCLASS_ISO": null, "FCLASS_US": null, "FCLASS_FR": null, "FCLASS_RU": null, "FCLASS_ES": null, "FCLASS_CN": null, "FCLASS_TW": null, "FCLASS_IN": null, "FCLASS_NP": null, "FCLASS_PK": null, "FCLASS_DE": null, "FCLASS_GB": null, "FCLASS_BR": null, "FCLASS_IL": null, "FCLASS_PS": null, "FCLASS_SA": null, "FCLASS_EG": null, "FCLASS_MA": null, "FCLASS_PT": null, "FCLASS_AR": null, "FCLASS_JP": null, "FCLASS_KO": null, "FCLASS_VN": null, "FCLASS_TR": null, "FCLASS_ID": null, "FCLASS_PL": null, "FCLASS_GR": null, "FCLASS_IT": null, "FCLASS_NL": null, "FCLASS_SE": null, "FCLASS_BD": null, "FCLASS_UA": null, "FCLASS_TLC": null}, "bbox": [-171.791111, 54.404173, -129.979994, 71.357764], "geometry": {"type": "MultiPolygon", "coordinates": [[[[-153.228729, 57.968968], [-153.228729, 57.968968]]], [[[-166.467792, 60.38417], [-166.467792, 60.38417]]], [[[-171.731657, 63.782515], [-170.671386, 63.375822], [-171.731657, 63.782515]]], [[[-140.985988, 69.711998], [-136.479725, 59.463864], [-129.979994, 55.284998], [-136.628062, 58.212209], [-148.224306, 60.672989], [-150.346941, 61.033588], [-156.308335, 57.422774], [-163.069447, 54.689737], [-158.684443, 57.016675], [-159.711667, 58.93139], [-163.818341, 59.798056], [-163.753332, 63.219449], [-161.391926, 64.777235], [-166.705271, 66.088318], [-165.390287, 68.042772], [-159.039176, 70.891642], [-150.739992, 70.430017], [-140.985988, 69.711998]]]]}}], "bbox": [-171.791110602891, 18.9161900000001, -66.96466, 71.3577635769417]}