{"type": "FeatureCollection", "name": "ne_110m_admin_0_countries", "crs": {"type": "name", "properties": {"name": "urn:ogc:def:crs:OGC:1.3:CRS84"}}, "features": [{"type": "Feature", "properties": {"featurecla": "Admin-0 country", "scalerank": 1, "LABELRANK": 6, "SOVEREIGNT": "Fiji", "SOV_A3": "FJI", "ADM0_DIF": 0, "LEVEL": 2, "TYPE": "Sovereign country", "TLC": "1", "ADMIN": "Fiji", "ADM0_A3": "FJI", "GEOU_DIF": 0, "GEOUNIT": "Fiji", "GU_A3": "FJI", "SU_DIF": 0, "SUBUNIT": "Fiji", "SU_A3": "FJI", "BRK_DIFF": 0, "NAME": "Fiji", "NAME_LONG": "Fiji", "BRK_A3": "FJI", "BRK_NAME": "Fiji", "BRK_GROUP": null, "ABBREV": "Fiji", "POSTAL": "FJ", "FORMAL_EN": "Republic of Fiji", "FORMAL_FR": null, "NAME_CIAWF": "Fiji", "NOTE_ADM0": null, "NOTE_BRK": null, "NAME_SORT": "Fiji", "NAME_ALT": null, "MAPCOLOR7": 5, "MAPCOLOR8": 1, "MAPCOLOR9": 2, "MAPCOLOR13": 2, "POP_EST": 889953, "POP_RANK": 11, "POP_YEAR": 2019, "GDP_MD": 5496, "GDP_YEAR": 2019, "ECONOMY": "6. Developing region", "INCOME_GRP": "4. Lower middle income", "FIPS_10": "FJ", "ISO_A2": "FJ", "ISO_A2_EH": "FJ", "ISO_A3": "FJI", "ISO_A3_EH": "FJI", "ISO_N3": "242", "ISO_N3_EH": "242", "UN_A3": "242", "WB_A2": "FJ", "WB_A3": "FJI", "WOE_ID": 23424813, "WOE_ID_EH": 23424813, "WOE_NOTE": "Exact WOE match as country", "ADM0_ISO": "FJI", "ADM0_DIFF": null, "ADM0_TLC": "FJI", "ADM0_A3_US": "FJI", "ADM0_A3_FR": "FJI", "ADM0_A3_RU": "FJI", "ADM0_A3_ES": "FJI", "ADM0_A3_CN": "FJI", "ADM0_A3_TW": "FJI", "ADM0_A3_IN": "FJI", "ADM0_A3_NP": "FJI", "ADM0_A3_PK": "FJI", "ADM0_A3_DE": "FJI", "ADM0_A3_GB": "FJI", "ADM0_A3_BR": "FJI", "ADM0_A3_IL": "FJI", "ADM0_A3_PS": "FJI", "ADM0_A3_SA": "FJI", "ADM0_A3_EG": "FJI", "ADM0_A3_MA": "FJI", "ADM0_A3_PT": "FJI", "ADM0_A3_AR": "FJI", "ADM0_A3_JP": "FJI", "ADM0_A3_KO": "FJI", "ADM0_A3_VN": "FJI", "ADM0_A3_TR": "FJI", "ADM0_A3_ID": "FJI", "ADM0_A3_PL": "FJI", "ADM0_A3_GR": "FJI", "ADM0_A3_IT": "FJI", "ADM0_A3_NL": "FJI", "ADM0_A3_SE": "FJI", "ADM0_A3_BD": "FJI", "ADM0_A3_UA": "FJI", "ADM0_A3_UN": -99, "ADM0_A3_WB": -99, "CONTINENT": "Oceania", "REGION_UN": "Oceania", "SUBREGION": "Melanesia", "REGION_WB": "East Asia & Pacific", "NAME_LEN": 4, "LONG_LEN": 4, "ABBREV_LEN": 4, "TINY": -99, "HOMEPART": 1, "MIN_ZOOM": 0, "MIN_LABEL": 3, "MAX_LABEL": 8, "LABEL_X": 177.975427, "LABEL_Y": -17.826099, "NE_ID": 1159320625, "WIKIDATAID": "Q712", "NAME_AR": "\u0641\u064a\u062c\u064a", "NAME_BN": "\u09ab\u09bf\u099c\u09bf", "NAME_DE": "Fidschi", "NAME_EN": "Fiji", "NAME_ES": "Fiyi", "NAME_FA": "\u0641\u06cc\u062c\u06cc", "NAME_FR": "Fidji", "NAME_EL": "\u03a6\u03af\u03c4\u03b6\u03b9", "NAME_HE": "\u05e4\u05d9\u05d2'\u05d9", "NAME_HI": "\u092b\u093c\u093f\u091c\u0940", "NAME_HU": "Fidzsi-szigetek", "NAME_ID": "Fiji", "NAME_IT": "Figi", "NAME_JA": "\u30d5\u30a3\u30b8\u30fc", "NAME_KO": "\ud53c\uc9c0", "NAME_NL": "Fiji", "NAME_PL": "Fid\u017ci", "NAME_PT": "Fiji", "NAME_RU": "\u0424\u0438\u0434\u0436\u0438", "NAME_SV": "Fiji", "NAME_TR": "Fiji", "NAME_UK": "\u0424\u0456\u0434\u0436\u0456", "NAME_UR": "\u0641\u062c\u06cc", "NAME_VI": "Fiji", "NAME_ZH": "\u6590\u6d4e", "NAME_ZHT": "\u6590\u6fdf", "FCLASS_ISO": "Admin-0 country", "TLC_DIFF": null, "FCLASS_TLC": "Admin-0 country", "FCLASS_US": null, "FCLASS_FR": null, "FCLASS_RU": null, "FCLASS_ES": null, "FCLASS_CN": null, "FCLASS_TW": null, "FCLASS_IN": null, "FCLASS_NP": null, "FCLASS_PK": null, "FCLASS_DE": null, "FCLASS_GB": null, "FCLASS_BR": null, "FCLASS_IL": null, "FCLASS_PS": null, "FCLASS_SA": null, "FCLASS_EG": null, "FCLASS_MA": null, "FCLASS_PT": null, "FCLASS_AR": null, "FCLASS_JP": null, "FCLASS_KO": null, "FCLASS_VN": null, "FCLASS_TR": null, "FCLASS_ID": null, "FCLASS_PL": null, "FCLASS_GR": null, "FCLASS_IT": null, "FCLASS_NL": null, "FCLASS_SE": null, "FCLASS_BD": null, "FCLASS_UA": null}, "bbox": [-180, -18.28799, 180, -16.020882], "geometry": {"type": "MultiPolygon", "coordinates": [[[[180, -16.067133], [180, -16.067133]]], [[[178.12557, -17.50481], [178.12557, -17.50481]]], [[[-179.79332, -16.020882], [-179.79332, -16.020882]]]]}}, {"type": "Feature", "properties": {"featurecla": "Admin-0 country", "scalerank": 1, "LABELRANK": 3, "SOVEREIGNT": "United Republic of Tanzania", "SOV_A3": "TZA", "ADM0_DIF": 0, "LEVEL": 2, "TYPE": "Sovereign country", "TLC": "1", "ADMIN": "United Republic of Tanzania", "ADM0_A3": "TZA", "GEOU_DIF": 0, "GEOUNIT": "Tanzania", "GU_A3": "TZA", "SU_DIF": 0, "SUBUNIT": "Tanzania", "SU_A3": "TZA", "BRK_DIFF": 0, "NAME": "Tanzania", "NAME_LONG": "Tanzania", "BRK_A3": "TZA", "BRK_NAME": "Tanzania", "BRK_GROUP": null, "ABBREV": "Tanz.", "POSTAL": "TZ", "FORMAL_EN": "United Republic of Tanzania", "FORMAL_FR": null, "NAME_CIAWF": "Tanzania", "NOTE_ADM0": null, "NOTE_BRK": null, "NAME_SORT": "Tanzania", "NAME_ALT": null, "MAPCOLOR7": 3, "MAPCOLOR8": 6, "MAPCOLOR9": 2, "MAPCOLOR13": 2, "POP_EST": 58005463, "POP_RANK": 16, "POP_YEAR": 2019, "GDP_MD": 63177, "GDP_YEAR": 2019, "ECONOMY": "7. Least developed region", "INCOME_GRP": "5. Low income", "FIPS_10": "TZ", "ISO_A2": "TZ", "ISO_A2_EH": "TZ", "ISO_A3": "TZA", "ISO_A3_EH": "TZA", "ISO_N3": "834", "ISO_N3_EH": "834", "UN_A3": "834", "WB_A2": "TZ", "WB_A3": "TZA", "WOE_ID": 23424973, "WOE_ID_EH": 23424973, "WOE_NOTE": "Exact WOE match as country", "ADM0_ISO": "TZA", "ADM0_DIFF": null, "ADM0_TLC": "TZA", "ADM0_A3_US": "TZA", "ADM0_A3_FR": "TZA", "ADM0_A3_RU": "TZA", "ADM0_A3_ES": "TZA", "ADM0_A3_CN": "TZA", "ADM0_A3_TW": "TZA", "ADM0_A3_IN": "TZA", "ADM0_A3_NP": "TZA", "ADM0_A3_PK": "TZA", "ADM0_A3_DE": "TZA", "ADM0_A3_GB": "TZA", "ADM0_A3_BR": "TZA", "ADM0_A3_IL": "TZA", "ADM0_A3_PS": "TZA", "ADM0_A3_SA": "TZA", "ADM0_A3_EG": "TZA", "ADM0_A3_MA": "TZA", "ADM0_A3_PT": "TZA", "ADM0_A3_AR": "TZA", "ADM0_A3_JP": "TZA", "ADM0_A3_KO": "TZA", "ADM0_A3_VN": "TZA", "ADM0_A3_TR": "TZA", "ADM0_A3_ID": "TZA", "ADM0_A3_PL": "TZA", "ADM0_A3_GR": "TZA", "ADM0_A3_IT": "TZA", "ADM0_A3_NL": "TZA", "ADM0_A3_SE": "TZA", "ADM0_A3_BD": "TZA", "ADM0_A3_UA": "TZA", "ADM0_A3_UN": -99, "ADM0_A3_WB": -99, "CONTINENT": "Africa", "REGION_UN": "Africa", "SUBREGION": "Eastern Africa", "REGION_WB": "Sub-Saharan Africa", "NAME_LEN": 8, "LONG_LEN": 8, "ABBREV_LEN": 5, "TINY": -99, "HOMEPART": 1, "MIN_ZOOM": 0, "MIN_LABEL": 3, "MAX_LABEL": 8, "LABEL_X": 34.959183, "LABEL_Y": -6.051866, "NE_ID": 1159321337, "WIKIDATAID": "Q924", "NAME_AR": "\u062a\u0646\u0632\u0627\u0646\u064a\u0627", "NAME_BN": "\u09a4\u09be\u09a8\u099c\u09be\u09a8\u09bf\u09af\u09bc\u09be", "NAME_DE": "Tansania", "NAME_EN": "Tanzania", "NAME_ES": "Tanzania", "NAME_FA": "\u062a\u0627\u0646\u0632\u0627\u0646\u06cc\u0627", "NAME_FR": "Tanzanie", "NAME_EL": "\u03a4\u03b1\u03bd\u03b6\u03b1\u03bd\u03af\u03b1", "NAME_HE": "\u05d8\u05e0\u05d6\u05e0\u05d9\u05d4", "NAME_HI": "\u0924\u0902\u091c\u093c\u093e\u0928\u093f\u092f\u093e", "NAME_HU": "Tanz\u00e1nia", "NAME_ID": "Tanzania", "NAME_IT": "Tanzania", "NAME_JA": "\u30bf\u30f3\u30b6\u30cb\u30a2", "NAME_KO": "\ud0c4\uc790\ub2c8\uc544", "NAME_NL": "Tanzania", "NAME_PL": "Tanzania", "NAME_PT": "Tanz\u00e2nia", "NAME_RU": "\u0422\u0430\u043d\u0437\u0430\u043d\u0438\u044f", "NAME_SV": "Tanzania", "NAME_TR": "Tanzanya", "NAME_UK": "\u0422\u0430\u043d\u0437\u0430\u043d\u0456\u044f", "NAME_UR": "\u062a\u0646\u0632\u0627\u0646\u06cc\u06c1", "NAME_VI": "Tanzania", "NAME_ZH": "\u5766\u6851\u5c3c\u4e9a", "NAME_ZHT": "\u5766\u5c1a\u5c3c\u4e9e", "FCLASS_ISO": "Admin-0 country", "TLC_DIFF": null, "FCLASS_TLC": "Admin-0 country", "FCLASS_US": null, "FCLASS_FR": null, "FCLASS_RU": null, "FCLASS_ES": null, "FCLASS_CN": null, "FCLASS_TW": null, "FCLASS_IN": null, "FCLASS_NP": null, "FCLASS_PK": null, "FCLASS_DE": null, "FCLASS_GB": null, "FCLASS_BR": null, "FCLASS_IL": null, "FCLASS_PS": null, "FCLASS_SA": null, "FCLASS_EG": null, "FCLASS_MA": null, "FCLASS_PT": null, "FCLASS_AR": null, "FCLASS_JP": null, "FCLASS_KO": null, "FCLASS_VN": null, "FCLASS_TR": null, "FCLASS_ID": null, "FCLASS_PL": null, "FCLASS_GR": null, "FCLASS_IT": null, "FCLASS_NL": null, "FCLASS_SE": null, "FCLASS_BD": null, "FCLASS_UA": null}, "bbox": [29.339998, -11.720938, 40.31659, -0.95], "geometry": {"type": "Polygon", "coordinates": [[[33.903711, -0.95], [39.47, -7.1], [39.521, -10.89688], [34.28, -10.16], [30.740015, -8.340007], [30.50554, -3.56858], [30.419105, -1.134659], [33.903711, -0.95]]]}}, {"type": "Feature", "properties": {"featurecla": "Admin-0 country", "scalerank": 1, "LABELRANK": 7, "SOVEREIGNT": "Western Sahara", "SOV_A3": "SAH", "ADM0_DIF": 0, "LEVEL": 2, "TYPE": "Indeterminate", "TLC": "1", "ADMIN": "Western Sahara", "ADM0_A3": "SAH", "GEOU_DIF": 0, "GEOUNIT": "Western Sahara", "GU_A3": "SAH", "SU_DIF": 0, "SUBUNIT": "Western Sahara", "SU_A3": "SAH", "BRK_DIFF": 1, "NAME": "W. Sahara", "NAME_LONG": "Western Sahara", "BRK_A3": "B28", "BRK_NAME": "W. Sahara", "BRK_GROUP": null, "ABBREV": "W. Sah.", "POSTAL": "WS", "FORMAL_EN": "Sahrawi Arab Democratic Republic", "FORMAL_FR": null, "NAME_CIAWF": "Western Sahara", "NOTE_ADM0": null, "NOTE_BRK": "Self admin.; Claimed by Morocco", "NAME_SORT": "Western Sahara", "NAME_ALT": null, "MAPCOLOR7": 4, "MAPCOLOR8": 7, "MAPCOLOR9": 4, "MAPCOLOR13": 4, "POP_EST": 603253, "POP_RANK": 11, "POP_YEAR": 2017, "GDP_MD": 907, "GDP_YEAR": 2007, "ECONOMY": "7. Least developed region", "INCOME_GRP": "5. Low income", "FIPS_10": "WI", "ISO_A2": "EH", "ISO_A2_EH": "EH", "ISO_A3": "ESH", "ISO_A3_EH": "ESH", "ISO_N3": "732", "ISO_N3_EH": "732", "UN_A3": "732", "WB_A2": "-99", "WB_A3": "-99", "WOE_ID": 23424990, "WOE_ID_EH": 23424990, "WOE_NOTE": "Exact WOE match as country", "ADM0_ISO": "B28", "ADM0_DIFF": null, "ADM0_TLC": "B28", "ADM0_A3_US": "SAH", "ADM0_A3_FR": "MAR", "ADM0_A3_RU": "SAH", "ADM0_A3_ES": "SAH", "ADM0_A3_CN": "SAH", "ADM0_A3_TW": "SAH", "ADM0_A3_IN": "MAR", "ADM0_A3_NP": "SAH", "ADM0_A3_PK": "SAH", "ADM0_A3_DE": "SAH", "ADM0_A3_GB": "SAH", "ADM0_A3_BR": "SAH", "ADM0_A3_IL": "SAH", "ADM0_A3_PS": "MAR", "ADM0_A3_SA": "MAR", "ADM0_A3_EG": "SAH", "ADM0_A3_MA": "MAR", "ADM0_A3_PT": "SAH", "ADM0_A3_AR": "SAH", "ADM0_A3_JP": "SAH", "ADM0_A3_KO": "SAH", "ADM0_A3_VN": "SAH", "ADM0_A3_TR": "MAR", "ADM0_A3_ID": "MAR", "ADM0_A3_PL": "MAR", "ADM0_A3_GR": "SAH", "ADM0_A3_IT": "SAH", "ADM0_A3_NL": "MAR", "ADM0_A3_SE": "SAH", "ADM0_A3_BD": "SAH", "ADM0_A3_UA": "SAH", "ADM0_A3_UN": -99, "ADM0_A3_WB": -99, "CONTINENT": "Africa", "REGION_UN": "Africa", "SUBREGION": "Northern Africa", "REGION_WB": "Middle East & North Africa", "NAME_LEN": 9, "LONG_LEN": 14, "ABBREV_LEN": 7, "TINY": -99, "HOMEPART": 1, "MIN_ZOOM": 4.7, "MIN_LABEL": 6, "MAX_LABEL": 11, "LABEL_X": -12.630304, "LABEL_Y": 23.967592, "NE_ID": 1159321223, "WIKIDATAID": "Q6250", "NAME_AR": "\u0627\u0644\u0635\u062d\u0631\u0627\u0621 \u0627\u0644\u063a\u0631\u0628\u064a\u0629", "NAME_BN": "\u09aa\u09b6\u09cd\u099a\u09bf\u09ae \u09b8\u09be\u09b9\u09be\u09b0\u09be", "NAME_DE": "Westsahara", "NAME_EN": "Western Sahara", "NAME_ES": "Sahara Occidental", "NAME_FA": "\u0635\u062d\u0631\u0627\u06cc \u063a\u0631\u0628\u06cc", "NAME_FR": "Sahara occidental", "NAME_EL": "\u0394\u03c5\u03c4\u03b9\u03ba\u03ae \u03a3\u03b1\u03c7\u03ac\u03c1\u03b1", "NAME_HE": "\u05e1\u05d4\u05e8\u05d4 \u05d4\u05de\u05e2\u05e8\u05d1\u05d9\u05ea", "NAME_HI": "\u092a\u0936\u094d\u091a\u093f\u092e\u0940 \u0938\u0939\u093e\u0930\u093e", "NAME_HU": "Nyugat-Szahara", "NAME_ID": "Sahara Barat", "NAME_IT": "Sahara Occidentale", "NAME_JA": "\u897f\u30b5\u30cf\u30e9", "NAME_KO": "\uc11c\uc0ac\ud558\ub77c", "NAME_NL": "Westelijke Sahara", "NAME_PL": "Sahara Zachodnia", "NAME_PT": "Sara Ocidental", "NAME_RU": "\u0417\u0430\u043f\u0430\u0434\u043d\u0430\u044f \u0421\u0430\u0445\u0430\u0440\u0430", "NAME_SV": "V\u00e4stsahara", "NAME_TR": "Bat\u0131 Sahra", "NAME_UK": "\u0417\u0430\u0445\u0456\u0434\u043d\u0430 \u0421\u0430\u0445\u0430\u0440\u0430", "NAME_UR": "\u0645\u063a\u0631\u0628\u06cc \u0635\u062d\u0627\u0631\u0627", "NAME_VI": "T\u00e2y Sahara", "NAME_ZH": "\u897f\u6492\u54c8\u62c9", "NAME_ZHT": "\u897f\u6492\u54c8\u62c9", "FCLASS_ISO": "Admin-0 dependency", "TLC_DIFF": null, "FCLASS_TLC": "Admin-0 dependency", "FCLASS_US": null, "FCLASS_FR": "Unrecognized", "FCLASS_RU": null, "FCLASS_ES": null, "FCLASS_CN": null, "FCLASS_TW": null, "FCLASS_IN": "Unrecognized", "FCLASS_NP": null, "FCLASS_PK": null, "FCLASS_DE": null, "FCLASS_GB": null, "FCLASS_BR": null, "FCLASS_IL": null, "FCLASS_PS": "Unrecognized", "FCLASS_SA": "Unrecognized", "FCLASS_EG": null, "FCLASS_MA": "Unrecognized", "FCLASS_PT": null, "FCLASS_AR": null, "FCLASS_JP": null, "FCLASS_KO": null, "FCLASS_VN": null, "FCLASS_TR": "Unrecognized", "FCLASS_ID": "Unrecognized", "FCLASS_PL": "Unrecognized", "FCLASS_GR": null, "FCLASS_IT": null, "FCLASS_NL": "Unrecognized", "FCLASS_SE": null, "FCLASS_BD": null, "FCLASS_UA": null}, "bbox": [-17.063423, 20.999752, -8.665124, 27.656426], "geometry": {"type": "Polygon", "coordinates": [[[-8.66559, 27.656426], [-12.929102, 21.327071], [-13.89111, 23.691009], [-9.413037, 27.088476], [-8.66559, 27.656426]]]}}, {"type": "Feature", "properties": {"featurecla": "Admin-0 country", "scalerank": 1, "LABELRANK": 2, "SOVEREIGNT": "Canada", "SOV_A3": "CAN", "ADM0_DIF": 0, "LEVEL": 2, "TYPE": "Sovereign country", "TLC": "1", "ADMIN": "Canada", "ADM0_A3": "CAN", "GEOU_DIF": 0, "GEOUNIT": "Canada", "GU_A3": "CAN", "SU_DIF": 0, "SUBUNIT": "Canada", "SU_A3": "CAN", "BRK_DIFF": 0, "NAME": "Canada", "NAME_LONG": "Canada", "BRK_A3": "CAN", "BRK_NAME": "Canada", "BRK_GROUP": null, "ABBREV": "Can.", "POSTAL": "CA", "FORMAL_EN": "Canada", "FORMAL_FR": null, "NAME_CIAWF": "Canada", "NOTE_ADM0": null, "NOTE_BRK": null, "NAME_SORT": "Canada", "NAME_ALT": null, "MAPCOLOR7": 6, "MAPCOLOR8": 6, "MAPCOLOR9": 2, "MAPCOLOR13": 2, "POP_EST": 37589262, "POP_RANK": 15, "POP_YEAR": 2019, "GDP_MD": 1736425, "GDP_YEAR": 2019, "ECONOMY": "1. Developed region: G7", "INCOME_GRP": "1. High income: OECD", "FIPS_10": "CA", "ISO_A2": "CA", "ISO_A2_EH": "CA", "ISO_A3": "CAN", "ISO_A3_EH": "CAN", "ISO_N3": "124", "ISO_N3_EH": "124", "UN_A3": "124", "WB_A2": "CA", "WB_A3": "CAN", "WOE_ID": 23424775, "WOE_ID_EH": 23424775, "WOE_NOTE": "Exact WOE match as country", "ADM0_ISO": "CAN", "ADM0_DIFF": null, "ADM0_TLC": "CAN", "ADM0_A3_US": "CAN", "ADM0_A3_FR": "CAN", "ADM0_A3_RU": "CAN", "ADM0_A3_ES": "CAN", "ADM0_A3_CN": "CAN", "ADM0_A3_TW": "CAN", "ADM0_A3_IN": "CAN", "ADM0_A3_NP": "CAN", "ADM0_A3_PK": "CAN", "ADM0_A3_DE": "CAN", "ADM0_A3_GB": "CAN", "ADM0_A3_BR": "CAN", "ADM0_A3_IL": "CAN", "ADM0_A3_PS": "CAN", "ADM0_A3_SA": "CAN", "ADM0_A3_EG": "CAN", "ADM0_A3_MA": "CAN", "ADM0_A3_PT": "CAN", "ADM0_A3_AR": "CAN", "ADM0_A3_JP": "CAN", "ADM0_A3_KO": "CAN", "ADM0_A3_VN": "CAN", "ADM0_A3_TR": "CAN", "ADM0_A3_ID": "CAN", "ADM0_A3_PL": "CAN", "ADM0_A3_GR": "CAN", "ADM0_A3_IT": "CAN", "ADM0_A3_NL": "CAN", "ADM0_A3_SE": "CAN", "ADM0_A3_BD": "CAN", "ADM0_A3_UA": "CAN", "ADM0_A3_UN": -99, "ADM0_A3_WB": -99, "CONTINENT": "North America", "REGION_UN": "Americas", "SUBREGION": "Northern America", "REGION_WB": "North America", "NAME_LEN": 6, "LONG_LEN": 6, "ABBREV_LEN": 4, "TINY": -99, "HOMEPART": 1, "MIN_ZOOM": 0, "MIN_LABEL": 1.7, "MAX_LABEL": 5.7, "LABEL_X": -101.9107, "LABEL_Y": 60.324287, "NE_ID": 1159320467, "WIKIDATAID": "Q16", "NAME_AR": "\u0643\u0646\u062f\u0627", "NAME_BN": "\u0995\u09be\u09a8\u09be\u09a1\u09be", "NAME_DE": "Kanada", "NAME_EN": "Canada", "NAME_ES": "Canad\u00e1", "NAME_FA": "\u06a9\u0627\u0646\u0627\u062f\u0627", "NAME_FR": "Canada", "NAME_EL": "\u039a\u03b1\u03bd\u03b1\u03b4\u03ac\u03c2", "NAME_HE": "\u05e7\u05e0\u05d3\u05d4", "NAME_HI": "\u0915\u0928\u093e\u0921\u093e", "NAME_HU": "Kanada", "NAME_ID": "Kanada", "NAME_IT": "Canada", "NAME_JA": "\u30ab\u30ca\u30c0", "NAME_KO": "\uce90\ub098\ub2e4", "NAME_NL": "Canada", "NAME_PL": "Kanada", "NAME_PT": "Canad\u00e1", "NAME_RU": "\u041a\u0430\u043d\u0430\u0434\u0430", "NAME_SV": "Kanada", "NAME_TR": "Kanada", "NAME_UK": "\u041a\u0430\u043d\u0430\u0434\u0430", "NAME_UR": "\u06a9\u06cc\u0646\u06cc\u0688\u0627", "NAME_VI": "Canada", "NAME_ZH": "\u52a0\u62ff\u5927", "NAME_ZHT": "\u52a0\u62ff\u5927", "FCLASS_ISO": "Admin-0 country", "TLC_DIFF": null, "FCLASS_TLC": "Admin-0 country", "FCLASS_US": null, "FCLASS_FR": null, "FCLASS_RU": null, "FCLASS_ES": null, "FCLASS_CN": null, "FCLASS_TW": null, "FCLASS_IN": null, "FCLASS_NP": null, "FCLASS_PK": null, "FCLASS_DE": null, "FCLASS_GB": null, "FCLASS_BR": null, "FCLASS_IL": null, "FCLASS_PS": null, "FCLASS_SA": null, "FCLASS_EG": null, "FCLASS_MA": null, "FCLASS_PT": null, "FCLASS_AR": null, "FCLASS_JP": null, "FCLASS_KO": null, "FCLASS_VN": null, "FCLASS_TR": null, "FCLASS_ID": null, "FCLASS_PL": null, "FCLASS_GR": null, "FCLASS_IT": null, "FCLASS_NL": null, "FCLASS_SE": null, "FCLASS_BD": null, "FCLASS_UA": null}, "bbox": [-140.99778, 41.675105, -52.648099, 83.23324], "geometry": {"type": "MultiPolygon", "coordinates": [[[[-122.84, 49], [-129.30523, 53.56159], [-133.35556, 58.41028], [-140.013, 60.27682], [-135.62576, 69.31512], [-127.44712, 70.37721], [-117.60268, 69.01128], [-108.8802, 67.38144], [-103.22115, 68.09775], [-95.48943, 68.0907], [-92.87818, 71.31869], [-87.35017, 67.19872], [-81.96436, 68.13253], [-87.32324, 64.77563], [-94.62931, 60.11021], [-87.32421, 55.99914], [-79.91289, 51.20842], [-76.62319, 57.20263], [-74.6682, 62.18111], [-68.37455, 58.80106], [-61.79866, 56.33945], [-55.68338, 52.14664], [-66.39905, 50.22897], [-65.05626, 49.23278], [-60.4486, 46.28264], [-64.42549, 45.29204], [-69.99997, 46.69307], [-75.31821, 44.81645], [-78.92, 42.965], [-83.12, 42.08], [-83.616131, 46.116927], [-84.87608, 46.900083], [-91.64, 48.14], [-97.22872, 49.0007], [-120, 49], [-122.84, 49]]], [[[-83.99367, 62.4528], [-83.99367, 62.4528]]], [[[-79.775833, 72.802902], [-78.39167, 72.876656], [-79.775833, 72.802902]]], [[[-80.315395, 62.085565], [-80.315395, 62.085565]]], [[[-93.612756, 74.979997], [-93.612756, 74.979997]]], [[[-93.840003, 77.519997], [-93.840003, 77.519997]]], [[[-96.754399, 78.765813], [-96.754399, 78.765813]]], [[[-88.15035, 74.392307], [-96.745123, 77.161389], [-87.838276, 75.566189], [-81.948843, 74.442459], [-88.15035, 74.392307]]], [[[-111.264443, 78.152956], [-111.264443, 78.152956]]], [[[-110.963661, 78.804441], [-110.963661, 78.804441]]], [[[-55.600218, 51.317075], [-53.476549, 49.249139], [-53.961869, 47.625207], [-59.419494, 47.899454], [-55.600218, 51.317075]]], [[[-83.882626, 65.109618], [-83.108798, 64.101876], [-85.161308, 65.657285], [-83.882626, 65.109618]]], [[[-78.770639, 72.352173], [-67.91497, 70.121948], [-63.918444, 64.998669], [-64.669406, 63.392927], [-71.023437, 62.910708], [-77.897281, 65.309192], [-74.843307, 68.554627], [-84.944706, 69.966634], [-88.408242, 73.537889], [-78.770639, 72.352173]]], [[[-94.503658, 74.134907], [-96.018268, 73.43743], [-94.503658, 74.134907]]], [[[-122.854924, 76.116543], [-118.040412, 76.481172], [-122.854924, 76.116543]]], [[[-132.710008, 54.040009], [-133.239664, 53.85108], [-132.710008, 54.040009]]], [[[-105.492289, 79.301594], [-104.210429, 78.67742], [-105.492289, 79.301594]]], [[[-123.510002, 48.510011], [-128.358414, 50.770648], [-123.510002, 48.510011]]], [[[-121.53788, 74.44893], [-120.46, 71.383602], [-121.53788, 74.44893]]], [[[-107.81943, 75.84552], [-113.87135, 74.72029], [-109.0671, 75.47321], [-107.81943, 75.84552]]], [[[-106.52259, 73.07601], [-102.09329, 69.11962], [-113.85496, 69.00744], [-114.35, 70.6], [-117.86642, 72.70594], [-108.18835, 71.65089], [-106.52259, 73.07601]]], [[[-100.43836, 72.70588], [-96.72, 71.66], [-100.43836, 72.70588]]], [[[-106.6, 73.6], [-106.6, 73.6]]], [[[-98.5, 76.72], [-102.56552, 76.3366], [-98.5, 76.72]]], [[[-96.01644, 80.60233], [-87.02, 79.66], [-93.14524, 79.3801], [-96.01644, 80.60233]]], [[[-91.58702, 81.89429], [-81.1, 83.02], [-63.68, 82.9], [-69.4697, 80.61683], [-76.34354, 78.18296], [-83.17439, 76.45403], [-84.97634, 77.53873], [-84.19844, 80.20836], [-91.58702, 81.89429]]], [[[-75.21597, 67.44425], [-75.21597, 67.44425]]], [[[-96.257401, 69.49003], [-97.157401, 69.86003], [-96.257401, 69.49003]]], [[[-64.51912, 49.87304], [-64.51912, 49.87304]]], [[[-64.01486, 47.03601], [-64.01486, 47.03601]]]]}}, {"type": "Feature", "properties": {"featurecla": "Admin-0 country", "scalerank": 1, "LABELRANK": 2, "SOVEREIGNT": "United States of America", "SOV_A3": "US1", "ADM0_DIF": 1, "LEVEL": 2, "TYPE": "Country", "TLC": "1", "ADMIN": "United States of America", "ADM0_A3": "USA", "GEOU_DIF": 0, "GEOUNIT": "United States of America", "GU_A3": "USA", "SU_DIF": 0, "SUBUNIT": "United States", "SU_A3": "USA", "BRK_DIFF": 0, "NAME": "United States of America", "NAME_LONG": "United States", "BRK_A3": "USA", "BRK_NAME": "United States", "BRK_GROUP": null, "ABBREV": "U.S.A.", "POSTAL": "US", "FORMAL_EN": "United States of America", "FORMAL_FR": null, "NAME_CIAWF": "United States", "NOTE_ADM0": null, "NOTE_BRK": null, "NAME_SORT": "United States of America", "NAME_ALT": null, "MAPCOLOR7": 4, "MAPCOLOR8": 5, "MAPCOLOR9": 1, "MAPCOLOR13": 1, "POP_EST": 328239523, "POP_RANK": 17, "POP_YEAR": 2019, "GDP_MD": 21433226, "GDP_YEAR": 2019, "ECONOMY": "1. Developed region: G7", "INCOME_GRP": "1. High income: OECD", "FIPS_10": "US", "ISO_A2": "US", "ISO_A2_EH": "US", "ISO_A3": "USA", "ISO_A3_EH": "USA", "ISO_N3": "840", "ISO_N3_EH": "840", "UN_A3": "840", "WB_A2": "US", "WB_A3": "USA", "WOE_ID": 23424977, "WOE_ID_EH": 23424977, "WOE_NOTE": "Exact WOE match as country", "ADM0_ISO": "USA", "ADM0_DIFF": null, "ADM0_TLC": "USA", "ADM0_A3_US": "USA", "ADM0_A3_FR": "USA", "ADM0_A3_RU": "USA", "ADM0_A3_ES": "USA", "ADM0_A3_CN": "USA", "ADM0_A3_TW": "USA", "ADM0_A3_IN": "USA", "ADM0_A3_NP": "USA", "ADM0_A3_PK": "USA", "ADM0_A3_DE": "USA", "ADM0_A3_GB": "USA", "ADM0_A3_BR": "USA", "ADM0_A3_IL": "USA", "ADM0_A3_PS": "USA", "ADM0_A3_SA": "USA", "ADM0_A3_EG": "USA", "ADM0_A3_MA": "USA", "ADM0_A3_PT": "USA", "ADM0_A3_AR": "USA", "ADM0_A3_JP": "USA", "ADM0_A3_KO": "USA", "ADM0_A3_VN": "USA", "ADM0_A3_TR": "USA", "ADM0_A3_ID": "USA", "ADM0_A3_PL": "USA", "ADM0_A3_GR": "USA", "ADM0_A3_IT": "USA", "ADM0_A3_NL": "USA", "ADM0_A3_SE": "USA", "ADM0_A3_BD": "USA", "ADM0_A3_UA": "USA", "ADM0_A3_UN": -99, "ADM0_A3_WB": -99, "CONTINENT": "North America", "REGION_UN": "Americas", "SUBREGION": "Northern America", "REGION_WB": "North America", "NAME_LEN": 24, "LONG_LEN": 13, "ABBREV_LEN": 6, "TINY": -99, "HOMEPART": 1, "MIN_ZOOM": 0, "MIN_LABEL": 1.7, "MAX_LABEL": 5.7, "LABEL_X": -97.482602, "LABEL_Y": 39.538479, "NE_ID": 1159321369, "WIKIDATAID": "Q30", "NAME_AR": "\u0627\u0644\u0648\u0644\u0627\u064a\u0627\u062a \u0627\u0644\u0645\u062a\u062d\u062f\u0629", "NAME_BN": "\u09ae\u09be\u09b0\u09cd\u0995\u09bf\u09a8 \u09af\u09c1\u0995\u09cd\u09a4\u09b0\u09be\u09b7\u09cd\u099f\u09cd\u09b0", "NAME_DE": "Vereinigte Staaten", "NAME_EN": "United States of America", "NAME_ES": "Estados Unidos", "NAME_FA": "\u0627\u06cc\u0627\u0644\u0627\u062a \u0645\u062a\u062d\u062f\u0647 \u0622\u0645\u0631\u06cc\u06a9\u0627", "NAME_FR": "\u00c9tats-Unis", "NAME_EL": "\u0397\u03bd\u03c9\u03bc\u03ad\u03bd\u03b5\u03c2 \u03a0\u03bf\u03bb\u03b9\u03c4\u03b5\u03af\u03b5\u03c2 \u0391\u03bc\u03b5\u03c1\u03b9\u03ba\u03ae\u03c2", "NAME_HE": "\u05d0\u05e8\u05e6\u05d5\u05ea \u05d4\u05d1\u05e8\u05d9\u05ea", "NAME_HI": "\u0938\u0902\u092f\u0941\u0915\u094d\u0924 \u0930\u093e\u091c\u094d\u092f \u0905\u092e\u0947\u0930\u093f\u0915\u093e", "NAME_HU": "Amerikai Egyes\u00fclt \u00c1llamok", "NAME_ID": "Amerika Serikat", "NAME_IT": "Stati Uniti d'America", "NAME_JA": "\u30a2\u30e1\u30ea\u30ab\u5408\u8846\u56fd", "NAME_KO": "\ubbf8\uad6d", "NAME_NL": "Verenigde Staten van Amerika", "NAME_PL": "Stany Zjednoczone", "NAME_PT": "Estados Unidos", "NAME_RU": "\u0421\u0428\u0410", "NAME_SV": "USA", "NAME_TR": "Amerika Birle\u015fik Devletleri", "NAME_UK": "\u0421\u043f\u043e\u043b\u0443\u0447\u0435\u043d\u0456 \u0428\u0442\u0430\u0442\u0438 \u0410\u043c\u0435\u0440\u0438\u043a\u0438", "NAME_UR": "\u0631\u06cc\u0627\u0633\u062a\u06c1\u0627\u0626\u06d2 \u0645\u062a\u062d\u062f\u06c1 \u0627\u0645\u0631\u06cc\u06a9\u0627", "NAME_VI": "Hoa K\u1ef3", "NAME_ZH": "\u7f8e\u56fd", "NAME_ZHT": "\u7f8e\u570b", "FCLASS_ISO": "Admin-0 country", "TLC_DIFF": null, "FCLASS_TLC": "Admin-0 country", "FCLASS_US": null, "FCLASS_FR": null, "FCLASS_RU": null, "FCLASS_ES": null, "FCLASS_CN": null, "FCLASS_TW": null, "FCLASS_IN": null, "FCLASS_NP": null, "FCLASS_PK": null, "FCLASS_DE": null, "FCLASS_GB": null, "FCLASS_BR": null, "FCLASS_IL": null, "FCLASS_PS": null, "FCLASS_SA": null, "FCLASS_EG": null, "FCLASS_MA": null, "FCLASS_PT": null, "FCLASS_AR": null, "FCLASS_JP": null, "FCLASS_KO": null, "FCLASS_VN": null, "FCLASS_TR": null, "FCLASS_ID": null, "FCLASS_PL": null, "FCLASS_GR": null, "FCLASS_IT": null, "FCLASS_NL": null, "FCLASS_SE": null, "FCLASS_BD": null, "FCLASS_UA": null}, "bbox": [-171.791111, 18.91619, -66.96466, 71.357764], "geometry": {"type": "MultiPolygon", "coordinates": [[[[-122.84, 49], [-100.65, 49], [-92.61, 48.45], [-85.652363, 47.220219], [-83.890765, 46.116927], [-82.9, 42.43], [-78.939362, 42.863611], [-76.375, 44.09631], [-70.305, 45.915], [-66.96466, 44.8097], [-70.08, 41.78], [-72.87643, 41.22065], [-73.96244, 40.42763], [-75.05673, 38.40412], [-76.32933, 38.08326], [-77.397635, 34.51201], [-81.49042, 30.72999], [-80.38103, 25.20616], [-82.65, 28.55], [-87.53036, 30.27433], [-89.77928, 29.30714], [-95.60026, 28.73863], [-98.24, 26.06], [-102.48, 29.76], [-106.50759, 31.75452], [-115.99135, 32.61239], [-120.36778, 34.44711], [-123.86517, 39.76699], [-124.079635, 46.86475], [-122.84, 49]]], [[[-155.40214, 20.07975], [-155.93665, 19.05939], [-155.40214, 20.07975]]], [[[-155.99566, 20.76404], [-155.99566, 20.76404]]], [[[-156.75824, 21.17684], [-156.75824, 21.17684]]], [[[-158.0252, 21.71696], [-158.0252, 21.71696]]], [[[-159.36569, 22.21494], [-159.36569, 22.21494]]], [[[-166.467792, 60.38417], [-166.467792, 60.38417]]], [[[-153.228729, 57.968968], [-153.228729, 57.968968]]], [[[-140.985988, 69.711998], [-136.47972, 59.46389], [-129.98, 55.285], [-134.078063, 58.123068], [-145.925557, 60.45861], [-151.859433, 59.744984], [-154.232492, 58.146374], [-161.223048, 55.364735], [-160.563605, 56.008055], [-158.517218, 58.787781], [-161.874171, 59.633621], [-164.919179, 62.633076], [-161.518068, 64.402788], [-166.845004, 65.088896], [-163.719717, 67.116395], [-161.908897, 70.33333], [-152.210006, 70.829992], [-142.07251, 69.851938], [-140.985988, 69.711998]]], [[[-171.731657, 63.782515], [-170.671386, 63.375822], [-171.731657, 63.782515]]]]}}, {"type": "Feature", "properties": {"featurecla": "Admin-0 country", "scalerank": 1, "LABELRANK": 3, "SOVEREIGNT": "Kazakhstan", "SOV_A3": "KA1", "ADM0_DIF": 1, "LEVEL": 1, "TYPE": "Sovereignty", "TLC": "1", "ADMIN": "Kazakhstan", "ADM0_A3": "KAZ", "GEOU_DIF": 0, "GEOUNIT": "Kazakhstan", "GU_A3": "KAZ", "SU_DIF": 0, "SUBUNIT": "Kazakhstan", "SU_A3": "KAZ", "BRK_DIFF": 0, "NAME": "Kazakhstan", "NAME_LONG": "Kazakhstan", "BRK_A3": "KAZ", "BRK_NAME": "Kazakhstan", "BRK_GROUP": null, "ABBREV": "Kaz.", "POSTAL": "KZ", "FORMAL_EN": "Republic of Kazakhstan", "FORMAL_FR": null, "NAME_CIAWF": "Kazakhstan", "NOTE_ADM0": null, "NOTE_BRK": null, "NAME_SORT": "Kazakhstan", "NAME_ALT": null, "MAPCOLOR7": 6, "MAPCOLOR8": 1, "MAPCOLOR9": 6, "MAPCOLOR13": 1, "POP_EST": 18513930, "POP_RANK": 14, "POP_YEAR": 2019, "GDP_MD": 181665, "GDP_YEAR": 2019, "ECONOMY": "6. Developing region", "INCOME_GRP": "3. Upper middle income", "FIPS_10": "KZ", "ISO_A2": "KZ", "ISO_A2_EH": "KZ", "ISO_A3": "KAZ", "ISO_A3_EH": "KAZ", "ISO_N3": "398", "ISO_N3_EH": "398", "UN_A3": "398", "WB_A2": "KZ", "WB_A3": "KAZ", "WOE_ID": -90, "WOE_ID_EH": 23424871, "WOE_NOTE": "Includes Baykonur Cosmodrome as an Admin-1 states provinces", "ADM0_ISO": "KAZ", "ADM0_DIFF": null, "ADM0_TLC": "KAZ", "ADM0_A3_US": "KAZ", "ADM0_A3_FR": "KAZ", "ADM0_A3_RU": "KAZ", "ADM0_A3_ES": "KAZ", "ADM0_A3_CN": "KAZ", "ADM0_A3_TW": "KAZ", "ADM0_A3_IN": "KAZ", "ADM0_A3_NP": "KAZ", "ADM0_A3_PK": "KAZ", "ADM0_A3_DE": "KAZ", "ADM0_A3_GB": "KAZ", "ADM0_A3_BR": "KAZ", "ADM0_A3_IL": "KAZ", "ADM0_A3_PS": "KAZ", "ADM0_A3_SA": "KAZ", "ADM0_A3_EG": "KAZ", "ADM0_A3_MA": "KAZ", "ADM0_A3_PT": "KAZ", "ADM0_A3_AR": "KAZ", "ADM0_A3_JP": "KAZ", "ADM0_A3_KO": "KAZ", "ADM0_A3_VN": "KAZ", "ADM0_A3_TR": "KAZ", "ADM0_A3_ID": "KAZ", "ADM0_A3_PL": "KAZ", "ADM0_A3_GR": "KAZ", "ADM0_A3_IT": "KAZ", "ADM0_A3_NL": "KAZ", "ADM0_A3_SE": "KAZ", "ADM0_A3_BD": "KAZ", "ADM0_A3_UA": "KAZ", "ADM0_A3_UN": -99, "ADM0_A3_WB": -99, "CONTINENT": "Asia", "REGION_UN": "Asia", "SUBREGION": "Central Asia", "REGION_WB": "Europe & Central Asia", "NAME_LEN": 10, "LONG_LEN": 10, "ABBREV_LEN": 4, "TINY": -99, "HOMEPART": 1, "MIN_ZOOM": 0, "MIN_LABEL": 2.7, "MAX_LABEL": 7, "LABEL_X": 68.685548, "LABEL_Y": 49.054149, "NE_ID": 1159320967, "WIKIDATAID": "Q232", "NAME_AR": "\u0643\u0627\u0632\u0627\u062e\u0633\u062a\u0627\u0646", "NAME_BN": "\u0995\u09be\u099c\u09be\u0996\u09b8\u09cd\u09a4\u09be\u09a8", "NAME_DE": "Kasachstan", "NAME_EN": "Kazakhstan", "NAME_ES": "Kazajist\u00e1n", "NAME_FA": "\u0642\u0632\u0627\u0642\u0633\u062a\u0627\u0646", "NAME_FR": "Kazakhstan", "NAME_EL": "\u039a\u03b1\u03b6\u03b1\u03ba\u03c3\u03c4\u03ac\u03bd", "NAME_HE": "\u05e7\u05d6\u05d7\u05e1\u05d8\u05df", "NAME_HI": "\u0915\u091c\u093c\u093e\u0916\u093c\u093f\u0938\u094d\u0924\u093e\u0928", "NAME_HU": "Kazahszt\u00e1n", "NAME_ID": "Kazakhstan", "NAME_IT": "Kazakistan", "NAME_JA": "\u30ab\u30b6\u30d5\u30b9\u30bf\u30f3", "NAME_KO": "\uce74\uc790\ud750\uc2a4\ud0c4", "NAME_NL": "Kazachstan", "NAME_PL": "Kazachstan", "NAME_PT": "Cazaquist\u00e3o", "NAME_RU": "\u041a\u0430\u0437\u0430\u0445\u0441\u0442\u0430\u043d", "NAME_SV": "Kazakstan", "NAME_TR": "Kazakistan", "NAME_UK": "\u041a\u0430\u0437\u0430\u0445\u0441\u0442\u0430\u043d", "NAME_UR": "\u0642\u0627\u0632\u0642\u0633\u062a\u0627\u0646", "NAME_VI": "Kazakhstan", "NAME_ZH": "\u54c8\u8428\u514b\u65af\u5766", "NAME_ZHT": "\u54c8\u85a9\u514b", "FCLASS_ISO": "Admin-0 country", "TLC_DIFF": null, "FCLASS_TLC": "Admin-0 country", "FCLASS_US": null, "FCLASS_FR": null, "FCLASS_RU": null, "FCLASS_ES": null, "FCLASS_CN": null, "FCLASS_TW": null, "FCLASS_IN": null, "FCLASS_NP": null, "FCLASS_PK": null, "FCLASS_DE": null, "FCLASS_GB": null, "FCLASS_BR": null, "FCLASS_IL": null, "FCLASS_PS": null, "FCLASS_SA": null, "FCLASS_EG": null, "FCLASS_MA": null, "FCLASS_PT": null, "FCLASS_AR": null, "FCLASS_JP": null, "FCLASS_KO": null, "FCLASS_VN": null, "FCLASS_TR": null, "FCLASS_ID": null, "FCLASS_PL": null, "FCLASS_GR": null, "FCLASS_IT": null, "FCLASS_NL": null, "FCLASS_SE": null, "FCLASS_BD": null, "FCLASS_UA": null}, "bbox": [46.466446, 40.662325, 87.35997, 55.38525], "geometry": {"type": "Polygon", "coordinates": [[[87.35997, 49.214981], [79.966106, 44.917517], [75.636965, 42.8779], [69.070027, 41.384244], [64.900824, 43.728081], [55.968191, 41.308642], [52.501426, 42.792298], [53.040876, 45.259047], [48.694734, 47.075628], [48.702382, 50.605128], [59.932807, 50.842194], [61.4366, 54.00625], [73.508516, 54.035617], [81.945986, 50.812196], [87.35997, 49.214981]]]}}, {"type": "Feature", "properties": {"featurecla": "Admin-0 country", "scalerank": 1, "LABELRANK": 3, "SOVEREIGNT": "Uzbekistan", "SOV_A3": "UZB", "ADM0_DIF": 0, "LEVEL": 2, "TYPE": "Sovereign country", "TLC": "1", "ADMIN": "Uzbekistan", "ADM0_A3": "UZB", "GEOU_DIF": 0, "GEOUNIT": "Uzbekistan", "GU_A3": "UZB", "SU_DIF": 0, "SUBUNIT": "Uzbekistan", "SU_A3": "UZB", "BRK_DIFF": 0, "NAME": "Uzbekistan", "NAME_LONG": "Uzbekistan", "BRK_A3": "UZB", "BRK_NAME": "Uzbekistan", "BRK_GROUP": null, "ABBREV": "Uzb.", "POSTAL": "UZ", "FORMAL_EN": "Republic of Uzbekistan", "FORMAL_FR": null, "NAME_CIAWF": "Uzbekistan", "NOTE_ADM0": null, "NOTE_BRK": null, "NAME_SORT": "Uzbekistan", "NAME_ALT": null, "MAPCOLOR7": 2, "MAPCOLOR8": 3, "MAPCOLOR9": 5, "MAPCOLOR13": 4, "POP_EST": 33580650, "POP_RANK": 15, "POP_YEAR": 2019, "GDP_MD": 57921, "GDP_YEAR": 2019, "ECONOMY": "6. Developing region", "INCOME_GRP": "4. Lower middle income", "FIPS_10": "UZ", "ISO_A2": "UZ", "ISO_A2_EH": "UZ", "ISO_A3": "UZB", "ISO_A3_EH": "UZB", "ISO_N3": "860", "ISO_N3_EH": "860", "UN_A3": "860", "WB_A2": "UZ", "WB_A3": "UZB", "WOE_ID": 23424980, "WOE_ID_EH": 23424980, "WOE_NOTE": "Exact WOE match as country", "ADM0_ISO": "UZB", "ADM0_DIFF": null, "ADM0_TLC": "UZB", "ADM0_A3_US": "UZB", "ADM0_A3_FR": "UZB", "ADM0_A3_RU": "UZB", "ADM0_A3_ES": "UZB", "ADM0_A3_CN": "UZB", "ADM0_A3_TW": "UZB", "ADM0_A3_IN": "UZB", "ADM0_A3_NP": "UZB", "ADM0_A3_PK": "UZB", "ADM0_A3_DE": "UZB", "ADM0_A3_GB": "UZB", "ADM0_A3_BR": "UZB", "ADM0_A3_IL": "UZB", "ADM0_A3_PS": "UZB", "ADM0_A3_SA": "UZB", "ADM0_A3_EG": "UZB", "ADM0_A3_MA": "UZB", "ADM0_A3_PT": "UZB", "ADM0_A3_AR": "UZB", "ADM0_A3_JP": "UZB", "ADM0_A3_KO": "UZB", "ADM0_A3_VN": "UZB", "ADM0_A3_TR": "UZB", "ADM0_A3_ID": "UZB", "ADM0_A3_PL": "UZB", "ADM0_A3_GR": "UZB", "ADM0_A3_IT": "UZB", "ADM0_A3_NL": "UZB", "ADM0_A3_SE": "UZB", "ADM0_A3_BD": "UZB", "ADM0_A3_UA": "UZB", "ADM0_A3_UN": -99, "ADM0_A3_WB": -99, "CONTINENT": "Asia", "REGION_UN": "Asia", "SUBREGION": "Central Asia", "REGION_WB": "Europe & Central Asia", "NAME_LEN": 10, "LONG_LEN": 10, "ABBREV_LEN": 4, "TINY": 5, "HOMEPART": 1, "MIN_ZOOM": 0, "MIN_LABEL": 3, "MAX_LABEL": 8, "LABEL_X": 64.005429, "LABEL_Y": 41.693603, "NE_ID": 1159321405, "WIKIDATAID": "Q265", "NAME_AR": "\u0623\u0648\u0632\u0628\u0643\u0633\u062a\u0627\u0646", "NAME_BN": "\u0989\u099c\u09ac\u09c7\u0995\u09bf\u09b8\u09cd\u09a4\u09be\u09a8", "NAME_DE": "Usbekistan", "NAME_EN": "Uzbekistan", "NAME_ES": "Uzbekist\u00e1n", "NAME_FA": "\u0627\u0632\u0628\u06a9\u0633\u062a\u0627\u0646", "NAME_FR": "Ouzb\u00e9kistan", "NAME_EL": "\u039f\u03c5\u03b6\u03bc\u03c0\u03b5\u03ba\u03b9\u03c3\u03c4\u03ac\u03bd", "NAME_HE": "\u05d0\u05d5\u05d6\u05d1\u05e7\u05d9\u05e1\u05d8\u05df", "NAME_HI": "\u0909\u091c\u093c\u094d\u092c\u0947\u0915\u093f\u0938\u094d\u0924\u093e\u0928", "NAME_HU": "\u00dczbegiszt\u00e1n", "NAME_ID": "Uzbekistan", "NAME_IT": "Uzbekistan", "NAME_JA": "\u30a6\u30ba\u30d9\u30ad\u30b9\u30bf\u30f3", "NAME_KO": "\uc6b0\uc988\ubca0\ud0a4\uc2a4\ud0c4", "NAME_NL": "Oezbekistan", "NAME_PL": "Uzbekistan", "NAME_PT": "Uzbequist\u00e3o", "NAME_RU": "\u0423\u0437\u0431\u0435\u043a\u0438\u0441\u0442\u0430\u043d", "NAME_SV": "Uzbekistan", "NAME_TR": "\u00d6zbekistan", "NAME_UK": "\u0423\u0437\u0431\u0435\u043a\u0438\u0441\u0442\u0430\u043d", "NAME_UR": "\u0627\u0632\u0628\u06a9\u0633\u062a\u0627\u0646", "NAME_VI": "Uzbekistan", "NAME_ZH": "\u4e4c\u5179\u522b\u514b\u65af\u5766", "NAME_ZHT": "\u70cf\u8332\u5225\u514b", "FCLASS_ISO": "Admin-0 country", "TLC_DIFF": null, "FCLASS_TLC": "Admin-0 country", "FCLASS_US": null, "FCLASS_FR": null, "FCLASS_RU": null, "FCLASS_ES": null, "FCLASS_CN": null, "FCLASS_TW": null, "FCLASS_IN": null, "FCLASS_NP": null, "FCLASS_PK": null, "FCLASS_DE": null, "FCLASS_GB": null, "FCLASS_BR": null, "FCLASS_IL": null, "FCLASS_PS": null, "FCLASS_SA": null, "FCLASS_EG": null, "FCLASS_MA": null, "FCLASS_PT": null, "FCLASS_AR": null, "FCLASS_JP": null, "FCLASS_KO": null, "FCLASS_VN": null, "FCLASS_TR": null, "FCLASS_ID": null, "FCLASS_PL": null, "FCLASS_GR": null, "FCLASS_IT": null, "FCLASS_NL": null, "FCLASS_SE": null, "FCLASS_BD": null, "FCLASS_UA": null}, "bbox": [55.928917, 37.144994, 73.055417, 45.586804], "geometry": {"type": "Polygon", "coordinates": [[[55.968191, 41.308642], [64.900824, 43.728081], [69.070027, 41.384244], [71.774875, 40.145844], [67.701429, 39.580478], [65.215999, 38.402695], [59.976422, 42.223082], [55.968191, 41.308642]]]}}, {"type": "Feature", "properties": {"featurecla": "Admin-0 country", "scalerank": 1, "LABELRANK": 2, "SOVEREIGNT": "Papua New Guinea", "SOV_A3": "PNG", "ADM0_DIF": 0, "LEVEL": 2, "TYPE": "Sovereign country", "TLC": "1", "ADMIN": "Papua New Guinea", "ADM0_A3": "PNG", "GEOU_DIF": 0, "GEOUNIT": "Papua New Guinea", "GU_A3": "PNG", "SU_DIF": 1, "SUBUNIT": "Papua New Guinea", "SU_A3": "PN1", "BRK_DIFF": 0, "NAME": "Papua New Guinea", "NAME_LONG": "Papua New Guinea", "BRK_A3": "PN1", "BRK_NAME": "Papua New Guinea", "BRK_GROUP": null, "ABBREV": "P.N.G.", "POSTAL": "PG", "FORMAL_EN": "Independent State of Papua New Guinea", "FORMAL_FR": null, "NAME_CIAWF": "Papua New Guinea", "NOTE_ADM0": null, "NOTE_BRK": null, "NAME_SORT": "Papua New Guinea", "NAME_ALT": null, "MAPCOLOR7": 4, "MAPCOLOR8": 2, "MAPCOLOR9": 3, "MAPCOLOR13": 1, "POP_EST": 8776109, "POP_RANK": 13, "POP_YEAR": 2019, "GDP_MD": 24829, "GDP_YEAR": 2019, "ECONOMY": "6. Developing region", "INCOME_GRP": "4. Lower middle income", "FIPS_10": "PP", "ISO_A2": "PG", "ISO_A2_EH": "PG", "ISO_A3": "PNG", "ISO_A3_EH": "PNG", "ISO_N3": "598", "ISO_N3_EH": "598", "UN_A3": "598", "WB_A2": "PG", "WB_A3": "PNG", "WOE_ID": 23424926, "WOE_ID_EH": 23424926, "WOE_NOTE": "Exact WOE match as country", "ADM0_ISO": "PN1", "ADM0_DIFF": null, "ADM0_TLC": "PN1", "ADM0_A3_US": "PNG", "ADM0_A3_FR": "PNG", "ADM0_A3_RU": "PNG", "ADM0_A3_ES": "PNG", "ADM0_A3_CN": "PNG", "ADM0_A3_TW": "PNG", "ADM0_A3_IN": "PNG", "ADM0_A3_NP": "PNG", "ADM0_A3_PK": "PNG", "ADM0_A3_DE": "PNG", "ADM0_A3_GB": "PNG", "ADM0_A3_BR": "PNG", "ADM0_A3_IL": "PNG", "ADM0_A3_PS": "PNG", "ADM0_A3_SA": "PNG", "ADM0_A3_EG": "PNG", "ADM0_A3_MA": "PNG", "ADM0_A3_PT": "PNG", "ADM0_A3_AR": "PNG", "ADM0_A3_JP": "PNG", "ADM0_A3_KO": "PNG", "ADM0_A3_VN": "PNG", "ADM0_A3_TR": "PNG", "ADM0_A3_ID": "PNG", "ADM0_A3_PL": "PNG", "ADM0_A3_GR": "PNG", "ADM0_A3_IT": "PNG", "ADM0_A3_NL": "PNG", "ADM0_A3_SE": "PNG", "ADM0_A3_BD": "PNG", "ADM0_A3_UA": "PNG", "ADM0_A3_UN": -99, "ADM0_A3_WB": -99, "CONTINENT": "Oceania", "REGION_UN": "Oceania", "SUBREGION": "Melanesia", "REGION_WB": "East Asia & Pacific", "NAME_LEN": 16, "LONG_LEN": 16, "ABBREV_LEN": 6, "TINY": -99, "HOMEPART": 1, "MIN_ZOOM": 0, "MIN_LABEL": 2.5, "MAX_LABEL": 7.5, "LABEL_X": 143.910216, "LABEL_Y": -5.695285, "NE_ID": 1159321173, "WIKIDATAID": "Q691", "NAME_AR": "\u0628\u0627\u0628\u0648\u0627 \u063a\u064a\u0646\u064a\u0627 \u0627\u0644\u062c\u062f\u064a\u062f\u0629", "NAME_BN": "\u09aa\u09be\u09aa\u09c1\u09af\u09bc\u09be \u09a8\u09bf\u0989\u0997\u09bf\u09a8\u09bf", "NAME_DE": "Papua-Neuguinea", "NAME_EN": "Papua New Guinea", "NAME_ES": "Pap\u00faa Nueva Guinea", "NAME_FA": "\u067e\u0627\u067e\u0648\u0622 \u06af\u06cc\u0646\u0647 \u0646\u0648", "NAME_FR": "Papouasie-Nouvelle-Guin\u00e9e", "NAME_EL": "\u03a0\u03b1\u03c0\u03bf\u03cd\u03b1 \u039d\u03ad\u03b1 \u0393\u03bf\u03c5\u03b9\u03bd\u03ad\u03b1", "NAME_HE": "\u05e4\u05e4\u05d5\u05d0\u05d4 \u05d2\u05d9\u05e0\u05d0\u05d4 \u05d4\u05d7\u05d3\u05e9\u05d4", "NAME_HI": "\u092a\u093e\u092a\u0941\u0906 \u0928\u094d\u092f\u0942 \u0917\u093f\u0928\u0940", "NAME_HU": "P\u00e1pua \u00daj-Guinea", "NAME_ID": "Papua Nugini", "NAME_IT": "Papua Nuova Guinea", "NAME_JA": "\u30d1\u30d7\u30a2\u30cb\u30e5\u30fc\u30ae\u30cb\u30a2", "NAME_KO": "\ud30c\ud478\uc544\ub274\uae30\ub2c8", "NAME_NL": "Papoea-Nieuw-Guinea", "NAME_PL": "Papua-Nowa Gwinea", "NAME_PT": "Papua-Nova Guin\u00e9", "NAME_RU": "\u041f\u0430\u043f\u0443\u0430 \u2014 \u041d\u043e\u0432\u0430\u044f \u0413\u0432\u0438\u043d\u0435\u044f", "NAME_SV": "Papua Nya Guinea", "NAME_TR": "Papua Yeni Gine", "NAME_UK": "\u041f\u0430\u043f\u0443\u0430 \u041d\u043e\u0432\u0430 \u0413\u0432\u0456\u043d\u0435\u044f", "NAME_UR": "\u067e\u0627\u067e\u0648\u0627 \u0646\u06cc\u0648 \u06af\u0646\u06cc", "NAME_VI": "Papua New Guinea", "NAME_ZH": "\u5df4\u5e03\u4e9a\u65b0\u51e0\u5185\u4e9a", "NAME_ZHT": "\u5df4\u5e03\u4e9e\u7d10\u5e7e\u5167\u4e9e", "FCLASS_ISO": "Admin-0 country", "TLC_DIFF": null, "FCLASS_TLC": "Admin-0 country", "FCLASS_US": null, "FCLASS_FR": null, "FCLASS_RU": null, "FCLASS_ES": null, "FCLASS_CN": null, "FCLASS_TW": null, "FCLASS_IN": null, "FCLASS_NP": null, "FCLASS_PK": null, "FCLASS_DE": null, "FCLASS_GB": null, "FCLASS_BR": null, "FCLASS_IL": null, "FCLASS_PS": null, "FCLASS_SA": null, "FCLASS_EG": null, "FCLASS_MA": null, "FCLASS_PT": null, "FCLASS_AR": null, "FCLASS_JP": null, "FCLASS_KO": null, "FCLASS_VN": null, "FCLASS_TR": null, "FCLASS_ID": null, "FCLASS_PL": null, "FCLASS_GR": null, "FCLASS_IT": null, "FCLASS_NL": null, "FCLASS_SE": null, "FCLASS_BD": null, "FCLASS_UA": null}, "bbox": [141.00021, -10.652476, 156.019965, -2.500002], "geometry": {"type": "MultiPolygon", "coordinates": [[[[141.00021, -2.600151], [146.970905, -6.721657], [150.801628, -10.293687], [146.048481, -8.067414], [141.017057, -5.859022], [141.00021, -2.600151]]], [[[152.640017, -3.659983], [150.66205, -2.741486], [152.640017, -3.659983]]], [[[151.30139, -5.840728], [149.845562, -5.505503], [152.136792, -4.14879], [151.30139, -5.840728]]], [[[154.759991, -5.339984], [154.514114, -5.139118], [154.759991, -5.339984]]]]}}, {"type": "Feature", "properties": {"featurecla": "Admin-0 country", "scalerank": 1, "LABELRANK": 2, "SOVEREIGNT": "Indonesia", "SOV_A3": "IDN", "ADM0_DIF": 0, "LEVEL": 2, "TYPE": "Sovereign country", "TLC": "1", "ADMIN": "Indonesia", "ADM0_A3": "IDN", "GEOU_DIF": 0, "GEOUNIT": "Indonesia", "GU_A3": "IDN", "SU_DIF": 0, "SUBUNIT": "Indonesia", "SU_A3": "IDN", "BRK_DIFF": 0, "NAME": "Indonesia", "NAME_LONG": "Indonesia", "BRK_A3": "IDN", "BRK_NAME": "Indonesia", "BRK_GROUP": null, "ABBREV": "Indo.", "POSTAL": "INDO", "FORMAL_EN": "Republic of Indonesia", "FORMAL_FR": null, "NAME_CIAWF": "Indonesia", "NOTE_ADM0": null, "NOTE_BRK": null, "NAME_SORT": "Indonesia", "NAME_ALT": null, "MAPCOLOR7": 6, "MAPCOLOR8": 6, "MAPCOLOR9": 6, "MAPCOLOR13": 11, "POP_EST": 270625568, "POP_RANK": 17, "POP_YEAR": 2019, "GDP_MD": 1119190, "GDP_YEAR": 2019, "ECONOMY": "4. Emerging region: MIKT", "INCOME_GRP": "4. Lower middle income", "FIPS_10": "ID", "ISO_A2": "ID", "ISO_A2_EH": "ID", "ISO_A3": "IDN", "ISO_A3_EH": "IDN", "ISO_N3": "360", "ISO_N3_EH": "360", "UN_A3": "360", "WB_A2": "ID", "WB_A3": "IDN", "WOE_ID": 23424846, "WOE_ID_EH": 23424846, "WOE_NOTE": "Exact WOE match as country", "ADM0_ISO": "IDN", "ADM0_DIFF": null, "ADM0_TLC": "IDN", "ADM0_A3_US": "IDN", "ADM0_A3_FR": "IDN", "ADM0_A3_RU": "IDN", "ADM0_A3_ES": "IDN", "ADM0_A3_CN": "IDN", "ADM0_A3_TW": "IDN", "ADM0_A3_IN": "IDN", "ADM0_A3_NP": "IDN", "ADM0_A3_PK": "IDN", "ADM0_A3_DE": "IDN", "ADM0_A3_GB": "IDN", "ADM0_A3_BR": "IDN", "ADM0_A3_IL": "IDN", "ADM0_A3_PS": "IDN", "ADM0_A3_SA": "IDN", "ADM0_A3_EG": "IDN", "ADM0_A3_MA": "IDN", "ADM0_A3_PT": "IDN", "ADM0_A3_AR": "IDN", "ADM0_A3_JP": "IDN", "ADM0_A3_KO": "IDN", "ADM0_A3_VN": "IDN", "ADM0_A3_TR": "IDN", "ADM0_A3_ID": "IDN", "ADM0_A3_PL": "IDN", "ADM0_A3_GR": "IDN", "ADM0_A3_IT": "IDN", "ADM0_A3_NL": "IDN", "ADM0_A3_SE": "IDN", "ADM0_A3_BD": "IDN", "ADM0_A3_UA": "IDN", "ADM0_A3_UN": -99, "ADM0_A3_WB": -99, "CONTINENT": "Asia", "REGION_UN": "Asia", "SUBREGION": "South-Eastern Asia", "REGION_WB": "East Asia & Pacific", "NAME_LEN": 9, "LONG_LEN": 9, "ABBREV_LEN": 5, "TINY": -99, "HOMEPART": 1, "MIN_ZOOM": 0, "MIN_LABEL": 1.7, "MAX_LABEL": 6.7, "LABEL_X": 101.892949, "LABEL_Y": -0.954404, "NE_ID": 1159320845, "WIKIDATAID": "Q252", "NAME_AR": "\u0625\u0646\u062f\u0648\u0646\u064a\u0633\u064a\u0627", "NAME_BN": "\u0987\u09a8\u09cd\u09a6\u09cb\u09a8\u09c7\u09b6\u09bf\u09af\u09bc\u09be", "NAME_DE": "Indonesien", "NAME_EN": "Indonesia", "NAME_ES": "Indonesia", "NAME_FA": "\u0627\u0646\u062f\u0648\u0646\u0632\u06cc", "NAME_FR": "Indon\u00e9sie", "NAME_EL": "\u0399\u03bd\u03b4\u03bf\u03bd\u03b7\u03c3\u03af\u03b1", "NAME_HE": "\u05d0\u05d9\u05e0\u05d3\u05d5\u05e0\u05d6\u05d9\u05d4", "NAME_HI": "\u0907\u0902\u0921\u094b\u0928\u0947\u0936\u093f\u092f\u093e", "NAME_HU": "Indon\u00e9zia", "NAME_ID": "Indonesia", "NAME_IT": "Indonesia", "NAME_JA": "\u30a4\u30f3\u30c9\u30cd\u30b7\u30a2", "NAME_KO": "\uc778\ub3c4\ub124\uc2dc\uc544", "NAME_NL": "Indonesi\u00eb", "NAME_PL": "Indonezja", "NAME_PT": "Indon\u00e9sia", "NAME_RU": "\u0418\u043d\u0434\u043e\u043d\u0435\u0437\u0438\u044f", "NAME_SV": "Indonesien", "NAME_TR": "Endonezya", "NAME_UK": "\u0406\u043d\u0434\u043e\u043d\u0435\u0437\u0456\u044f", "NAME_UR": "\u0627\u0646\u0688\u0648\u0646\u06cc\u0634\u06cc\u0627", "NAME_VI": "Indonesia", "NAME_ZH": "\u5370\u5ea6\u5c3c\u897f\u4e9a", "NAME_ZHT": "\u5370\u5ea6\u5c3c\u897f\u4e9e", "FCLASS_ISO": "Admin-0 country", "TLC_DIFF": null, "FCLASS_TLC": "Admin-0 country", "FCLASS_US": null, "FCLASS_FR": null, "FCLASS_RU": null, "FCLASS_ES": null, "FCLASS_CN": null, "FCLASS_TW": null, "FCLASS_IN": null, "FCLASS_NP": null, "FCLASS_PK": null, "FCLASS_DE": null, "FCLASS_GB": null, "FCLASS_BR": null, "FCLASS_IL": null, "FCLASS_PS": null, "FCLASS_SA": null, "FCLASS_EG": null, "FCLASS_MA": null, "FCLASS_PT": null, "FCLASS_AR": null, "FCLASS_JP": null, "FCLASS_KO": null, "FCLASS_VN": null, "FCLASS_TR": null, "FCLASS_ID": null, "FCLASS_PL": null, "FCLASS_GR": null, "FCLASS_IT": null, "FCLASS_NL": null, "FCLASS_SE": null, "FCLASS_BD": null, "FCLASS_UA": null}, "bbox": [95.293026, -10.359987, 141.033852, 5.479821], "geometry": {"type": "MultiPolygon", "coordinates": [[[[141.00021, -2.600151], [138.668621, -7.320225], [132.756941, -3.746283], [130.94284, -1.432522], [136.293314, -2.307042], [141.00021, -2.600151]]], [[[124.968682, -8.89279], [124.968682, -8.89279]]], [[[134.210134, -6.895238], [134.210134, -6.895238]]], [[[117.882035, 4.137551], [116.560048, -1.487661], [112.068126, -3.478392], [109.069136, 1.341934], [113.80585, 1.217549], [117.882035, 4.137551]]], [[[129.370998, -2.802154], [129.370998, -2.802154]]], [[[126.874923, -3.790983], [126.874923, -3.790983]]], [[[127.932378, 2.174596], [128.100016, -0.899996], [127.932378, 2.174596]]], [[[122.927567, 0.875192], [120.183083, 0.237247], [121.508274, -1.904483], [121.738234, -4.851331], [119.796543, -5.6734], [119.825999, 0.154254], [122.927567, 0.875192]]], [[[120.295014, -10.25865], [120.295014, -10.25865]]], [[[121.341669, -8.53674], [121.341669, -8.53674]]], [[[118.260616, -8.362383], [117.900018, -8.095681], [118.260616, -8.362383]]], [[[108.486846, -6.421985], [114.564511, -8.751817], [106.454102, -7.3549], [108.486846, -6.421985]]], [[[104.369991, -1.084843], [103.868213, -5.037315], [98.601351, 1.823507], [98.369169, 4.26837], [103.437645, -0.711946], [104.369991, -1.084843]]]]}}, {"type": "Feature", "properties": {"featurecla": "Admin-0 country", "scalerank": 1, "LABELRANK": 2, "SOVEREIGNT": "Argentina", "SOV_A3": "ARG", "ADM0_DIF": 0, "LEVEL": 2, "TYPE": "Sovereign country", "TLC": "1", "ADMIN": "Argentina", "ADM0_A3": "ARG", "GEOU_DIF": 0, "GEOUNIT": "Argentina", "GU_A3": "ARG", "SU_DIF": 0, "SUBUNIT": "Argentina", "SU_A3": "ARG", "BRK_DIFF": 0, "NAME": "Argentina", "NAME_LONG": "Argentina", "BRK_A3": "ARG", "BRK_NAME": "Argentina", "BRK_GROUP": null, "ABBREV": "Arg.", "POSTAL": "AR", "FORMAL_EN": "Argentine Republic", "FORMAL_FR": null, "NAME_CIAWF": "Argentina", "NOTE_ADM0": null, "NOTE_BRK": null, "NAME_SORT": "Argentina", "NAME_ALT": null, "MAPCOLOR7": 3, "MAPCOLOR8": 1, "MAPCOLOR9": 3, "MAPCOLOR13": 13, "POP_EST": 44938712, "POP_RANK": 15, "POP_YEAR": 2019, "GDP_MD": 445445, "GDP_YEAR": 2019, "ECONOMY": "5. Emerging region: G20", "INCOME_GRP": "3. Upper middle income", "FIPS_10": "AR", "ISO_A2": "AR", "ISO_A2_EH": "AR", "ISO_A3": "ARG", "ISO_A3_EH": "ARG", "ISO_N3": "032", "ISO_N3_EH": "032", "UN_A3": "032", "WB_A2": "AR", "WB_A3": "ARG", "WOE_ID": 23424747, "WOE_ID_EH": 23424747, "WOE_NOTE": "Exact WOE match as country", "ADM0_ISO": "ARG", "ADM0_DIFF": null, "ADM0_TLC": "ARG", "ADM0_A3_US": "ARG", "ADM0_A3_FR": "ARG", "ADM0_A3_RU": "ARG", "ADM0_A3_ES": "ARG", "ADM0_A3_CN": "ARG", "ADM0_A3_TW": "ARG", "ADM0_A3_IN": "ARG", "ADM0_A3_NP": "ARG", "ADM0_A3_PK": "ARG", "ADM0_A3_DE": "ARG", "ADM0_A3_GB": "ARG", "ADM0_A3_BR": "ARG", "ADM0_A3_IL": "ARG", "ADM0_A3_PS": "ARG", "ADM0_A3_SA": "ARG", "ADM0_A3_EG": "ARG", "ADM0_A3_MA": "ARG", "ADM0_A3_PT": "ARG", "ADM0_A3_AR": "ARG", "ADM0_A3_JP": "ARG", "ADM0_A3_KO": "ARG", "ADM0_A3_VN": "ARG", "ADM0_A3_TR": "ARG", "ADM0_A3_ID": "ARG", "ADM0_A3_PL": "ARG", "ADM0_A3_GR": "ARG", "ADM0_A3_IT": "ARG", "ADM0_A3_NL": "ARG", "ADM0_A3_SE": "ARG", "ADM0_A3_BD": "ARG", "ADM0_A3_UA": "ARG", "ADM0_A3_UN": -99, "ADM0_A3_WB": -99, "CONTINENT": "South America", "REGION_UN": "Americas", "SUBREGION": "South America", "REGION_WB": "Latin America & Caribbean", "NAME_LEN": 9, "LONG_LEN": 9, "ABBREV_LEN": 4, "TINY": -99, "HOMEPART": 1, "MIN_ZOOM": 0, "MIN_LABEL": 2, "MAX_LABEL": 7, "LABEL_X": -64.173331, "LABEL_Y": -33.501159, "NE_ID": 1159320331, "WIKIDATAID": "Q414", "NAME_AR": "\u0627\u0644\u0623\u0631\u062c\u0646\u062a\u064a\u0646", "NAME_BN": "\u0986\u09b0\u09cd\u099c\u09c7\u09a8\u09cd\u099f\u09bf\u09a8\u09be", "NAME_DE": "Argentinien", "NAME_EN": "Argentina", "NAME_ES": "Argentina", "NAME_FA": "\u0622\u0631\u0698\u0627\u0646\u062a\u06cc\u0646", "NAME_FR": "Argentine", "NAME_EL": "\u0391\u03c1\u03b3\u03b5\u03bd\u03c4\u03b9\u03bd\u03ae", "NAME_HE": "\u05d0\u05e8\u05d2\u05e0\u05d8\u05d9\u05e0\u05d4", "NAME_HI": "\u0905\u0930\u094d\u091c\u0947\u0923\u094d\u091f\u0940\u0928\u093e", "NAME_HU": "Argent\u00edna", "NAME_ID": "Argentina", "NAME_IT": "Argentina", "NAME_JA": "\u30a2\u30eb\u30bc\u30f3\u30c1\u30f3", "NAME_KO": "\uc544\ub974\ud5e8\ud2f0\ub098", "NAME_NL": "Argentini\u00eb", "NAME_PL": "Argentyna", "NAME_PT": "Argentina", "NAME_RU": "\u0410\u0440\u0433\u0435\u043d\u0442\u0438\u043d\u0430", "NAME_SV": "Argentina", "NAME_TR": "Arjantin", "NAME_UK": "\u0410\u0440\u0433\u0435\u043d\u0442\u0438\u043d\u0430", "NAME_UR": "\u0627\u0631\u062c\u0646\u0679\u0627\u0626\u0646", "NAME_VI": "Argentina", "NAME_ZH": "\u963f\u6839\u5ef7", "NAME_ZHT": "\u963f\u6839\u5ef7", "FCLASS_ISO": "Admin-0 country", "TLC_DIFF": null, "FCLASS_TLC": "Admin-0 country", "FCLASS_US": null, "FCLASS_FR": null, "FCLASS_RU": null, "FCLASS_ES": null, "FCLASS_CN": null, "FCLASS_TW": null, "FCLASS_IN": null, "FCLASS_NP": null, "FCLASS_PK": null, "FCLASS_DE": null, "FCLASS_GB": null, "FCLASS_BR": null, "FCLASS_IL": null, "FCLASS_PS": null, "FCLASS_SA": null, "FCLASS_EG": null, "FCLASS_MA": null, "FCLASS_PT": null, "FCLASS_AR": null, "FCLASS_JP": null, "FCLASS_KO": null, "FCLASS_VN": null, "FCLASS_TR": null, "FCLASS_ID": null, "FCLASS_PL": null, "FCLASS_GR": null, "FCLASS_IT": null, "FCLASS_NL": null, "FCLASS_SE": null, "FCLASS_BD": null, "FCLASS_UA": null}, "bbox": [-73.415436, -55.25, -53.628349, -21.83231], "geometry": {"type": "MultiPolygon", "coordinates": [[[[-68.63401, -52.63637], [-67.56244, -54.87001], [-68.63401, -52.63637]]], [[[-57.625133, -30.216295], [-57.362359, -35.97739], [-62.330531, -40.172586], [-63.755948, -42.043687], [-67.580546, -46.301773], [-68.815561, -51.771104], [-73.328051, -50.378785], [-71.222779, -44.784243], [-71.680761, -39.808164], [-69.814777, -33.273886], [-68.5948, -26.506909], [-64.377021, -22.798091], [-57.63366, -25.603657], [-53.628349, -26.124865], [-57.625133, -30.216295]]]]}}, {"type": "Feature", "properties": {"featurecla": "Admin-0 country", "scalerank": 1, "LABELRANK": 2, "SOVEREIGNT": "Chile", "SOV_A3": "CHL", "ADM0_DIF": 0, "LEVEL": 2, "TYPE": "Sovereign country", "TLC": "1", "ADMIN": "Chile", "ADM0_A3": "CHL", "GEOU_DIF": 0, "GEOUNIT": "Chile", "GU_A3": "CHL", "SU_DIF": 0, "SUBUNIT": "Chile", "SU_A3": "CHL", "BRK_DIFF": 0, "NAME": "Chile", "NAME_LONG": "Chile", "BRK_A3": "CHL", "BRK_NAME": "Chile", "BRK_GROUP": null, "ABBREV": "Chile", "POSTAL": "CL", "FORMAL_EN": "Republic of Chile", "FORMAL_FR": null, "NAME_CIAWF": "Chile", "NOTE_ADM0": null, "NOTE_BRK": null, "NAME_SORT": "Chile", "NAME_ALT": null, "MAPCOLOR7": 5, "MAPCOLOR8": 1, "MAPCOLOR9": 5, "MAPCOLOR13": 9, "POP_EST": 18952038, "POP_RANK": 14, "POP_YEAR": 2019, "GDP_MD": 282318, "GDP_YEAR": 2019, "ECONOMY": "5. Emerging region: G20", "INCOME_GRP": "3. Upper middle income", "FIPS_10": "CI", "ISO_A2": "CL", "ISO_A2_EH": "CL", "ISO_A3": "CHL", "ISO_A3_EH": "CHL", "ISO_N3": "152", "ISO_N3_EH": "152", "UN_A3": "152", "WB_A2": "CL", "WB_A3": "CHL", "WOE_ID": 23424782, "WOE_ID_EH": 23424782, "WOE_NOTE": "Exact WOE match as country", "ADM0_ISO": "CHL", "ADM0_DIFF": null, "ADM0_TLC": "CHL", "ADM0_A3_US": "CHL", "ADM0_A3_FR": "CHL", "ADM0_A3_RU": "CHL", "ADM0_A3_ES": "CHL", "ADM0_A3_CN": "CHL", "ADM0_A3_TW": "CHL", "ADM0_A3_IN": "CHL", "ADM0_A3_NP": "CHL", "ADM0_A3_PK": "CHL", "ADM0_A3_DE": "CHL", "ADM0_A3_GB": "CHL", "ADM0_A3_BR": "CHL", "ADM0_A3_IL": "CHL", "ADM0_A3_PS": "CHL", "ADM0_A3_SA": "CHL", "ADM0_A3_EG": "CHL", "ADM0_A3_MA": "CHL", "ADM0_A3_PT": "CHL", "ADM0_A3_AR": "CHL", "ADM0_A3_JP": "CHL", "ADM0_A3_KO": "CHL", "ADM0_A3_VN": "CHL", "ADM0_A3_TR": "CHL", "ADM0_A3_ID": "CHL", "ADM0_A3_PL": "CHL", "ADM0_A3_GR": "CHL", "ADM0_A3_IT": "CHL", "ADM0_A3_NL": "CHL", "ADM0_A3_SE": "CHL", "ADM0_A3_BD": "CHL", "ADM0_A3_UA": "CHL", "ADM0_A3_UN": -99, "ADM0_A3_WB": -99, "CONTINENT": "South America", "REGION_UN": "Americas", "SUBREGION": "South America", "REGION_WB": "Latin America & Caribbean", "NAME_LEN": 5, "LONG_LEN": 5, "ABBREV_LEN": 5, "TINY": -99, "HOMEPART": 1, "MIN_ZOOM": 0, "MIN_LABEL": 1.7, "MAX_LABEL": 6.7, "LABEL_X": -72.318871, "LABEL_Y": -38.151771, "NE_ID": 1159320493, "WIKIDATAID": "Q298", "NAME_AR": "\u062a\u0634\u064a\u0644\u064a", "NAME_BN": "\u099a\u09bf\u09b2\u09bf", "NAME_DE": "Chile", "NAME_EN": "Chile", "NAME_ES": "Chile", "NAME_FA": "\u0634\u06cc\u0644\u06cc", "NAME_FR": "Chili", "NAME_EL": "\u03a7\u03b9\u03bb\u03ae", "NAME_HE": "\u05e6'\u05d9\u05dc\u05d4", "NAME_HI": "\u091a\u093f\u0932\u0940", "NAME_HU": "Chile", "NAME_ID": "Chili", "NAME_IT": "Cile", "NAME_JA": "\u30c1\u30ea", "NAME_KO": "\uce60\ub808", "NAME_NL": "Chili", "NAME_PL": "Chile", "NAME_PT": "Chile", "NAME_RU": "\u0427\u0438\u043b\u0438", "NAME_SV": "Chile", "NAME_TR": "\u015eili", "NAME_UK": "\u0427\u0438\u043b\u0456", "NAME_UR": "\u0686\u0644\u06cc", "NAME_VI": "Chile", "NAME_ZH": "\u667a\u5229", "NAME_ZHT": "\u667a\u5229", "FCLASS_ISO": "Admin-0 country", "TLC_DIFF": null, "FCLASS_TLC": "Admin-0 country", "FCLASS_US": null, "FCLASS_FR": null, "FCLASS_RU": null, "FCLASS_ES": null, "FCLASS_CN": null, "FCLASS_TW": null, "FCLASS_IN": null, "FCLASS_NP": null, "FCLASS_PK": null, "FCLASS_DE": null, "FCLASS_GB": null, "FCLASS_BR": null, "FCLASS_IL": null, "FCLASS_PS": null, "FCLASS_SA": null, "FCLASS_EG": null, "FCLASS_MA": null, "FCLASS_PT": null, "FCLASS_AR": null, "FCLASS_JP": null, "FCLASS_KO": null, "FCLASS_VN": null, "FCLASS_TR": null, "FCLASS_ID": null, "FCLASS_PL": null, "FCLASS_GR": null, "FCLASS_IT": null, "FCLASS_NL": null, "FCLASS_SE": null, "FCLASS_BD": null, "FCLASS_UA": null}, "bbox": [-75.644395, -55.61183, -66.95992, -17.580012], "geometry": {"type": "MultiPolygon", "coordinates": [[[[-68.63401, -52.63637], [-69.95809, -55.19843], [-70.59178, -53.61583], [-68.63401, -52.63637]]], [[[-69.590424, -17.580012], [-66.985234, -22.986349], [-70.01355, -29.367923], [-71.121881, -36.658124], [-71.915424, -43.408565], [-72.447355, -47.738533], [-71.914804, -52.009022], [-72.557943, -53.53141], [-75.18277, -47.711919], [-73.701336, -43.365776], [-72.553137, -35.50884], [-70.403966, -23.628997], [-69.590424, -17.580012]]]]}}, {"type": "Feature", "properties": {"featurecla": "Admin-0 country", "scalerank": 1, "LABELRANK": 2, "SOVEREIGNT": "Democratic Republic of the Congo", "SOV_A3": "COD", "ADM0_DIF": 0, "LEVEL": 2, "TYPE": "Sovereign country", "TLC": "1", "ADMIN": "Democratic Republic of the Congo", "ADM0_A3": "COD", "GEOU_DIF": 0, "GEOUNIT": "Democratic Republic of the Congo", "GU_A3": "COD", "SU_DIF": 0, "SUBUNIT": "Democratic Republic of the Congo", "SU_A3": "COD", "BRK_DIFF": 0, "NAME": "Dem. Rep. Congo", "NAME_LONG": "Democratic Republic of the Congo", "BRK_A3": "COD", "BRK_NAME": "Democratic Republic of the Congo", "BRK_GROUP": null, "ABBREV": "D.R.C.", "POSTAL": "DRC", "FORMAL_EN": "Democratic Republic of the Congo", "FORMAL_FR": null, "NAME_CIAWF": "Congo, Democratic Republic of the", "NOTE_ADM0": null, "NOTE_BRK": null, "NAME_SORT": "Congo, Dem. Rep.", "NAME_ALT": null, "MAPCOLOR7": 4, "MAPCOLOR8": 4, "MAPCOLOR9": 4, "MAPCOLOR13": 7, "POP_EST": 86790567, "POP_RANK": 16, "POP_YEAR": 2019, "GDP_MD": 50400, "GDP_YEAR": 2019, "ECONOMY": "7. Least developed region", "INCOME_GRP": "5. Low income", "FIPS_10": "CG", "ISO_A2": "CD", "ISO_A2_EH": "CD", "ISO_A3": "COD", "ISO_A3_EH": "COD", "ISO_N3": "180", "ISO_N3_EH": "180", "UN_A3": "180", "WB_A2": "ZR", "WB_A3": "ZAR", "WOE_ID": 23424780, "WOE_ID_EH": 23424780, "WOE_NOTE": "Exact WOE match as country", "ADM0_ISO": "COD", "ADM0_DIFF": null, "ADM0_TLC": "COD", "ADM0_A3_US": "COD", "ADM0_A3_FR": "COD", "ADM0_A3_RU": "COD", "ADM0_A3_ES": "COD", "ADM0_A3_CN": "COD", "ADM0_A3_TW": "COD", "ADM0_A3_IN": "COD", "ADM0_A3_NP": "COD", "ADM0_A3_PK": "COD", "ADM0_A3_DE": "COD", "ADM0_A3_GB": "COD", "ADM0_A3_BR": "COD", "ADM0_A3_IL": "COD", "ADM0_A3_PS": "COD", "ADM0_A3_SA": "COD", "ADM0_A3_EG": "COD", "ADM0_A3_MA": "COD", "ADM0_A3_PT": "COD", "ADM0_A3_AR": "COD", "ADM0_A3_JP": "COD", "ADM0_A3_KO": "COD", "ADM0_A3_VN": "COD", "ADM0_A3_TR": "COD", "ADM0_A3_ID": "COD", "ADM0_A3_PL": "COD", "ADM0_A3_GR": "COD", "ADM0_A3_IT": "COD", "ADM0_A3_NL": "COD", "ADM0_A3_SE": "COD", "ADM0_A3_BD": "COD", "ADM0_A3_UA": "COD", "ADM0_A3_UN": -99, "ADM0_A3_WB": -99, "CONTINENT": "Africa", "REGION_UN": "Africa", "SUBREGION": "Middle Africa", "REGION_WB": "Sub-Saharan Africa", "NAME_LEN": 15, "LONG_LEN": 32, "ABBREV_LEN": 6, "TINY": -99, "HOMEPART": 1, "MIN_ZOOM": 0, "MIN_LABEL": 2, "MAX_LABEL": 7, "LABEL_X": 23.458829, "LABEL_Y": -1.858167, "NE_ID": 1159320513, "WIKIDATAID": "Q974", "NAME_AR": "\u062c\u0645\u0647\u0648\u0631\u064a\u0629 \u0627\u0644\u0643\u0648\u0646\u063a\u0648 \u0627\u0644\u062f\u064a\u0645\u0642\u0631\u0627\u0637\u064a\u0629", "NAME_BN": "\u0997\u09a3\u09a4\u09be\u09a8\u09cd\u09a4\u09cd\u09b0\u09bf\u0995 \u0995\u0999\u09cd\u0997\u09cb \u09aa\u09cd\u09b0\u099c\u09be\u09a4\u09a8\u09cd\u09a4\u09cd\u09b0", "NAME_DE": "Demokratische Republik Kongo", "NAME_EN": "Democratic Republic of the Congo", "NAME_ES": "Rep\u00fablica Democr\u00e1tica del Congo", "NAME_FA": "\u062c\u0645\u0647\u0648\u0631\u06cc \u062f\u0645\u0648\u06a9\u0631\u0627\u062a\u06cc\u06a9 \u06a9\u0646\u06af\u0648", "NAME_FR": "R\u00e9publique d\u00e9mocratique du Congo", "NAME_EL": "\u039b\u03b1\u03ca\u03ba\u03ae \u0394\u03b7\u03bc\u03bf\u03ba\u03c1\u03b1\u03c4\u03af\u03b1 \u03c4\u03bf\u03c5 \u039a\u03bf\u03bd\u03b3\u03ba\u03cc", "NAME_HE": "\u05d4\u05e8\u05e4\u05d5\u05d1\u05dc\u05d9\u05e7\u05d4 \u05d4\u05d3\u05de\u05d5\u05e7\u05e8\u05d8\u05d9\u05ea \u05e9\u05dc \u05e7\u05d5\u05e0\u05d2\u05d5", "NAME_HI": "\u0915\u093e\u0902\u0917\u094b \u0932\u094b\u0915\u0924\u093e\u0928\u094d\u0924\u094d\u0930\u093f\u0915 \u0917\u0923\u0930\u093e\u091c\u094d\u092f", "NAME_HU": "Kong\u00f3i Demokratikus K\u00f6zt\u00e1rsas\u00e1g", "NAME_ID": "Republik Demokratik Kongo", "NAME_IT": "Repubblica Democratica del Congo", "NAME_JA": "\u30b3\u30f3\u30b4\u6c11\u4e3b\u5171\u548c\u56fd", "NAME_KO": "\ucf69\uace0 \ubbfc\uc8fc \uacf5\ud654\uad6d", "NAME_NL": "Congo-Kinshasa", "NAME_PL": "Demokratyczna Republika Konga", "NAME_PT": "Rep\u00fablica Democr\u00e1tica do Congo", "NAME_RU": "\u0414\u0435\u043c\u043e\u043a\u0440\u0430\u0442\u0438\u0447\u0435\u0441\u043a\u0430\u044f \u0420\u0435\u0441\u043f\u0443\u0431\u043b\u0438\u043a\u0430 \u041a\u043e\u043d\u0433\u043e", "NAME_SV": "Kongo-Kinshasa", "NAME_TR": "Demokratik Kongo Cumhuriyeti", "NAME_UK": "\u0414\u0435\u043c\u043e\u043a\u0440\u0430\u0442\u0438\u0447\u043d\u0430 \u0420\u0435\u0441\u043f\u0443\u0431\u043b\u0456\u043a\u0430 \u041a\u043e\u043d\u0433\u043e", "NAME_UR": "\u062c\u0645\u06c1\u0648\u0631\u06cc \u062c\u0645\u06c1\u0648\u0631\u06cc\u06c1 \u06a9\u0627\u0646\u06af\u0648", "NAME_VI": "C\u1ed9ng h\u00f2a D\u00e2n ch\u1ee7 Congo", "NAME_ZH": "\u521a\u679c\u6c11\u4e3b\u5171\u548c\u56fd", "NAME_ZHT": "\u525b\u679c\u6c11\u4e3b\u5171\u548c\u570b", "FCLASS_ISO": "Admin-0 country", "TLC_DIFF": null, "FCLASS_TLC": "Admin-0 country", "FCLASS_US": null, "FCLASS_FR": null, "FCLASS_RU": null, "FCLASS_ES": null, "FCLASS_CN": null, "FCLASS_TW": null, "FCLASS_IN": null, "FCLASS_NP": null, "FCLASS_PK": null, "FCLASS_DE": null, "FCLASS_GB": null, "FCLASS_BR": null, "FCLASS_IL": null, "FCLASS_PS": null, "FCLASS_SA": null, "FCLASS_EG": null, "FCLASS_MA": null, "FCLASS_PT": null, "FCLASS_AR": null, "FCLASS_JP": null, "FCLASS_KO": null, "FCLASS_VN": null, "FCLASS_TR": null, "FCLASS_ID": null, "FCLASS_PL": null, "FCLASS_GR": null, "FCLASS_IT": null, "FCLASS_NL": null, "FCLASS_SE": null, "FCLASS_BD": null, "FCLASS_UA": null}, "bbox": [12.182337, -13.257227, 31.174149, 5.256088], "geometry": {"type": "Polygon", "coordinates": [[[29.339998, -4.499983], [29.002912, -8.407032], [29.616001, -12.178895], [25.75231, -11.784965], [22.402798, -10.993075], [20.514748, -7.299606], [18.134222, -7.987678], [12.735171, -5.965682], [13.600235, -4.500138], [16.407092, -1.740927], [18.094276, 2.365722], [21.659123, 4.224342], [25.278798, 5.170408], [29.159078, 4.389267], [30.468508, 1.583805], [29.117479, -2.292211], [29.339998, -4.499983]]]}}, {"type": "Feature", "properties": {"featurecla": "Admin-0 country", "scalerank": 1, "LABELRANK": 6, "SOVEREIGNT": "Somalia", "SOV_A3": "SOM", "ADM0_DIF": 0, "LEVEL": 2, "TYPE": "Sovereign country", "TLC": "1", "ADMIN": "Somalia", "ADM0_A3": "SOM", "GEOU_DIF": 0, "GEOUNIT": "Somalia", "GU_A3": "SOM", "SU_DIF": 0, "SUBUNIT": "Somalia", "SU_A3": "SOM", "BRK_DIFF": 0, "NAME": "Somalia", "NAME_LONG": "Somalia", "BRK_A3": "SOM", "BRK_NAME": "Somalia", "BRK_GROUP": null, "ABBREV": "Som.", "POSTAL": "SO", "FORMAL_EN": "Federal Republic of Somalia", "FORMAL_FR": null, "NAME_CIAWF": "Somalia", "NOTE_ADM0": null, "NOTE_BRK": null, "NAME_SORT": "Somalia", "NAME_ALT": null, "MAPCOLOR7": 2, "MAPCOLOR8": 8, "MAPCOLOR9": 6, "MAPCOLOR13": 7, "POP_EST": 10192317.3, "POP_RANK": 14, "POP_YEAR": 2019, "GDP_MD": 4719, "GDP_YEAR": 2016, "ECONOMY": "7. Least developed region", "INCOME_GRP": "5. Low income", "FIPS_10": "SO", "ISO_A2": "SO", "ISO_A2_EH": "SO", "ISO_A3": "SOM", "ISO_A3_EH": "SOM", "ISO_N3": "706", "ISO_N3_EH": "706", "UN_A3": "706", "WB_A2": "SO", "WB_A3": "SOM", "WOE_ID": -90, "WOE_ID_EH": 23424949, "WOE_NOTE": "Includes Somaliland (2347021, 2347020, 2347017 and portion of 2347016)", "ADM0_ISO": "SOM", "ADM0_DIFF": null, "ADM0_TLC": "SOM", "ADM0_A3_US": "SOM", "ADM0_A3_FR": "SOM", "ADM0_A3_RU": "SOM", "ADM0_A3_ES": "SOM", "ADM0_A3_CN": "SOM", "ADM0_A3_TW": "SOM", "ADM0_A3_IN": "SOM", "ADM0_A3_NP": "SOM", "ADM0_A3_PK": "SOM", "ADM0_A3_DE": "SOM", "ADM0_A3_GB": "SOM", "ADM0_A3_BR": "SOM", "ADM0_A3_IL": "SOM", "ADM0_A3_PS": "SOM", "ADM0_A3_SA": "SOM", "ADM0_A3_EG": "SOM", "ADM0_A3_MA": "SOM", "ADM0_A3_PT": "SOM", "ADM0_A3_AR": "SOM", "ADM0_A3_JP": "SOM", "ADM0_A3_KO": "SOM", "ADM0_A3_VN": "SOM", "ADM0_A3_TR": "SOM", "ADM0_A3_ID": "SOM", "ADM0_A3_PL": "SOM", "ADM0_A3_GR": "SOM", "ADM0_A3_IT": "SOM", "ADM0_A3_NL": "SOM", "ADM0_A3_SE": "SOM", "ADM0_A3_BD": "SOM", "ADM0_A3_UA": "SOM", "ADM0_A3_UN": -99, "ADM0_A3_WB": -99, "CONTINENT": "Africa", "REGION_UN": "Africa", "SUBREGION": "Eastern Africa", "REGION_WB": "Sub-Saharan Africa", "NAME_LEN": 7, "LONG_LEN": 7, "ABBREV_LEN": 4, "TINY": -99, "HOMEPART": 1, "MIN_ZOOM": 0, "MIN_LABEL": 4, "MAX_LABEL": 9, "LABEL_X": 45.19238, "LABEL_Y": 3.568925, "NE_ID": 1159321261, "WIKIDATAID": "Q1045", "NAME_AR": "\u0627\u0644\u0635\u0648\u0645\u0627\u0644", "NAME_BN": "\u09b8\u09cb\u09ae\u09be\u09b2\u09bf\u09af\u09bc\u09be", "NAME_DE": "Somalia", "NAME_EN": "Somalia", "NAME_ES": "Somalia", "NAME_FA": "\u0633\u0648\u0645\u0627\u0644\u06cc", "NAME_FR": "Somalie", "NAME_EL": "\u03a3\u03bf\u03bc\u03b1\u03bb\u03af\u03b1", "NAME_HE": "\u05e1\u05d5\u05de\u05dc\u05d9\u05d4", "NAME_HI": "\u0938\u094b\u092e\u093e\u0932\u093f\u092f\u093e", "NAME_HU": "Szom\u00e1lia", "NAME_ID": "Somalia", "NAME_IT": "Somalia", "NAME_JA": "\u30bd\u30de\u30ea\u30a2", "NAME_KO": "\uc18c\ub9d0\ub9ac\uc544", "NAME_NL": "Somali\u00eb", "NAME_PL": "Somalia", "NAME_PT": "Som\u00e1lia", "NAME_RU": "\u0421\u043e\u043c\u0430\u043b\u0438", "NAME_SV": "Somalia", "NAME_TR": "Somali", "NAME_UK": "\u0421\u043e\u043c\u0430\u043b\u0456", "NAME_UR": "\u0635\u0648\u0645\u0627\u0644\u06cc\u06c1", "NAME_VI": "Somalia", "NAME_ZH": "\u7d22\u9a6c\u91cc", "NAME_ZHT": "\u7d22\u99ac\u5229\u4e9e", "FCLASS_ISO": "Admin-0 country", "TLC_DIFF": null, "FCLASS_TLC": "Admin-0 country", "FCLASS_US": null, "FCLASS_FR": null, "FCLASS_RU": null, "FCLASS_ES": null, "FCLASS_CN": null, "FCLASS_TW": null, "FCLASS_IN": null, "FCLASS_NP": null, "FCLASS_PK": null, "FCLASS_DE": null, "FCLASS_GB": null, "FCLASS_BR": null, "FCLASS_IL": null, "FCLASS_PS": null, "FCLASS_SA": null, "FCLASS_EG": null, "FCLASS_MA": null, "FCLASS_PT": null, "FCLASS_AR": null, "FCLASS_JP": null, "FCLASS_KO": null, "FCLASS_VN": null, "FCLASS_TR": null, "FCLASS_ID": null, "FCLASS_PL": null, "FCLASS_GR": null, "FCLASS_IT": null, "FCLASS_NL": null, "FCLASS_SE": null, "FCLASS_BD": null, "FCLASS_UA": null}, "bbox": [40.98105, -1.68325, 51.13387, 12.02464], "geometry": {"type": "Polygon", "coordinates": [[[41.58513, -1.68325], [47.78942, 8.003], [49.26776, 11.43033], [50.83418, 10.27972], [44.06815, 1.05283], [41.58513, -1.68325]]]}}, {"type": "Feature", "properties": {"featurecla": "Admin-0 country", "scalerank": 1, "LABELRANK": 2, "SOVEREIGNT": "Kenya", "SOV_A3": "KEN", "ADM0_DIF": 0, "LEVEL": 2, "TYPE": "Sovereign country", "TLC": "1", "ADMIN": "Kenya", "ADM0_A3": "KEN", "GEOU_DIF": 0, "GEOUNIT": "Kenya", "GU_A3": "KEN", "SU_DIF": 0, "SUBUNIT": "Kenya", "SU_A3": "KEN", "BRK_DIFF": 0, "NAME": "Kenya", "NAME_LONG": "Kenya", "BRK_A3": "KEN", "BRK_NAME": "Kenya", "BRK_GROUP": null, "ABBREV": "Ken.", "POSTAL": "KE", "FORMAL_EN": "Republic of Kenya", "FORMAL_FR": null, "NAME_CIAWF": "Kenya", "NOTE_ADM0": null, "NOTE_BRK": null, "NAME_SORT": "Kenya", "NAME_ALT": null, "MAPCOLOR7": 5, "MAPCOLOR8": 2, "MAPCOLOR9": 7, "MAPCOLOR13": 3, "POP_EST": 52573973, "POP_RANK": 16, "POP_YEAR": 2019, "GDP_MD": 95503, "GDP_YEAR": 2019, "ECONOMY": "5. Emerging region: G20", "INCOME_GRP": "5. Low income", "FIPS_10": "KE", "ISO_A2": "KE", "ISO_A2_EH": "KE", "ISO_A3": "KEN", "ISO_A3_EH": "KEN", "ISO_N3": "404", "ISO_N3_EH": "404", "UN_A3": "404", "WB_A2": "KE", "WB_A3": "KEN", "WOE_ID": 23424863, "WOE_ID_EH": 23424863, "WOE_NOTE": "Exact WOE match as country", "ADM0_ISO": "KEN", "ADM0_DIFF": null, "ADM0_TLC": "KEN", "ADM0_A3_US": "KEN", "ADM0_A3_FR": "KEN", "ADM0_A3_RU": "KEN", "ADM0_A3_ES": "KEN", "ADM0_A3_CN": "KEN", "ADM0_A3_TW": "KEN", "ADM0_A3_IN": "KEN", "ADM0_A3_NP": "KEN", "ADM0_A3_PK": "KEN", "ADM0_A3_DE": "KEN", "ADM0_A3_GB": "KEN", "ADM0_A3_BR": "KEN", "ADM0_A3_IL": "KEN", "ADM0_A3_PS": "KEN", "ADM0_A3_SA": "KEN", "ADM0_A3_EG": "KEN", "ADM0_A3_MA": "KEN", "ADM0_A3_PT": "KEN", "ADM0_A3_AR": "KEN", "ADM0_A3_JP": "KEN", "ADM0_A3_KO": "KEN", "ADM0_A3_VN": "KEN", "ADM0_A3_TR": "KEN", "ADM0_A3_ID": "KEN", "ADM0_A3_PL": "KEN", "ADM0_A3_GR": "KEN", "ADM0_A3_IT": "KEN", "ADM0_A3_NL": "KEN", "ADM0_A3_SE": "KEN", "ADM0_A3_BD": "KEN", "ADM0_A3_UA": "KEN", "ADM0_A3_UN": -99, "ADM0_A3_WB": -99, "CONTINENT": "Africa", "REGION_UN": "Africa", "SUBREGION": "Eastern Africa", "REGION_WB": "Sub-Saharan Africa", "NAME_LEN": 5, "LONG_LEN": 5, "ABBREV_LEN": 4, "TINY": -99, "HOMEPART": 1, "MIN_ZOOM": 0, "MIN_LABEL": 1.7, "MAX_LABEL": 6.7, "LABEL_X": 37.907632, "LABEL_Y": 0.549043, "NE_ID": 1159320971, "WIKIDATAID": "Q114", "NAME_AR": "\u0643\u064a\u0646\u064a\u0627", "NAME_BN": "\u0995\u09c7\u09a8\u09bf\u09af\u09bc\u09be", "NAME_DE": "Kenia", "NAME_EN": "Kenya", "NAME_ES": "Kenia", "NAME_FA": "\u06a9\u0646\u06cc\u0627", "NAME_FR": "Kenya", "NAME_EL": "\u039a\u03ad\u03bd\u03c5\u03b1", "NAME_HE": "\u05e7\u05e0\u05d9\u05d4", "NAME_HI": "\u0915\u0940\u0928\u093f\u092f\u093e", "NAME_HU": "Kenya", "NAME_ID": "Kenya", "NAME_IT": "Kenya", "NAME_JA": "\u30b1\u30cb\u30a2", "NAME_KO": "\ucf00\ub0d0", "NAME_NL": "Kenia", "NAME_PL": "Kenia", "NAME_PT": "Qu\u00e9nia", "NAME_RU": "\u041a\u0435\u043d\u0438\u044f", "NAME_SV": "Kenya", "NAME_TR": "Kenya", "NAME_UK": "\u041a\u0435\u043d\u0456\u044f", "NAME_UR": "\u06a9\u06cc\u0646\u06cc\u0627", "NAME_VI": "Kenya", "NAME_ZH": "\u80af\u5c3c\u4e9a", "NAME_ZHT": "\u80af\u4e9e", "FCLASS_ISO": "Admin-0 country", "TLC_DIFF": null, "FCLASS_TLC": "Admin-0 country", "FCLASS_US": null, "FCLASS_FR": null, "FCLASS_RU": null, "FCLASS_ES": null, "FCLASS_CN": null, "FCLASS_TW": null, "FCLASS_IN": null, "FCLASS_NP": null, "FCLASS_PK": null, "FCLASS_DE": null, "FCLASS_GB": null, "FCLASS_BR": null, "FCLASS_IL": null, "FCLASS_PS": null, "FCLASS_SA": null, "FCLASS_EG": null, "FCLASS_MA": null, "FCLASS_PT": null, "FCLASS_AR": null, "FCLASS_JP": null, "FCLASS_KO": null, "FCLASS_VN": null, "FCLASS_TR": null, "FCLASS_ID": null, "FCLASS_PL": null, "FCLASS_GR": null, "FCLASS_IT": null, "FCLASS_NL": null, "FCLASS_SE": null, "FCLASS_BD": null, "FCLASS_UA": null}, "bbox": [33.893569, -4.67677, 41.855083, 5.506], "geometry": {"type": "Polygon", "coordinates": [[[39.20222, -4.67677], [35.03599, 1.90584], [36.159079, 4.447864], [40.76848, 4.25702], [40.26304, -2.57309], [39.20222, -4.67677]]]}}, {"type": "Feature", "properties": {"featurecla": "Admin-0 country", "scalerank": 1, "LABELRANK": 3, "SOVEREIGNT": "Sudan", "SOV_A3": "SDN", "ADM0_DIF": 0, "LEVEL": 2, "TYPE": "Sovereign country", "TLC": "1", "ADMIN": "Sudan", "ADM0_A3": "SDN", "GEOU_DIF": 0, "GEOUNIT": "Sudan", "GU_A3": "SDN", "SU_DIF": 0, "SUBUNIT": "Sudan", "SU_A3": "SDN", "BRK_DIFF": 0, "NAME": "Sudan", "NAME_LONG": "Sudan", "BRK_A3": "SDN", "BRK_NAME": "Sudan", "BRK_GROUP": null, "ABBREV": "Sudan", "POSTAL": "SD", "FORMAL_EN": "Republic of the Sudan", "FORMAL_FR": null, "NAME_CIAWF": "Sudan", "NOTE_ADM0": null, "NOTE_BRK": null, "NAME_SORT": "Sudan", "NAME_ALT": null, "MAPCOLOR7": 2, "MAPCOLOR8": 6, "MAPCOLOR9": 4, "MAPCOLOR13": 1, "POP_EST": 42813238, "POP_RANK": 15, "POP_YEAR": 2019, "GDP_MD": 30513, "GDP_YEAR": 2019, "ECONOMY": "6. Developing region", "INCOME_GRP": "4. Lower middle income", "FIPS_10": "SU", "ISO_A2": "SD", "ISO_A2_EH": "SD", "ISO_A3": "SDN", "ISO_A3_EH": "SDN", "ISO_N3": "729", "ISO_N3_EH": "729", "UN_A3": "729", "WB_A2": "SD", "WB_A3": "SDN", "WOE_ID": -90, "WOE_ID_EH": 23424952, "WOE_NOTE": "Almost all FLickr photos are in the north.", "ADM0_ISO": "SDZ", "ADM0_DIFF": null, "ADM0_TLC": "SDZ", "ADM0_A3_US": "SDN", "ADM0_A3_FR": "SDN", "ADM0_A3_RU": "SDN", "ADM0_A3_ES": "SDN", "ADM0_A3_CN": "SDN", "ADM0_A3_TW": "SDN", "ADM0_A3_IN": "SDN", "ADM0_A3_NP": "SDN", "ADM0_A3_PK": "SDN", "ADM0_A3_DE": "SDN", "ADM0_A3_GB": "SDN", "ADM0_A3_BR": "SDN", "ADM0_A3_IL": "SDN", "ADM0_A3_PS": "SDN", "ADM0_A3_SA": "SDN", "ADM0_A3_EG": "SDN", "ADM0_A3_MA": "SDN", "ADM0_A3_PT": "SDN", "ADM0_A3_AR": "SDN", "ADM0_A3_JP": "SDN", "ADM0_A3_KO": "SDN", "ADM0_A3_VN": "SDN", "ADM0_A3_TR": "SDN", "ADM0_A3_ID": "SDN", "ADM0_A3_PL": "SDN", "ADM0_A3_GR": "SDN", "ADM0_A3_IT": "SDN", "ADM0_A3_NL": "SDN", "ADM0_A3_SE": "SDN", "ADM0_A3_BD": "SDN", "ADM0_A3_UA": "SDN", "ADM0_A3_UN": -99, "ADM0_A3_WB": -99, "CONTINENT": "Africa", "REGION_UN": "Africa", "SUBREGION": "Northern Africa", "REGION_WB": "Sub-Saharan Africa", "NAME_LEN": 5, "LONG_LEN": 5, "ABBREV_LEN": 5, "TINY": -99, "HOMEPART": 1, "MIN_ZOOM": 0, "MIN_LABEL": 2.5, "MAX_LABEL": 8, "LABEL_X": 29.260657, "LABEL_Y": 16.330746, "NE_ID": 1159321229, "WIKIDATAID": "Q1049", "NAME_AR": "\u0627\u0644\u0633\u0648\u062f\u0627\u0646", "NAME_BN": "\u09b8\u09c1\u09a6\u09be\u09a8", "NAME_DE": "Sudan", "NAME_EN": "Sudan", "NAME_ES": "Sud\u00e1n", "NAME_FA": "\u0633\u0648\u062f\u0627\u0646", "NAME_FR": "Soudan", "NAME_EL": "\u03a3\u03bf\u03c5\u03b4\u03ac\u03bd", "NAME_HE": "\u05e1\u05d5\u05d3\u05d0\u05df", "NAME_HI": "\u0938\u0942\u0921\u093e\u0928", "NAME_HU": "Szud\u00e1n", "NAME_ID": "Sudan", "NAME_IT": "Sudan", "NAME_JA": "\u30b9\u30fc\u30c0\u30f3", "NAME_KO": "\uc218\ub2e8", "NAME_NL": "Soedan", "NAME_PL": "Sudan", "NAME_PT": "Sud\u00e3o", "NAME_RU": "\u0421\u0443\u0434\u0430\u043d", "NAME_SV": "Sudan", "NAME_TR": "Sudan", "NAME_UK": "\u0421\u0443\u0434\u0430\u043d", "NAME_UR": "\u0633\u0648\u0688\u0627\u0646", "NAME_VI": "Sudan", "NAME_ZH": "\u82cf\u4e39", "NAME_ZHT": "\u8607\u4e39", "FCLASS_ISO": "Admin-0 country", "TLC_DIFF": null, "FCLASS_TLC": "Admin-0 country", "FCLASS_US": null, "FCLASS_FR": null, "FCLASS_RU": null, "FCLASS_ES": null, "FCLASS_CN": null, "FCLASS_TW": null, "FCLASS_IN": null, "FCLASS_NP": null, "FCLASS_PK": null, "FCLASS_DE": null, "FCLASS_GB": null, "FCLASS_BR": null, "FCLASS_IL": null, "FCLASS_PS": null, "FCLASS_SA": null, "FCLASS_EG": null, "FCLASS_MA": null, "FCLASS_PT": null, "FCLASS_AR": null, "FCLASS_JP": null, "FCLASS_KO": null, "FCLASS_VN": null, "FCLASS_TR": null, "FCLASS_ID": null, "FCLASS_PL": null, "FCLASS_GR": null, "FCLASS_IT": null, "FCLASS_NL": null, "FCLASS_SE": null, "FCLASS_BD": null, "FCLASS_UA": null}, "bbox": [21.93681, 8.229188, 38.41009, 22], "geometry": {"type": "Polygon", "coordinates": [[[24.567369, 8.229188], [22.87622, 11.38461], [22.51202, 14.09318], [25, 22], [37.86276, 18.36786], [36.27022, 13.56333], [33.963393, 9.464285], [32.67475, 12.024832], [29.618957, 10.084919], [26.477328, 9.55273], [24.567369, 8.229188]]]}}, {"type": "Feature", "properties": {"featurecla": "Admin-0 country", "scalerank": 1, "LABELRANK": 3, "SOVEREIGNT": "Chad", "SOV_A3": "TCD", "ADM0_DIF": 0, "LEVEL": 2, "TYPE": "Sovereign country", "TLC": "1", "ADMIN": "Chad", "ADM0_A3": "TCD", "GEOU_DIF": 0, "GEOUNIT": "Chad", "GU_A3": "TCD", "SU_DIF": 0, "SUBUNIT": "Chad", "SU_A3": "TCD", "BRK_DIFF": 0, "NAME": "Chad", "NAME_LONG": "Chad", "BRK_A3": "TCD", "BRK_NAME": "Chad", "BRK_GROUP": null, "ABBREV": "Chad", "POSTAL": "TD", "FORMAL_EN": "Republic of Chad", "FORMAL_FR": null, "NAME_CIAWF": "Chad", "NOTE_ADM0": null, "NOTE_BRK": null, "NAME_SORT": "Chad", "NAME_ALT": null, "MAPCOLOR7": 6, "MAPCOLOR8": 1, "MAPCOLOR9": 8, "MAPCOLOR13": 6, "POP_EST": 15946876, "POP_RANK": 14, "POP_YEAR": 2019, "GDP_MD": 11314, "GDP_YEAR": 2019, "ECONOMY": "7. Least developed region", "INCOME_GRP": "5. Low income", "FIPS_10": "CD", "ISO_A2": "TD", "ISO_A2_EH": "TD", "ISO_A3": "TCD", "ISO_A3_EH": "TCD", "ISO_N3": "148", "ISO_N3_EH": "148", "UN_A3": "148", "WB_A2": "TD", "WB_A3": "TCD", "WOE_ID": 23424777, "WOE_ID_EH": 23424777, "WOE_NOTE": "Exact WOE match as country", "ADM0_ISO": "TCD", "ADM0_DIFF": null, "ADM0_TLC": "TCD", "ADM0_A3_US": "TCD", "ADM0_A3_FR": "TCD", "ADM0_A3_RU": "TCD", "ADM0_A3_ES": "TCD", "ADM0_A3_CN": "TCD", "ADM0_A3_TW": "TCD", "ADM0_A3_IN": "TCD", "ADM0_A3_NP": "TCD", "ADM0_A3_PK": "TCD", "ADM0_A3_DE": "TCD", "ADM0_A3_GB": "TCD", "ADM0_A3_BR": "TCD", "ADM0_A3_IL": "TCD", "ADM0_A3_PS": "TCD", "ADM0_A3_SA": "TCD", "ADM0_A3_EG": "TCD", "ADM0_A3_MA": "TCD", "ADM0_A3_PT": "TCD", "ADM0_A3_AR": "TCD", "ADM0_A3_JP": "TCD", "ADM0_A3_KO": "TCD", "ADM0_A3_VN": "TCD", "ADM0_A3_TR": "TCD", "ADM0_A3_ID": "TCD", "ADM0_A3_PL": "TCD", "ADM0_A3_GR": "TCD", "ADM0_A3_IT": "TCD", "ADM0_A3_NL": "TCD", "ADM0_A3_SE": "TCD", "ADM0_A3_BD": "TCD", "ADM0_A3_UA": "TCD", "ADM0_A3_UN": -99, "ADM0_A3_WB": -99, "CONTINENT": "Africa", "REGION_UN": "Africa", "SUBREGION": "Middle Africa", "REGION_WB": "Sub-Saharan Africa", "NAME_LEN": 4, "LONG_LEN": 4, "ABBREV_LEN": 4, "TINY": -99, "HOMEPART": 1, "MIN_ZOOM": 0, "MIN_LABEL": 3, "MAX_LABEL": 8, "LABEL_X": 18.645041, "LABEL_Y": 15.142959, "NE_ID": 1159321301, "WIKIDATAID": "Q657", "NAME_AR": "\u062a\u0634\u0627\u062f", "NAME_BN": "\u099a\u09be\u09a6", "NAME_DE": "Tschad", "NAME_EN": "Chad", "NAME_ES": "Chad", "NAME_FA": "\u0686\u0627\u062f", "NAME_FR": "Tchad", "NAME_EL": "\u03a4\u03c3\u03b1\u03bd\u03c4", "NAME_HE": "\u05e6'\u05d0\u05d3", "NAME_HI": "\u091a\u093e\u0921", "NAME_HU": "Cs\u00e1d", "NAME_ID": "Chad", "NAME_IT": "Ciad", "NAME_JA": "\u30c1\u30e3\u30c9", "NAME_KO": "\ucc28\ub4dc", "NAME_NL": "Tsjaad", "NAME_PL": "Czad", "NAME_PT": "Chade", "NAME_RU": "\u0427\u0430\u0434", "NAME_SV": "Tchad", "NAME_TR": "\u00c7ad", "NAME_UK": "\u0427\u0430\u0434", "NAME_UR": "\u0686\u0627\u0688", "NAME_VI": "Tchad", "NAME_ZH": "\u4e4d\u5f97", "NAME_ZHT": "\u67e5\u5fb7", "FCLASS_ISO": "Admin-0 country", "TLC_DIFF": null, "FCLASS_TLC": "Admin-0 country", "FCLASS_US": null, "FCLASS_FR": null, "FCLASS_RU": null, "FCLASS_ES": null, "FCLASS_CN": null, "FCLASS_TW": null, "FCLASS_IN": null, "FCLASS_NP": null, "FCLASS_PK": null, "FCLASS_DE": null, "FCLASS_GB": null, "FCLASS_BR": null, "FCLASS_IL": null, "FCLASS_PS": null, "FCLASS_SA": null, "FCLASS_EG": null, "FCLASS_MA": null, "FCLASS_PT": null, "FCLASS_AR": null, "FCLASS_JP": null, "FCLASS_KO": null, "FCLASS_VN": null, "FCLASS_TR": null, "FCLASS_ID": null, "FCLASS_PL": null, "FCLASS_GR": null, "FCLASS_IT": null, "FCLASS_NL": null, "FCLASS_SE": null, "FCLASS_BD": null, "FCLASS_UA": null}, "bbox": [13.540394, 7.421925, 23.88689, 23.40972], "geometry": {"type": "Polygon", "coordinates": [[[23.83766, 19.58047], [22.03759, 12.95546], [21.723822, 10.567056], [16.705988, 7.508328], [14.544467, 8.965861], [14.89336, 12.21905], [15.300441, 17.92795], [19.84926, 21.49509], [23.83766, 19.58047]]]}}, {"type": "Feature", "properties": {"featurecla": "Admin-0 country", "scalerank": 1, "LABELRANK": 5, "SOVEREIGNT": "Haiti", "SOV_A3": "HTI", "ADM0_DIF": 0, "LEVEL": 2, "TYPE": "Sovereign country", "TLC": "1", "ADMIN": "Haiti", "ADM0_A3": "HTI", "GEOU_DIF": 0, "GEOUNIT": "Haiti", "GU_A3": "HTI", "SU_DIF": 0, "SUBUNIT": "Haiti", "SU_A3": "HTI", "BRK_DIFF": 0, "NAME": "Haiti", "NAME_LONG": "Haiti", "BRK_A3": "HTI", "BRK_NAME": "Haiti", "BRK_GROUP": null, "ABBREV": "Haiti", "POSTAL": "HT", "FORMAL_EN": "Republic of Haiti", "FORMAL_FR": null, "NAME_CIAWF": "Haiti", "NOTE_ADM0": null, "NOTE_BRK": null, "NAME_SORT": "Haiti", "NAME_ALT": null, "MAPCOLOR7": 2, "MAPCOLOR8": 1, "MAPCOLOR9": 7, "MAPCOLOR13": 2, "POP_EST": 11263077, "POP_RANK": 14, "POP_YEAR": 2019, "GDP_MD": 14332, "GDP_YEAR": 2019, "ECONOMY": "7. Least developed region", "INCOME_GRP": "5. Low income", "FIPS_10": "HA", "ISO_A2": "HT", "ISO_A2_EH": "HT", "ISO_A3": "HTI", "ISO_A3_EH": "HTI", "ISO_N3": "332", "ISO_N3_EH": "332", "UN_A3": "332", "WB_A2": "HT", "WB_A3": "HTI", "WOE_ID": 23424839, "WOE_ID_EH": 23424839, "WOE_NOTE": "Exact WOE match as country", "ADM0_ISO": "HTI", "ADM0_DIFF": null, "ADM0_TLC": "HTI", "ADM0_A3_US": "HTI", "ADM0_A3_FR": "HTI", "ADM0_A3_RU": "HTI", "ADM0_A3_ES": "HTI", "ADM0_A3_CN": "HTI", "ADM0_A3_TW": "HTI", "ADM0_A3_IN": "HTI", "ADM0_A3_NP": "HTI", "ADM0_A3_PK": "HTI", "ADM0_A3_DE": "HTI", "ADM0_A3_GB": "HTI", "ADM0_A3_BR": "HTI", "ADM0_A3_IL": "HTI", "ADM0_A3_PS": "HTI", "ADM0_A3_SA": "HTI", "ADM0_A3_EG": "HTI", "ADM0_A3_MA": "HTI", "ADM0_A3_PT": "HTI", "ADM0_A3_AR": "HTI", "ADM0_A3_JP": "HTI", "ADM0_A3_KO": "HTI", "ADM0_A3_VN": "HTI", "ADM0_A3_TR": "HTI", "ADM0_A3_ID": "HTI", "ADM0_A3_PL": "HTI", "ADM0_A3_GR": "HTI", "ADM0_A3_IT": "HTI", "ADM0_A3_NL": "HTI", "ADM0_A3_SE": "HTI", "ADM0_A3_BD": "HTI", "ADM0_A3_UA": "HTI", "ADM0_A3_UN": -99, "ADM0_A3_WB": -99, "CONTINENT": "North America", "REGION_UN": "Americas", "SUBREGION": "Caribbean", "REGION_WB": "Latin America & Caribbean", "NAME_LEN": 5, "LONG_LEN": 5, "ABBREV_LEN": 5, "TINY": -99, "HOMEPART": 1, "MIN_ZOOM": 0, "MIN_LABEL": 4, "MAX_LABEL": 9, "LABEL_X": -72.224051, "LABEL_Y": 19.263784, "NE_ID": 1159320839, "WIKIDATAID": "Q790", "NAME_AR": "\u0647\u0627\u064a\u062a\u064a", "NAME_BN": "\u09b9\u09be\u0987\u09a4\u09bf", "NAME_DE": "Haiti", "NAME_EN": "Haiti", "NAME_ES": "Hait\u00ed", "NAME_FA": "\u0647\u0627\u0626\u06cc\u062a\u06cc", "NAME_FR": "Ha\u00efti", "NAME_EL": "\u0391\u03ca\u03c4\u03ae", "NAME_HE": "\u05d4\u05d0\u05d9\u05d8\u05d9", "NAME_HI": "\u0939\u0948\u0924\u0940", "NAME_HU": "Haiti", "NAME_ID": "Haiti", "NAME_IT": "Haiti", "NAME_JA": "\u30cf\u30a4\u30c1", "NAME_KO": "\uc544\uc774\ud2f0", "NAME_NL": "Ha\u00efti", "NAME_PL": "Haiti", "NAME_PT": "Haiti", "NAME_RU": "\u0420\u0435\u0441\u043f\u0443\u0431\u043b\u0438\u043a\u0430 \u0413\u0430\u0438\u0442\u0438", "NAME_SV": "Haiti", "NAME_TR": "Haiti", "NAME_UK": "\u0413\u0430\u0457\u0442\u0456", "NAME_UR": "\u06c1\u06cc\u0679\u06cc", "NAME_VI": "Haiti", "NAME_ZH": "\u6d77\u5730", "NAME_ZHT": "\u6d77\u5730", "FCLASS_ISO": "Admin-0 country", "TLC_DIFF": null, "FCLASS_TLC": "Admin-0 country", "FCLASS_US": null, "FCLASS_FR": null, "FCLASS_RU": null, "FCLASS_ES": null, "FCLASS_CN": null, "FCLASS_TW": null, "FCLASS_IN": null, "FCLASS_NP": null, "FCLASS_PK": null, "FCLASS_DE": null, "FCLASS_GB": null, "FCLASS_BR": null, "FCLASS_IL": null, "FCLASS_PS": null, "FCLASS_SA": null, "FCLASS_EG": null, "FCLASS_MA": null, "FCLASS_PT": null, "FCLASS_AR": null, "FCLASS_JP": null, "FCLASS_KO": null, "FCLASS_VN": null, "FCLASS_TR": null, "FCLASS_ID": null, "FCLASS_PL": null, "FCLASS_GR": null, "FCLASS_IT": null, "FCLASS_NL": null, "FCLASS_SE": null, "FCLASS_BD": null, "FCLASS_UA": null}, "bbox": [-74.458034, 18.030993, -71.624873, 19.915684], "geometry": {"type": "Polygon", "coordinates": [[[-71.712361, 19.714456], [-73.454555, 18.217906], [-72.784105, 19.483591], [-71.712361, 19.714456]]]}}, {"type": "Feature", "properties": {"featurecla": "Admin-0 country", "scalerank": 1, "LABELRANK": 5, "SOVEREIGNT": "Dominican Republic", "SOV_A3": "DOM", "ADM0_DIF": 0, "LEVEL": 2, "TYPE": "Sovereign country", "TLC": "1", "ADMIN": "Dominican Republic", "ADM0_A3": "DOM", "GEOU_DIF": 0, "GEOUNIT": "Dominican Republic", "GU_A3": "DOM", "SU_DIF": 0, "SUBUNIT": "Dominican Republic", "SU_A3": "DOM", "BRK_DIFF": 0, "NAME": "Dominican Rep.", "NAME_LONG": "Dominican Republic", "BRK_A3": "DOM", "BRK_NAME": "Dominican Rep.", "BRK_GROUP": null, "ABBREV": "Dom. Rep.", "POSTAL": "DO", "FORMAL_EN": "Dominican Republic", "FORMAL_FR": null, "NAME_CIAWF": "Dominican Republic", "NOTE_ADM0": null, "NOTE_BRK": null, "NAME_SORT": "Dominican Republic", "NAME_ALT": null, "MAPCOLOR7": 5, "MAPCOLOR8": 2, "MAPCOLOR9": 5, "MAPCOLOR13": 7, "POP_EST": 10738958, "POP_RANK": 14, "POP_YEAR": 2019, "GDP_MD": 88941, "GDP_YEAR": 2019, "ECONOMY": "6. Developing region", "INCOME_GRP": "3. Upper middle income", "FIPS_10": "DR", "ISO_A2": "DO", "ISO_A2_EH": "DO", "ISO_A3": "DOM", "ISO_A3_EH": "DOM", "ISO_N3": "214", "ISO_N3_EH": "214", "UN_A3": "214", "WB_A2": "DO", "WB_A3": "DOM", "WOE_ID": 23424800, "WOE_ID_EH": 23424800, "WOE_NOTE": "Exact WOE match as country", "ADM0_ISO": "DOM", "ADM0_DIFF": null, "ADM0_TLC": "DOM", "ADM0_A3_US": "DOM", "ADM0_A3_FR": "DOM", "ADM0_A3_RU": "DOM", "ADM0_A3_ES": "DOM", "ADM0_A3_CN": "DOM", "ADM0_A3_TW": "DOM", "ADM0_A3_IN": "DOM", "ADM0_A3_NP": "DOM", "ADM0_A3_PK": "DOM", "ADM0_A3_DE": "DOM", "ADM0_A3_GB": "DOM", "ADM0_A3_BR": "DOM", "ADM0_A3_IL": "DOM", "ADM0_A3_PS": "DOM", "ADM0_A3_SA": "DOM", "ADM0_A3_EG": "DOM", "ADM0_A3_MA": "DOM", "ADM0_A3_PT": "DOM", "ADM0_A3_AR": "DOM", "ADM0_A3_JP": "DOM", "ADM0_A3_KO": "DOM", "ADM0_A3_VN": "DOM", "ADM0_A3_TR": "DOM", "ADM0_A3_ID": "DOM", "ADM0_A3_PL": "DOM", "ADM0_A3_GR": "DOM", "ADM0_A3_IT": "DOM", "ADM0_A3_NL": "DOM", "ADM0_A3_SE": "DOM", "ADM0_A3_BD": "DOM", "ADM0_A3_UA": "DOM", "ADM0_A3_UN": -99, "ADM0_A3_WB": -99, "CONTINENT": "North America", "REGION_UN": "Americas", "SUBREGION": "Caribbean", "REGION_WB": "Latin America & Caribbean", "NAME_LEN": 14, "LONG_LEN": 18, "ABBREV_LEN": 9, "TINY": -99, "HOMEPART": 1, "MIN_ZOOM": 0, "MIN_LABEL": 4.5, "MAX_LABEL": 9.5, "LABEL_X": -70.653998, "LABEL_Y": 19.104137, "NE_ID": 1159320563, "WIKIDATAID": "Q786", "NAME_AR": "\u062c\u0645\u0647\u0648\u0631\u064a\u0629 \u0627\u0644\u062f\u0648\u0645\u064a\u0646\u064a\u0643\u0627\u0646", "NAME_BN": "\u09a1\u09cb\u09ae\u09bf\u09a8\u09bf\u0995\u09be\u09a8 \u09aa\u09cd\u09b0\u099c\u09be\u09a4\u09a8\u09cd\u09a4\u09cd\u09b0", "NAME_DE": "Dominikanische Republik", "NAME_EN": "Dominican Republic", "NAME_ES": "Rep\u00fablica Dominicana", "NAME_FA": "\u062c\u0645\u0647\u0648\u0631\u06cc \u062f\u0648\u0645\u06cc\u0646\u06cc\u06a9\u0646", "NAME_FR": "R\u00e9publique dominicaine", "NAME_EL": "\u0394\u03bf\u03bc\u03b9\u03bd\u03b9\u03ba\u03b1\u03bd\u03ae \u0394\u03b7\u03bc\u03bf\u03ba\u03c1\u03b1\u03c4\u03af\u03b1", "NAME_HE": "\u05d4\u05e8\u05e4\u05d5\u05d1\u05dc\u05d9\u05e7\u05d4 \u05d4\u05d3\u05d5\u05de\u05d9\u05e0\u05d9\u05e7\u05e0\u05d9\u05ea", "NAME_HI": "\u0921\u094b\u092e\u093f\u0928\u093f\u0915\u0928 \u0917\u0923\u0930\u093e\u091c\u094d\u092f", "NAME_HU": "Dominikai K\u00f6zt\u00e1rsas\u00e1g", "NAME_ID": "Republik Dominika", "NAME_IT": "Repubblica Dominicana", "NAME_JA": "\u30c9\u30df\u30cb\u30ab\u5171\u548c\u56fd", "NAME_KO": "\ub3c4\ubbf8\ub2c8\uce74 \uacf5\ud654\uad6d", "NAME_NL": "Dominicaanse Republiek", "NAME_PL": "Dominikana", "NAME_PT": "Rep\u00fablica Dominicana", "NAME_RU": "\u0414\u043e\u043c\u0438\u043d\u0438\u043a\u0430\u043d\u0441\u043a\u0430\u044f \u0420\u0435\u0441\u043f\u0443\u0431\u043b\u0438\u043a\u0430", "NAME_SV": "Dominikanska republiken", "NAME_TR": "Dominik Cumhuriyeti", "NAME_UK": "\u0414\u043e\u043c\u0456\u043d\u0456\u043a\u0430\u043d\u0441\u044c\u043a\u0430 \u0420\u0435\u0441\u043f\u0443\u0431\u043b\u0456\u043a\u0430", "NAME_UR": "\u062c\u0645\u06c1\u0648\u0631\u06cc\u06c1 \u0688\u0648\u0645\u06cc\u0646\u06cc\u06a9\u0646", "NAME_VI": "C\u1ed9ng h\u00f2a Dominica", "NAME_ZH": "\u591a\u7c73\u5c3c\u52a0", "NAME_ZHT": "\u591a\u660e\u5c3c\u52a0", "FCLASS_ISO": "Admin-0 country", "TLC_DIFF": null, "FCLASS_TLC": "Admin-0 country", "FCLASS_US": null, "FCLASS_FR": null, "FCLASS_RU": null, "FCLASS_ES": null, "FCLASS_CN": null, "FCLASS_TW": null, "FCLASS_IN": null, "FCLASS_NP": null, "FCLASS_PK": null, "FCLASS_DE": null, "FCLASS_GB": null, "FCLASS_BR": null, "FCLASS_IL": null, "FCLASS_PS": null, "FCLASS_SA": null, "FCLASS_EG": null, "FCLASS_MA": null, "FCLASS_PT": null, "FCLASS_AR": null, "FCLASS_JP": null, "FCLASS_KO": null, "FCLASS_VN": null, "FCLASS_TR": null, "FCLASS_ID": null, "FCLASS_PL": null, "FCLASS_GR": null, "FCLASS_IT": null, "FCLASS_NL": null, "FCLASS_SE": null, "FCLASS_BD": null, "FCLASS_UA": null}, "bbox": [-71.945112, 17.598564, -68.317943, 19.884911], "geometry": {"type": "Polygon", "coordinates": [[[-71.708305, 18.044997], [-70.214365, 19.622885], [-69.164946, 18.422648], [-71.657662, 17.757573], [-71.708305, 18.044997]]]}}, {"type": "Feature", "properties": {"featurecla": "Admin-0 country", "scalerank": 1, "LABELRANK": 2, "SOVEREIGNT": "Russia", "SOV_A3": "RUS", "ADM0_DIF": 0, "LEVEL": 2, "TYPE": "Sovereign country", "TLC": "1", "ADMIN": "Russia", "ADM0_A3": "RUS", "GEOU_DIF": 0, "GEOUNIT": "Russia", "GU_A3": "RUS", "SU_DIF": 0, "SUBUNIT": "Russia", "SU_A3": "RUS", "BRK_DIFF": 0, "NAME": "Russia", "NAME_LONG": "Russian Federation", "BRK_A3": "RUS", "BRK_NAME": "Russia", "BRK_GROUP": null, "ABBREV": "Rus.", "POSTAL": "RUS", "FORMAL_EN": "Russian Federation", "FORMAL_FR": null, "NAME_CIAWF": "Russia", "NOTE_ADM0": null, "NOTE_BRK": null, "NAME_SORT": "Russian Federation", "NAME_ALT": null, "MAPCOLOR7": 2, "MAPCOLOR8": 5, "MAPCOLOR9": 7, "MAPCOLOR13": 7, "POP_EST": 144373535, "POP_RANK": 17, "POP_YEAR": 2019, "GDP_MD": 1699876, "GDP_YEAR": 2019, "ECONOMY": "3. Emerging region: BRIC", "INCOME_GRP": "3. Upper middle income", "FIPS_10": "RS", "ISO_A2": "RU", "ISO_A2_EH": "RU", "ISO_A3": "RUS", "ISO_A3_EH": "RUS", "ISO_N3": "643", "ISO_N3_EH": "643", "UN_A3": "643", "WB_A2": "RU", "WB_A3": "RUS", "WOE_ID": 23424936, "WOE_ID_EH": 23424936, "WOE_NOTE": "Exact WOE match as country", "ADM0_ISO": "RUS", "ADM0_DIFF": null, "ADM0_TLC": "RUS", "ADM0_A3_US": "RUS", "ADM0_A3_FR": "RUS", "ADM0_A3_RU": "RUS", "ADM0_A3_ES": "RUS", "ADM0_A3_CN": "RUS", "ADM0_A3_TW": "RUS", "ADM0_A3_IN": "RUS", "ADM0_A3_NP": "RUS", "ADM0_A3_PK": "RUS", "ADM0_A3_DE": "RUS", "ADM0_A3_GB": "RUS", "ADM0_A3_BR": "RUS", "ADM0_A3_IL": "RUS", "ADM0_A3_PS": "RUS", "ADM0_A3_SA": "RUS", "ADM0_A3_EG": "RUS", "ADM0_A3_MA": "RUS", "ADM0_A3_PT": "RUS", "ADM0_A3_AR": "RUS", "ADM0_A3_JP": "RUS", "ADM0_A3_KO": "RUS", "ADM0_A3_VN": "RUS", "ADM0_A3_TR": "RUS", "ADM0_A3_ID": "RUS", "ADM0_A3_PL": "RUS", "ADM0_A3_GR": "RUS", "ADM0_A3_IT": "RUS", "ADM0_A3_NL": "RUS", "ADM0_A3_SE": "RUS", "ADM0_A3_BD": "RUS", "ADM0_A3_UA": "RUS", "ADM0_A3_UN": -99, "ADM0_A3_WB": -99, "CONTINENT": "Europe", "REGION_UN": "Europe", "SUBREGION": "Eastern Europe", "REGION_WB": "Europe & Central Asia", "NAME_LEN": 6, "LONG_LEN": 18, "ABBREV_LEN": 4, "TINY": -99, "HOMEPART": 1, "MIN_ZOOM": 0, "MIN_LABEL": 1.7, "MAX_LABEL": 5.2, "LABEL_X": 44.686469, "LABEL_Y": 58.249357, "NE_ID": 1159321201, "WIKIDATAID": "Q159", "NAME_AR": "\u0631\u0648\u0633\u064a\u0627", "NAME_BN": "\u09b0\u09be\u09b6\u09bf\u09af\u09bc\u09be", "NAME_DE": "Russland", "NAME_EN": "Russia", "NAME_ES": "Rusia", "NAME_FA": "\u0631\u0648\u0633\u06cc\u0647", "NAME_FR": "Russie", "NAME_EL": "\u03a1\u03c9\u03c3\u03af\u03b1", "NAME_HE": "\u05e8\u05d5\u05e1\u05d9\u05d4", "NAME_HI": "\u0930\u0942\u0938", "NAME_HU": "Oroszorsz\u00e1g", "NAME_ID": "Rusia", "NAME_IT": "Russia", "NAME_JA": "\u30ed\u30b7\u30a2", "NAME_KO": "\ub7ec\uc2dc\uc544", "NAME_NL": "Rusland", "NAME_PL": "Rosja", "NAME_PT": "R\u00fassia", "NAME_RU": "\u0420\u043e\u0441\u0441\u0438\u044f", "NAME_SV": "Ryssland", "NAME_TR": "Rusya", "NAME_UK": "\u0420\u043e\u0441\u0456\u044f", "NAME_UR": "\u0631\u0648\u0633", "NAME_VI": "Nga", "NAME_ZH": "\u4fc4\u7f57\u65af", "NAME_ZHT": "\u4fc4\u7f85\u65af", "FCLASS_ISO": "Admin-0 country", "TLC_DIFF": null, "FCLASS_TLC": "Admin-0 country", "FCLASS_US": null, "FCLASS_FR": null, "FCLASS_RU": null, "FCLASS_ES": null, "FCLASS_CN": null, "FCLASS_TW": null, "FCLASS_IN": null, "FCLASS_NP": null, "FCLASS_PK": null, "FCLASS_DE": null, "FCLASS_GB": null, "FCLASS_BR": null, "FCLASS_IL": null, "FCLASS_PS": null, "FCLASS_SA": null, "FCLASS_EG": null, "FCLASS_MA": null, "FCLASS_PT": null, "FCLASS_AR": null, "FCLASS_JP": null, "FCLASS_KO": null, "FCLASS_VN": null, "FCLASS_TR": null, "FCLASS_ID": null, "FCLASS_PL": null, "FCLASS_GR": null, "FCLASS_IT": null, "FCLASS_NL": null, "FCLASS_SE": null, "FCLASS_BD": null, "FCLASS_UA": null}, "bbox": [-180, 41.151416, 180, 81.2504], "geometry": {"type": "MultiPolygon", "coordinates": [[[[178.7253, 71.0988], [178.7253, 71.0988]]], [[[49.10116, 46.39933], [47.987283, 41.405819], [43.93121, 42.55496], [36.67546, 45.24469], [38.77057, 47.82562], [37.39346, 50.383953], [33.7527, 52.335075], [31.49764, 53.16743], [30.971836, 55.081548], [27.288185, 57.474528], [28.07, 60.50352], [29.054589, 66.944286], [33.77547, 69.30142], [33.18444, 66.63253], [37.17604, 65.14322], [43.69839, 67.35245], [47.89416, 66.88455], [57.31702, 68.46628], [68.51216, 68.09233], [68.54006, 71.9345], [72.5647, 69.02085], [75.052, 67.76047], [74.65926, 72.83227], [81.5, 71.75], [88.31571, 75.14393], [101.03532, 76.86189], [111.07726, 76.71], [112.11919, 73.78774], [123.25777, 73.73503], [132.2535, 71.8363], [149.5, 72.2], [162.27907, 69.64204], [173.64391, 69.81743], [178.313, 64.07593], [172.15, 60.95], [163.21711, 59.21101], [160.36877, 54.34433], [155.91442, 56.76792], [163.25842, 62.46627], [151.26573, 58.78089], [136.70171, 54.60355], [140.51308, 50.04553], [132.90627, 42.79849], [130.64, 42.395024], [134.11235, 47.21248], [127.6574, 49.76027], [121.003085, 53.251401], [116.678801, 49.888531], [108.475167, 49.282548], [100.88948, 51.516856], [94.147566, 50.480537], [85.54127, 49.692859], [77.800916, 53.404415], [70.865267, 55.169734], [60.739993, 52.719986], [56.77798, 51.04355], [46.751596, 49.356006], [49.10116, 46.39933]]], [[[93.77766, 81.0246], [92.5454, 80.14379], [93.77766, 81.0246]]], [[[102.837815, 79.28129], [102.837815, 79.28129]]], [[[138.831075, 76.13676], [138.831075, 76.13676]]], [[[148.22223, 75.345845], [148.22223, 75.345845]]], [[[139.86312, 73.36983], [139.86312, 73.36983]]], [[[44.846958, 80.58981], [49.793685, 80.415428], [44.846958, 80.58981]]], [[[22.731099, 54.327537], [22.731099, 54.327537]]], [[[53.50829, 73.749814], [68.852211, 76.544811], [57.535693, 70.720464], [54.427614, 73.627548], [53.50829, 73.749814]]], [[[142.914616, 53.704578], [143.505277, 46.137908], [141.594076, 51.935435], [142.914616, 53.704578]]], [[[-174.92825, 67.20589], [-172.555, 64.46079], [-178.90332, 65.74044], [-174.92825, 67.20589]]], [[[-178.69378, 70.89302], [-178.69378, 70.89302]]], [[[33.435988, 45.971917], [36.529998, 45.46999], [33.588162, 45.851569], [33.435988, 45.971917]]]]}}, {"type": "Feature", "properties": {"featurecla": "Admin-0 country", "scalerank": 1, "LABELRANK": 4, "SOVEREIGNT": "The Bahamas", "SOV_A3": "BHS", "ADM0_DIF": 0, "LEVEL": 2, "TYPE": "Sovereign country", "TLC": "1", "ADMIN": "The Bahamas", "ADM0_A3": "BHS", "GEOU_DIF": 0, "GEOUNIT": "The Bahamas", "GU_A3": "BHS", "SU_DIF": 0, "SUBUNIT": "The Bahamas", "SU_A3": "BHS", "BRK_DIFF": 0, "NAME": "Bahamas", "NAME_LONG": "Bahamas", "BRK_A3": "BHS", "BRK_NAME": "Bahamas", "BRK_GROUP": null, "ABBREV": "Bhs.", "POSTAL": "BS", "FORMAL_EN": "Commonwealth of the Bahamas", "FORMAL_FR": null, "NAME_CIAWF": "Bahamas, The", "NOTE_ADM0": null, "NOTE_BRK": null, "NAME_SORT": "Bahamas, The", "NAME_ALT": null, "MAPCOLOR7": 1, "MAPCOLOR8": 1, "MAPCOLOR9": 2, "MAPCOLOR13": 5, "POP_EST": 389482, "POP_RANK": 10, "POP_YEAR": 2019, "GDP_MD": 13578, "GDP_YEAR": 2019, "ECONOMY": "6. Developing region", "INCOME_GRP": "2. High income: nonOECD", "FIPS_10": "BF", "ISO_A2": "BS", "ISO_A2_EH": "BS", "ISO_A3": "BHS", "ISO_A3_EH": "BHS", "ISO_N3": "044", "ISO_N3_EH": "044", "UN_A3": "044", "WB_A2": "BS", "WB_A3": "BHS", "WOE_ID": 23424758, "WOE_ID_EH": 23424758, "WOE_NOTE": "Exact WOE match as country", "ADM0_ISO": "BHS", "ADM0_DIFF": null, "ADM0_TLC": "BHS", "ADM0_A3_US": "BHS", "ADM0_A3_FR": "BHS", "ADM0_A3_RU": "BHS", "ADM0_A3_ES": "BHS", "ADM0_A3_CN": "BHS", "ADM0_A3_TW": "BHS", "ADM0_A3_IN": "BHS", "ADM0_A3_NP": "BHS", "ADM0_A3_PK": "BHS", "ADM0_A3_DE": "BHS", "ADM0_A3_GB": "BHS", "ADM0_A3_BR": "BHS", "ADM0_A3_IL": "BHS", "ADM0_A3_PS": "BHS", "ADM0_A3_SA": "BHS", "ADM0_A3_EG": "BHS", "ADM0_A3_MA": "BHS", "ADM0_A3_PT": "BHS", "ADM0_A3_AR": "BHS", "ADM0_A3_JP": "BHS", "ADM0_A3_KO": "BHS", "ADM0_A3_VN": "BHS", "ADM0_A3_TR": "BHS", "ADM0_A3_ID": "BHS", "ADM0_A3_PL": "BHS", "ADM0_A3_GR": "BHS", "ADM0_A3_IT": "BHS", "ADM0_A3_NL": "BHS", "ADM0_A3_SE": "BHS", "ADM0_A3_BD": "BHS", "ADM0_A3_UA": "BHS", "ADM0_A3_UN": -99, "ADM0_A3_WB": -99, "CONTINENT": "North America", "REGION_UN": "Americas", "SUBREGION": "Caribbean", "REGION_WB": "Latin America & Caribbean", "NAME_LEN": 7, "LONG_LEN": 7, "ABBREV_LEN": 4, "TINY": -99, "HOMEPART": 1, "MIN_ZOOM": 0, "MIN_LABEL": 4, "MAX_LABEL": 9, "LABEL_X": -77.146688, "LABEL_Y": 26.401789, "NE_ID": 1159320415, "WIKIDATAID": "Q778", "NAME_AR": "\u0628\u0627\u0647\u0627\u0645\u0627\u0633", "NAME_BN": "\u09ac\u09be\u09b9\u09be\u09ae\u09be \u09a6\u09cd\u09ac\u09c0\u09aa\u09aa\u09c1\u099e\u09cd\u099c", "NAME_DE": "Bahamas", "NAME_EN": "The Bahamas", "NAME_ES": "Bahamas", "NAME_FA": "\u0628\u0627\u0647\u0627\u0645\u0627", "NAME_FR": "Bahamas", "NAME_EL": "\u039c\u03c0\u03b1\u03c7\u03ac\u03bc\u03b5\u03c2", "NAME_HE": "\u05d0\u05d9\u05d9 \u05d1\u05d4\u05d0\u05de\u05d4", "NAME_HI": "\u092c\u0939\u093e\u092e\u093e\u0938", "NAME_HU": "Bahama-szigetek", "NAME_ID": "Bahama", "NAME_IT": "Bahamas", "NAME_JA": "\u30d0\u30cf\u30de", "NAME_KO": "\ubc14\ud558\ub9c8", "NAME_NL": "Bahama's", "NAME_PL": "Bahamy", "NAME_PT": "Bahamas", "NAME_RU": "\u0411\u0430\u0433\u0430\u043c\u0441\u043a\u0438\u0435 \u041e\u0441\u0442\u0440\u043e\u0432\u0430", "NAME_SV": "Bahamas", "NAME_TR": "Bahamalar", "NAME_UK": "\u0411\u0430\u0433\u0430\u043c\u0441\u044c\u043a\u0456 \u041e\u0441\u0442\u0440\u043e\u0432\u0438", "NAME_UR": "\u0628\u06c1\u0627\u0645\u0627\u0633", "NAME_VI": "Bahamas", "NAME_ZH": "\u5df4\u54c8\u9a6c", "NAME_ZHT": "\u5df4\u54c8\u99ac", "FCLASS_ISO": "Admin-0 country", "TLC_DIFF": null, "FCLASS_TLC": "Admin-0 country", "FCLASS_US": null, "FCLASS_FR": null, "FCLASS_RU": null, "FCLASS_ES": null, "FCLASS_CN": null, "FCLASS_TW": null, "FCLASS_IN": null, "FCLASS_NP": null, "FCLASS_PK": null, "FCLASS_DE": null, "FCLASS_GB": null, "FCLASS_BR": null, "FCLASS_IL": null, "FCLASS_PS": null, "FCLASS_SA": null, "FCLASS_EG": null, "FCLASS_MA": null, "FCLASS_PT": null, "FCLASS_AR": null, "FCLASS_JP": null, "FCLASS_KO": null, "FCLASS_VN": null, "FCLASS_TR": null, "FCLASS_ID": null, "FCLASS_PL": null, "FCLASS_GR": null, "FCLASS_IT": null, "FCLASS_NL": null, "FCLASS_SE": null, "FCLASS_BD": null, "FCLASS_UA": null}, "bbox": [-78.98, 23.71, -77, 27.04], "geometry": {"type": "MultiPolygon", "coordinates": [[[[-78.98, 26.79], [-78.98, 26.79]]], [[[-77.79, 27.04], [-77.79, 27.04]]], [[[-78.19087, 25.2103], [-78.19087, 25.2103]]]]}}, {"type": "Feature", "properties": {"featurecla": "Admin-0 country", "scalerank": 1, "LABELRANK": 5, "SOVEREIGNT": "United Kingdom", "SOV_A3": "GB1", "ADM0_DIF": 1, "LEVEL": 2, "TYPE": "Disputed", "TLC": "1", "ADMIN": "Falkland Islands", "ADM0_A3": "FLK", "GEOU_DIF": 0, "GEOUNIT": "Falkland Islands", "GU_A3": "FLK", "SU_DIF": 0, "SUBUNIT": "Falkland Islands", "SU_A3": "FLK", "BRK_DIFF": 1, "NAME": "Falkland Is.", "NAME_LONG": "Falkland Islands / Malvinas", "BRK_A3": "B12", "BRK_NAME": "Falkland Is.", "BRK_GROUP": null, "ABBREV": "Flk. Is.", "POSTAL": "FK", "FORMAL_EN": "Falkland Islands", "FORMAL_FR": null, "NAME_CIAWF": "Falkland Islands (Islas Malvinas)", "NOTE_ADM0": "U.K.", "NOTE_BRK": "Admin. by U.K.; Claimed by Argentina", "NAME_SORT": "Falkland Islands", "NAME_ALT": "Islas Malvinas", "MAPCOLOR7": 6, "MAPCOLOR8": 6, "MAPCOLOR9": 6, "MAPCOLOR13": 3, "POP_EST": 3398, "POP_RANK": 4, "POP_YEAR": 2016, "GDP_MD": 282, "GDP_YEAR": 2012, "ECONOMY": "2. Developed region: nonG7", "INCOME_GRP": "1. High income: OECD", "FIPS_10": "FK", "ISO_A2": "FK", "ISO_A2_EH": "FK", "ISO_A3": "FLK", "ISO_A3_EH": "FLK", "ISO_N3": "238", "ISO_N3_EH": "238", "UN_A3": "238", "WB_A2": "-99", "WB_A3": "-99", "WOE_ID": 23424814, "WOE_ID_EH": 23424814, "WOE_NOTE": "Exact WOE match as country", "ADM0_ISO": "B12", "ADM0_DIFF": null, "ADM0_TLC": "B12", "ADM0_A3_US": "FLK", "ADM0_A3_FR": "FLK", "ADM0_A3_RU": "FLK", "ADM0_A3_ES": "FLK", "ADM0_A3_CN": "FLK", "ADM0_A3_TW": "FLK", "ADM0_A3_IN": "FLK", "ADM0_A3_NP": "FLK", "ADM0_A3_PK": "FLK", "ADM0_A3_DE": "FLK", "ADM0_A3_GB": "FLK", "ADM0_A3_BR": "FLK", "ADM0_A3_IL": "FLK", "ADM0_A3_PS": "FLK", "ADM0_A3_SA": "FLK", "ADM0_A3_EG": "FLK", "ADM0_A3_MA": "FLK", "ADM0_A3_PT": "FLK", "ADM0_A3_AR": "ARG", "ADM0_A3_JP": "FLK", "ADM0_A3_KO": "FLK", "ADM0_A3_VN": "FLK", "ADM0_A3_TR": "FLK", "ADM0_A3_ID": "FLK", "ADM0_A3_PL": "FLK", "ADM0_A3_GR": "FLK", "ADM0_A3_IT": "FLK", "ADM0_A3_NL": "FLK", "ADM0_A3_SE": "FLK", "ADM0_A3_BD": "FLK", "ADM0_A3_UA": "FLK", "ADM0_A3_UN": -99, "ADM0_A3_WB": -99, "CONTINENT": "South America", "REGION_UN": "Americas", "SUBREGION": "South America", "REGION_WB": "Latin America & Caribbean", "NAME_LEN": 12, "LONG_LEN": 27, "ABBREV_LEN": 8, "TINY": -99, "HOMEPART": -99, "MIN_ZOOM": 0, "MIN_LABEL": 4.5, "MAX_LABEL": 9, "LABEL_X": -58.738602, "LABEL_Y": -51.608913, "NE_ID": 1159320711, "WIKIDATAID": "Q9648", "NAME_AR": "\u062c\u0632\u0631 \u0641\u0648\u0643\u0644\u0627\u0646\u062f", "NAME_BN": "\u09ab\u0995\u09b2\u09cd\u09af\u09be\u09a8\u09cd\u09a1 \u09a6\u09cd\u09ac\u09c0\u09aa\u09aa\u09c1\u099e\u09cd\u099c", "NAME_DE": "Falklandinseln", "NAME_EN": "Falkland Islands", "NAME_ES": "Islas Malvinas", "NAME_FA": "\u062c\u0632\u0627\u06cc\u0631 \u0641\u0627\u0644\u06a9\u0644\u0646\u062f", "NAME_FR": "\u00eeles Malouines", "NAME_EL": "\u039d\u03ae\u03c3\u03bf\u03b9 \u03a6\u03ce\u03ba\u03bb\u03b1\u03bd\u03c4", "NAME_HE": "\u05d0\u05d9\u05d9 \u05e4\u05d5\u05e7\u05dc\u05e0\u05d3", "NAME_HI": "\u092b\u093c\u0949\u0915\u0932\u0948\u0902\u0921 \u0926\u094d\u0935\u0940\u092a\u0938\u092e\u0942\u0939", "NAME_HU": "Falkland-szigetek", "NAME_ID": "Kepulauan Falkland", "NAME_IT": "Isole Falkland", "NAME_JA": "\u30d5\u30a9\u30fc\u30af\u30e9\u30f3\u30c9\u8af8\u5cf6", "NAME_KO": "\ud3ec\ud074\ub79c\ub4dc \uc81c\ub3c4", "NAME_NL": "Falklandeilanden", "NAME_PL": "Falklandy", "NAME_PT": "Ilhas Malvinas", "NAME_RU": "\u0424\u043e\u043b\u043a\u043b\u0435\u043d\u0434\u0441\u043a\u0438\u0435 \u043e\u0441\u0442\u0440\u043e\u0432\u0430", "NAME_SV": "Falklands\u00f6arna", "NAME_TR": "Falkland Adalar\u0131", "NAME_UK": "\u0424\u043e\u043b\u043a\u043b\u0435\u043d\u0434\u0441\u044c\u043a\u0456 \u043e\u0441\u0442\u0440\u043e\u0432\u0438", "NAME_UR": "\u062c\u0632\u0627\u0626\u0631 \u0641\u0627\u06a9\u0644\u06cc\u0646\u0688", "NAME_VI": "Qu\u1ea7n \u0111\u1ea3o Falkland", "NAME_ZH": "\u798f\u514b\u5170\u7fa4\u5c9b", "NAME_ZHT": "\u798f\u514b\u862d\u7fa4\u5cf6", "FCLASS_ISO": "Admin-0 dependency", "TLC_DIFF": null, "FCLASS_TLC": "Admin-0 dependency", "FCLASS_US": null, "FCLASS_FR": null, "FCLASS_RU": null, "FCLASS_ES": null, "FCLASS_CN": null, "FCLASS_TW": null, "FCLASS_IN": null, "FCLASS_NP": null, "FCLASS_PK": null, "FCLASS_DE": null, "FCLASS_GB": null, "FCLASS_BR": null, "FCLASS_IL": null, "FCLASS_PS": null, "FCLASS_SA": null, "FCLASS_EG": null, "FCLASS_MA": null, "FCLASS_PT": null, "FCLASS_AR": "Unrecognized", "FCLASS_JP": null, "FCLASS_KO": null, "FCLASS_VN": null, "FCLASS_TR": null, "FCLASS_ID": null, "FCLASS_PL": null, "FCLASS_GR": null, "FCLASS_IT": null, "FCLASS_NL": null, "FCLASS_SE": null, "FCLASS_BD": null, "FCLASS_UA": null}, "bbox": [-61.2, -52.3, -57.75, -51.1], "geometry": {"type": "Polygon", "coordinates": [[[-61.2, -51.85], [-60.7, -52.3], [-61.2, -51.85]]]}}, {"type": "Feature", "properties": {"featurecla": "Admin-0 country", "scalerank": 1, "LABELRANK": 3, "SOVEREIGNT": "Norway", "SOV_A3": "NOR", "ADM0_DIF": 0, "LEVEL": 2, "TYPE": "Sovereign country", "TLC": null, "ADMIN": "Norway", "ADM0_A3": "NOR", "GEOU_DIF": 0, "GEOUNIT": "Norway", "GU_A3": "NOR", "SU_DIF": 0, "SUBUNIT": "Norway", "SU_A3": "NOR", "BRK_DIFF": 0, "NAME": "Norway", "NAME_LONG": "Norway", "BRK_A3": "NOR", "BRK_NAME": "Norway", "BRK_GROUP": null, "ABBREV": "Nor.", "POSTAL": "N", "FORMAL_EN": "Kingdom of Norway", "FORMAL_FR": null, "NAME_CIAWF": "Norway", "NOTE_ADM0": null, "NOTE_BRK": null, "NAME_SORT": "Norway", "NAME_ALT": null, "MAPCOLOR7": 5, "MAPCOLOR8": 3, "MAPCOLOR9": 8, "MAPCOLOR13": 12, "POP_EST": 5347896, "POP_RANK": 13, "POP_YEAR": 2019, "GDP_MD": 403336, "GDP_YEAR": 2019, "ECONOMY": "2. Developed region: nonG7", "INCOME_GRP": "1. High income: OECD", "FIPS_10": "-99", "ISO_A2": "-99", "ISO_A2_EH": "NO", "ISO_A3": "-99", "ISO_A3_EH": "NOR", "ISO_N3": "-99", "ISO_N3_EH": "578", "UN_A3": "-99", "WB_A2": "-99", "WB_A3": "-99", "WOE_ID": -90, "WOE_ID_EH": 23424910, "WOE_NOTE": "Does not include Svalbard, Jan Mayen, or Bouvet Islands (28289410).", "ADM0_ISO": "NOR", "ADM0_DIFF": null, "ADM0_TLC": "NOR", "ADM0_A3_US": "NOR", "ADM0_A3_FR": "NOR", "ADM0_A3_RU": "NOR", "ADM0_A3_ES": "NOR", "ADM0_A3_CN": "NOR", "ADM0_A3_TW": "NOR", "ADM0_A3_IN": "NOR", "ADM0_A3_NP": "NOR", "ADM0_A3_PK": "NOR", "ADM0_A3_DE": "NOR", "ADM0_A3_GB": "NOR", "ADM0_A3_BR": "NOR", "ADM0_A3_IL": "NOR", "ADM0_A3_PS": "NOR", "ADM0_A3_SA": "NOR", "ADM0_A3_EG": "NOR", "ADM0_A3_MA": "NOR", "ADM0_A3_PT": "NOR", "ADM0_A3_AR": "NOR", "ADM0_A3_JP": "NOR", "ADM0_A3_KO": "NOR", "ADM0_A3_VN": "NOR", "ADM0_A3_TR": "NOR", "ADM0_A3_ID": "NOR", "ADM0_A3_PL": "NOR", "ADM0_A3_GR": "NOR", "ADM0_A3_IT": "NOR", "ADM0_A3_NL": "NOR", "ADM0_A3_SE": "NOR", "ADM0_A3_BD": "NOR", "ADM0_A3_UA": "NOR", "ADM0_A3_UN": -99, "ADM0_A3_WB": -99, "CONTINENT": "Europe", "REGION_UN": "Europe", "SUBREGION": "Northern Europe", "REGION_WB": "Europe & Central Asia", "NAME_LEN": 6, "LONG_LEN": 6, "ABBREV_LEN": 4, "TINY": -99, "HOMEPART": 1, "MIN_ZOOM": 0, "MIN_LABEL": 3, "MAX_LABEL": 7, "LABEL_X": 9.679975, "LABEL_Y": 61.357092, "NE_ID": 1159321109, "WIKIDATAID": "Q20", "NAME_AR": "\u0627\u0644\u0646\u0631\u0648\u064a\u062c", "NAME_BN": "\u09a8\u09b0\u0993\u09af\u09bc\u09c7", "NAME_DE": "Norwegen", "NAME_EN": "Norway", "NAME_ES": "Noruega", "NAME_FA": "\u0646\u0631\u0648\u0698", "NAME_FR": "Norv\u00e8ge", "NAME_EL": "\u039d\u03bf\u03c1\u03b2\u03b7\u03b3\u03af\u03b1", "NAME_HE": "\u05e0\u05d5\u05e8\u05d5\u05d5\u05d2\u05d9\u05d4", "NAME_HI": "\u0928\u0949\u0930\u094d\u0935\u0947", "NAME_HU": "Norv\u00e9gia", "NAME_ID": "Norwegia", "NAME_IT": "Norvegia", "NAME_JA": "\u30ce\u30eb\u30a6\u30a7\u30fc", "NAME_KO": "\ub178\ub974\uc6e8\uc774", "NAME_NL": "Noorwegen", "NAME_PL": "Norwegia", "NAME_PT": "Noruega", "NAME_RU": "\u041d\u043e\u0440\u0432\u0435\u0433\u0438\u044f", "NAME_SV": "Norge", "NAME_TR": "Norve\u00e7", "NAME_UK": "\u041d\u043e\u0440\u0432\u0435\u0433\u0456\u044f", "NAME_UR": "\u0646\u0627\u0631\u0648\u06d2", "NAME_VI": "Na Uy", "NAME_ZH": "\u632a\u5a01", "NAME_ZHT": "\u632a\u5a01", "FCLASS_ISO": "Unrecognized", "TLC_DIFF": null, "FCLASS_TLC": "Unrecognized", "FCLASS_US": null, "FCLASS_FR": null, "FCLASS_RU": null, "FCLASS_ES": null, "FCLASS_CN": null, "FCLASS_TW": null, "FCLASS_IN": null, "FCLASS_NP": null, "FCLASS_PK": null, "FCLASS_DE": null, "FCLASS_GB": null, "FCLASS_BR": null, "FCLASS_IL": null, "FCLASS_PS": null, "FCLASS_SA": null, "FCLASS_EG": null, "FCLASS_MA": null, "FCLASS_PT": null, "FCLASS_AR": null, "FCLASS_JP": null, "FCLASS_KO": null, "FCLASS_VN": null, "FCLASS_TR": null, "FCLASS_ID": null, "FCLASS_PL": null, "FCLASS_GR": null, "FCLASS_IT": null, "FCLASS_NL": null, "FCLASS_SE": null, "FCLASS_BD": null, "FCLASS_UA": null}, "bbox": [4.992078, 58.078884, 31.293418, 80.657144], "geometry": {"type": "MultiPolygon", "coordinates": [[[[15.14282, 79.67431], [17.1182, 76.80941], [13.71852, 79.66039], [15.14282, 79.67431]]], [[[31.101042, 69.558101], [23.66205, 68.891247], [16.768879, 68.013937], [11.992064, 61.800362], [5.665835, 58.588155], [16.435927, 68.563205], [30.005435, 70.186259], [31.101042, 69.558101]]], [[[27.407506, 80.056406], [21.907945, 80.357679], [27.407506, 80.056406]]], [[[24.72412, 77.85385], [24.72412, 77.85385]]]]}}, {"type": "Feature", "properties": {"featurecla": "Admin-0 country", "scalerank": 1, "LABELRANK": 3, "SOVEREIGNT": "Denmark", "SOV_A3": "DN1", "ADM0_DIF": 1, "LEVEL": 2, "TYPE": "Country", "TLC": "1", "ADMIN": "Greenland", "ADM0_A3": "GRL", "GEOU_DIF": 0, "GEOUNIT": "Greenland", "GU_A3": "GRL", "SU_DIF": 0, "SUBUNIT": "Greenland", "SU_A3": "GRL", "BRK_DIFF": 0, "NAME": "Greenland", "NAME_LONG": "Greenland", "BRK_A3": "GRL", "BRK_NAME": "Greenland", "BRK_GROUP": null, "ABBREV": "Grlnd.", "POSTAL": "GL", "FORMAL_EN": "Greenland", "FORMAL_FR": null, "NAME_CIAWF": "Greenland", "NOTE_ADM0": "Den.", "NOTE_BRK": null, "NAME_SORT": "Greenland", "NAME_ALT": null, "MAPCOLOR7": 4, "MAPCOLOR8": 1, "MAPCOLOR9": 3, "MAPCOLOR13": 12, "POP_EST": 56225, "POP_RANK": 8, "POP_YEAR": 2019, "GDP_MD": 3051, "GDP_YEAR": 2018, "ECONOMY": "2. Developed region: nonG7", "INCOME_GRP": "2. High income: nonOECD", "FIPS_10": "GL", "ISO_A2": "GL", "ISO_A2_EH": "GL", "ISO_A3": "GRL", "ISO_A3_EH": "GRL", "ISO_N3": "304", "ISO_N3_EH": "304", "UN_A3": "304", "WB_A2": "GL", "WB_A3": "GRL", "WOE_ID": 23424828, "WOE_ID_EH": 23424828, "WOE_NOTE": "Exact WOE match as country", "ADM0_ISO": "GRL", "ADM0_DIFF": null, "ADM0_TLC": "GRL", "ADM0_A3_US": "GRL", "ADM0_A3_FR": "GRL", "ADM0_A3_RU": "GRL", "ADM0_A3_ES": "GRL", "ADM0_A3_CN": "GRL", "ADM0_A3_TW": "GRL", "ADM0_A3_IN": "GRL", "ADM0_A3_NP": "GRL", "ADM0_A3_PK": "GRL", "ADM0_A3_DE": "GRL", "ADM0_A3_GB": "GRL", "ADM0_A3_BR": "GRL", "ADM0_A3_IL": "GRL", "ADM0_A3_PS": "GRL", "ADM0_A3_SA": "GRL", "ADM0_A3_EG": "GRL", "ADM0_A3_MA": "GRL", "ADM0_A3_PT": "GRL", "ADM0_A3_AR": "GRL", "ADM0_A3_JP": "GRL", "ADM0_A3_KO": "GRL", "ADM0_A3_VN": "GRL", "ADM0_A3_TR": "GRL", "ADM0_A3_ID": "GRL", "ADM0_A3_PL": "GRL", "ADM0_A3_GR": "GRL", "ADM0_A3_IT": "GRL", "ADM0_A3_NL": "GRL", "ADM0_A3_SE": "GRL", "ADM0_A3_BD": "GRL", "ADM0_A3_UA": "GRL", "ADM0_A3_UN": -99, "ADM0_A3_WB": -99, "CONTINENT": "North America", "REGION_UN": "Americas", "SUBREGION": "Northern America", "REGION_WB": "Europe & Central Asia", "NAME_LEN": 9, "LONG_LEN": 9, "ABBREV_LEN": 6, "TINY": -99, "HOMEPART": -99, "MIN_ZOOM": 0, "MIN_LABEL": 1.7, "MAX_LABEL": 6.7, "LABEL_X": -39.335251, "LABEL_Y": 74.319387, "NE_ID": 1159320551, "WIKIDATAID": "Q223", "NAME_AR": "\u062c\u0631\u064a\u0646\u0644\u0627\u0646\u062f", "NAME_BN": "\u0997\u09cd\u09b0\u09bf\u09a8\u09b2\u09cd\u09af\u09be\u09a8\u09cd\u09a1", "NAME_DE": "Gr\u00f6nland", "NAME_EN": "Greenland", "NAME_ES": "Groenlandia", "NAME_FA": "\u06af\u0631\u06cc\u0646\u0644\u0646\u062f", "NAME_FR": "Groenland", "NAME_EL": "\u0393\u03c1\u03bf\u03b9\u03bb\u03b1\u03bd\u03b4\u03af\u03b1", "NAME_HE": "\u05d2\u05e8\u05d9\u05e0\u05dc\u05e0\u05d3", "NAME_HI": "\u0917\u094d\u0930\u0940\u0928\u0932\u0948\u0923\u094d\u0921", "NAME_HU": "Gr\u00f6nland", "NAME_ID": "Greenland", "NAME_IT": "Groenlandia", "NAME_JA": "\u30b0\u30ea\u30fc\u30f3\u30e9\u30f3\u30c9", "NAME_KO": "\uadf8\ub9b0\ub780\ub4dc", "NAME_NL": "Groenland", "NAME_PL": "Grenlandia", "NAME_PT": "Groenl\u00e2ndia", "NAME_RU": "\u0413\u0440\u0435\u043d\u043b\u0430\u043d\u0434\u0438\u044f", "NAME_SV": "Gr\u00f6nland", "NAME_TR": "Gr\u00f6nland", "NAME_UK": "\u0413\u0440\u0435\u043d\u043b\u0430\u043d\u0434\u0456\u044f", "NAME_UR": "\u06af\u0631\u06cc\u0646 \u0644\u06cc\u0646\u0688", "NAME_VI": "Greenland", "NAME_ZH": "\u683c\u9675\u5170", "NAME_ZHT": "\u683c\u9675\u862d", "FCLASS_ISO": "Admin-0 dependency", "TLC_DIFF": null, "FCLASS_TLC": "Admin-0 dependency", "FCLASS_US": null, "FCLASS_FR": null, "FCLASS_RU": null, "FCLASS_ES": null, "FCLASS_CN": null, "FCLASS_TW": null, "FCLASS_IN": null, "FCLASS_NP": null, "FCLASS_PK": null, "FCLASS_DE": null, "FCLASS_GB": null, "FCLASS_BR": null, "FCLASS_IL": null, "FCLASS_PS": null, "FCLASS_SA": null, "FCLASS_EG": null, "FCLASS_MA": null, "FCLASS_PT": null, "FCLASS_AR": null, "FCLASS_JP": null, "FCLASS_KO": null, "FCLASS_VN": null, "FCLASS_TR": null, "FCLASS_ID": null, "FCLASS_PL": null, "FCLASS_GR": null, "FCLASS_IT": null, "FCLASS_NL": null, "FCLASS_SE": null, "FCLASS_BD": null, "FCLASS_UA": null}, "bbox": [-73.297, 60.03676, -12.20855, 83.64513], "geometry": {"type": "Polygon", "coordinates": [[[-46.76379, 82.62796], [-26.51753, 82.29765], [-20.62363, 81.52462], [-18.9, 79.4], [-20.66818, 75.15585], [-22.29954, 72.18409], [-25.54341, 71.43094], [-31.77665, 68.12078], [-40.68281, 64.13902], [-48.26294, 60.85843], [-53.96911, 67.18899], [-54.68336, 69.61003], [-55.83468, 71.65444], [-63.39165, 76.1752], [-73.297, 78.04419], [-62.23444, 81.3211], [-46.59984, 81.985945], [-46.76379, 82.62796]]]}}, {"type": "Feature", "properties": {"featurecla": "Admin-0 country", "scalerank": 3, "LABELRANK": 6, "SOVEREIGNT": "France", "SOV_A3": "FR1", "ADM0_DIF": 1, "LEVEL": 2, "TYPE": "Dependency", "TLC": "1", "ADMIN": "French Southern and Antarctic Lands", "ADM0_A3": "ATF", "GEOU_DIF": 0, "GEOUNIT": "French Southern and Antarctic Lands", "GU_A3": "ATF", "SU_DIF": 0, "SUBUNIT": "French Southern and Antarctic Lands", "SU_A3": "ATF", "BRK_DIFF": 0, "NAME": "Fr. S. Antarctic Lands", "NAME_LONG": "French Southern and Antarctic Lands", "BRK_A3": "ATF", "BRK_NAME": "Fr. S. and Antarctic Lands", "BRK_GROUP": null, "ABBREV": "Fr. S.A.L.", "POSTAL": "TF", "FORMAL_EN": "Territory of the French Southern and Antarctic Lands", "FORMAL_FR": null, "NAME_CIAWF": null, "NOTE_ADM0": "Fr.", "NOTE_BRK": null, "NAME_SORT": "French Southern and Antarctic Lands", "NAME_ALT": null, "MAPCOLOR7": 7, "MAPCOLOR8": 5, "MAPCOLOR9": 9, "MAPCOLOR13": 11, "POP_EST": 140, "POP_RANK": 1, "POP_YEAR": 2017, "GDP_MD": 16, "GDP_YEAR": 2016, "ECONOMY": "6. Developing region", "INCOME_GRP": "2. High income: nonOECD", "FIPS_10": "FS", "ISO_A2": "TF", "ISO_A2_EH": "TF", "ISO_A3": "ATF", "ISO_A3_EH": "ATF", "ISO_N3": "260", "ISO_N3_EH": "260", "UN_A3": "260", "WB_A2": "-99", "WB_A3": "-99", "WOE_ID": 28289406, "WOE_ID_EH": 28289406, "WOE_NOTE": "Exact WOE match as country", "ADM0_ISO": "ATF", "ADM0_DIFF": null, "ADM0_TLC": "ATF", "ADM0_A3_US": "ATF", "ADM0_A3_FR": "ATF", "ADM0_A3_RU": "ATF", "ADM0_A3_ES": "ATF", "ADM0_A3_CN": "ATF", "ADM0_A3_TW": "ATF", "ADM0_A3_IN": "ATF", "ADM0_A3_NP": "ATF", "ADM0_A3_PK": "ATF", "ADM0_A3_DE": "ATF", "ADM0_A3_GB": "ATF", "ADM0_A3_BR": "ATF", "ADM0_A3_IL": "ATF", "ADM0_A3_PS": "ATF", "ADM0_A3_SA": "ATF", "ADM0_A3_EG": "ATF", "ADM0_A3_MA": "ATF", "ADM0_A3_PT": "ATF", "ADM0_A3_AR": "ATF", "ADM0_A3_JP": "ATF", "ADM0_A3_KO": "ATF", "ADM0_A3_VN": "ATF", "ADM0_A3_TR": "ATF", "ADM0_A3_ID": "ATF", "ADM0_A3_PL": "ATF", "ADM0_A3_GR": "ATF", "ADM0_A3_IT": "ATF", "ADM0_A3_NL": "ATF", "ADM0_A3_SE": "ATF", "ADM0_A3_BD": "ATF", "ADM0_A3_UA": "ATF", "ADM0_A3_UN": -99, "ADM0_A3_WB": -99, "CONTINENT": "Seven seas (open ocean)", "REGION_UN": "Africa", "SUBREGION": "Seven seas (open ocean)", "REGION_WB": "Sub-Saharan Africa", "NAME_LEN": 22, "LONG_LEN": 35, "ABBREV_LEN": 10, "TINY": 2, "HOMEPART": -99, "MIN_ZOOM": 0, "MIN_LABEL": 4, "MAX_LABEL": 9, "LABEL_X": 69.122136, "LABEL_Y": -49.303721, "NE_ID": 1159320631, "WIKIDATAID": "Q129003", "NAME_AR": "\u0623\u0631\u0627\u0636 \u0641\u0631\u0646\u0633\u064a\u0629 \u062c\u0646\u0648\u0628\u064a\u0629 \u0648\u0623\u0646\u062a\u0627\u0631\u062a\u064a\u0643\u064a\u0629", "NAME_BN": "\u09ab\u09cd\u09b0. \u098f\u09b8. \u0985\u09cd\u09af\u09be\u09a8\u09cd\u09a1 \u0985\u09cd\u09af\u09be\u09a8\u09cd\u099f\u09be\u09b0\u09cd\u0995\u099f\u09bf\u0995 \u09b2\u09cd\u09af\u09be\u09a8\u09cd\u09a1", "NAME_DE": "Franz\u00f6sische S\u00fcd- und Antarktisgebiete", "NAME_EN": "French Southern and Antarctic Lands", "NAME_ES": "Tierras Australes y Ant\u00e1rticas Francesas", "NAME_FA": "\u0633\u0631\u0632\u0645\u06cc\u0646\u0647\u0627\u06cc \u062c\u0646\u0648\u0628\u06cc \u0648 \u062c\u0646\u0648\u0628\u06af\u0627\u0646\u06cc \u0641\u0631\u0627\u0646\u0633\u0647", "NAME_FR": "Terres australes et antarctiques fran\u00e7aises", "NAME_EL": "\u0393\u03b1\u03bb\u03bb\u03b9\u03ba\u03ac \u039d\u03cc\u03c4\u03b9\u03b1 \u03ba\u03b1\u03b9 \u0391\u03bd\u03c4\u03b1\u03c1\u03ba\u03c4\u03b9\u03ba\u03ac \u0395\u03b4\u03ac\u03c6\u03b7", "NAME_HE": "\u05d4\u05d0\u05e8\u05e6\u05d5\u05ea \u05d4\u05d3\u05e8\u05d5\u05de\u05d9\u05d5\u05ea \u05d5\u05d4\u05d0\u05e0\u05d8\u05d0\u05e8\u05e7\u05d8\u05d9\u05d5\u05ea \u05e9\u05dc \u05e6\u05e8\u05e4\u05ea", "NAME_HI": "\u0926\u0915\u094d\u0937\u093f\u0923 \u092b\u094d\u0930\u093e\u0902\u0938\u0940\u0938\u0940 \u0914\u0930 \u0905\u0902\u091f\u093e\u0930\u094d\u0915\u091f\u093f\u0915 \u0932\u0948\u0902\u0921", "NAME_HU": "Francia d\u00e9li \u00e9s antarktiszi ter\u00fcletek", "NAME_ID": "Daratan Selatan dan Antarktika Perancis", "NAME_IT": "Terre australi e antartiche francesi", "NAME_JA": "\u30d5\u30e9\u30f3\u30b9\u9818\u5357\u65b9\u30fb\u5357\u6975\u5730\u57df", "NAME_KO": "\ud504\ub791\uc2a4\ub839 \ub0a8\ubc29 \ubc0f \ub0a8\uadf9", "NAME_NL": "Franse Zuidelijke Gebieden", "NAME_PL": "Francuskie Terytoria Po\u0142udniowe i Antarktyczne", "NAME_PT": "Terras Austrais e Ant\u00e1rticas Francesas", "NAME_RU": "\u0424\u0440\u0430\u043d\u0446\u0443\u0437\u0441\u043a\u0438\u0435 \u042e\u0436\u043d\u044b\u0435 \u0438 \u0410\u043d\u0442\u0430\u0440\u043a\u0442\u0438\u0447\u0435\u0441\u043a\u0438\u0435 \u0442\u0435\u0440\u0440\u0438\u0442\u043e\u0440\u0438\u0438", "NAME_SV": "Franska sydterritorierna", "NAME_TR": "Frans\u0131z G\u00fcney ve Antarktika Topraklar\u0131", "NAME_UK": "\u0424\u0440\u0430\u043d\u0446\u0443\u0437\u044c\u043a\u0456 \u041f\u0456\u0432\u0434\u0435\u043d\u043d\u0456 \u0456 \u0410\u043d\u0442\u0430\u0440\u043a\u0442\u0438\u0447\u043d\u0456 \u0442\u0435\u0440\u0438\u0442\u043e\u0440\u0456\u0457", "NAME_UR": "\u0633\u0631\u0632\u0645\u06cc\u0646 \u062c\u0646\u0648\u0628\u06cc \u0641\u0631\u0627\u0646\u0633\u06cc\u0633\u06cc\u06c1 \u0648 \u0627\u0646\u0679\u0627\u0631\u06a9\u0679\u06cc\u06a9\u0627", "NAME_VI": "V\u00f9ng \u0111\u1ea5t ph\u00eda Nam v\u00e0 ch\u00e2u Nam C\u1ef1c thu\u1ed9c Ph\u00e1p", "NAME_ZH": "\u6cd5\u5c5e\u5357\u90e8\u548c\u5357\u6781\u9886\u5730", "NAME_ZHT": "\u6cd5\u5c6c\u5357\u90e8\u548c\u5357\u6975\u9818\u5730", "FCLASS_ISO": "Admin-0 dependency", "TLC_DIFF": null, "FCLASS_TLC": "Admin-0 dependency", "FCLASS_US": null, "FCLASS_FR": null, "FCLASS_RU": null, "FCLASS_ES": null, "FCLASS_CN": null, "FCLASS_TW": null, "FCLASS_IN": null, "FCLASS_NP": null, "FCLASS_PK": null, "FCLASS_DE": null, "FCLASS_GB": null, "FCLASS_BR": null, "FCLASS_IL": null, "FCLASS_PS": null, "FCLASS_SA": null, "FCLASS_EG": null, "FCLASS_MA": null, "FCLASS_PT": null, "FCLASS_AR": null, "FCLASS_JP": null, "FCLASS_KO": null, "FCLASS_VN": null, "FCLASS_TR": null, "FCLASS_ID": null, "FCLASS_PL": null, "FCLASS_GR": null, "FCLASS_IT": null, "FCLASS_NL": null, "FCLASS_SE": null, "FCLASS_BD": null, "FCLASS_UA": null}, "bbox": [68.72, -49.775, 70.56, -48.625], "geometry": {"type": "Polygon", "coordinates": [[[68.935, -48.625], [68.935, -48.625]]]}}, {"type": "Feature", "properties": {"featurecla": "Admin-0 country", "scalerank": 1, "LABELRANK": 5, "SOVEREIGNT": "East Timor", "SOV_A3": "TLS", "ADM0_DIF": 0, "LEVEL": 2, "TYPE": "Sovereign country", "TLC": "1", "ADMIN": "East Timor", "ADM0_A3": "TLS", "GEOU_DIF": 0, "GEOUNIT": "East Timor", "GU_A3": "TLS", "SU_DIF": 0, "SUBUNIT": "East Timor", "SU_A3": "TLS", "BRK_DIFF": 0, "NAME": "Timor-Leste", "NAME_LONG": "Timor-Leste", "BRK_A3": "TLS", "BRK_NAME": "Timor-Leste", "BRK_GROUP": null, "ABBREV": "T.L.", "POSTAL": "TL", "FORMAL_EN": "Democratic Republic of Timor-Leste", "FORMAL_FR": null, "NAME_CIAWF": "Timor-Leste", "NOTE_ADM0": null, "NOTE_BRK": null, "NAME_SORT": "Timor-Leste", "NAME_ALT": "East Timor", "MAPCOLOR7": 2, "MAPCOLOR8": 2, "MAPCOLOR9": 4, "MAPCOLOR13": 3, "POP_EST": 1293119, "POP_RANK": 12, "POP_YEAR": 2019, "GDP_MD": 2017, "GDP_YEAR": 2019, "ECONOMY": "7. Least developed region", "INCOME_GRP": "4. Lower middle income", "FIPS_10": "TT", "ISO_A2": "TL", "ISO_A2_EH": "TL", "ISO_A3": "TLS", "ISO_A3_EH": "TLS", "ISO_N3": "626", "ISO_N3_EH": "626", "UN_A3": "626", "WB_A2": "TP", "WB_A3": "TMP", "WOE_ID": 23424968, "WOE_ID_EH": 23424968, "WOE_NOTE": "Exact WOE match as country", "ADM0_ISO": "TLS", "ADM0_DIFF": null, "ADM0_TLC": "TLS", "ADM0_A3_US": "TLS", "ADM0_A3_FR": "TLS", "ADM0_A3_RU": "TLS", "ADM0_A3_ES": "TLS", "ADM0_A3_CN": "TLS", "ADM0_A3_TW": "TLS", "ADM0_A3_IN": "TLS", "ADM0_A3_NP": "TLS", "ADM0_A3_PK": "TLS", "ADM0_A3_DE": "TLS", "ADM0_A3_GB": "TLS", "ADM0_A3_BR": "TLS", "ADM0_A3_IL": "TLS", "ADM0_A3_PS": "TLS", "ADM0_A3_SA": "TLS", "ADM0_A3_EG": "TLS", "ADM0_A3_MA": "TLS", "ADM0_A3_PT": "TLS", "ADM0_A3_AR": "TLS", "ADM0_A3_JP": "TLS", "ADM0_A3_KO": "TLS", "ADM0_A3_VN": "TLS", "ADM0_A3_TR": "TLS", "ADM0_A3_ID": "TLS", "ADM0_A3_PL": "TLS", "ADM0_A3_GR": "TLS", "ADM0_A3_IT": "TLS", "ADM0_A3_NL": "TLS", "ADM0_A3_SE": "TLS", "ADM0_A3_BD": "TLS", "ADM0_A3_UA": "TLS", "ADM0_A3_UN": -99, "ADM0_A3_WB": -99, "CONTINENT": "Asia", "REGION_UN": "Asia", "SUBREGION": "South-Eastern Asia", "REGION_WB": "East Asia & Pacific", "NAME_LEN": 11, "LONG_LEN": 11, "ABBREV_LEN": 4, "TINY": -99, "HOMEPART": 1, "MIN_ZOOM": 0, "MIN_LABEL": 4, "MAX_LABEL": 9, "LABEL_X": 125.854679, "LABEL_Y": -8.803705, "NE_ID": 1159321313, "WIKIDATAID": "Q574", "NAME_AR": "\u062a\u064a\u0645\u0648\u0631 \u0627\u0644\u0634\u0631\u0642\u064a\u0629", "NAME_BN": "\u09aa\u09c2\u09b0\u09cd\u09ac \u09a4\u09bf\u09ae\u09c1\u09b0", "NAME_DE": "Osttimor", "NAME_EN": "East Timor", "NAME_ES": "Timor Oriental", "NAME_FA": "\u062a\u06cc\u0645\u0648\u0631 \u0634\u0631\u0642\u06cc", "NAME_FR": "Timor oriental", "NAME_EL": "\u0391\u03bd\u03b1\u03c4\u03bf\u03bb\u03b9\u03ba\u03cc \u03a4\u03b9\u03bc\u03cc\u03c1", "NAME_HE": "\u05de\u05d6\u05e8\u05d7 \u05d8\u05d9\u05de\u05d5\u05e8", "NAME_HI": "\u092a\u0942\u0930\u094d\u0935\u0940 \u0924\u093f\u092e\u094b\u0930", "NAME_HU": "Kelet-Timor", "NAME_ID": "Timor Leste", "NAME_IT": "Timor Est", "NAME_JA": "\u6771\u30c6\u30a3\u30e2\u30fc\u30eb", "NAME_KO": "\ub3d9\ud2f0\ubaa8\ub974", "NAME_NL": "Oost-Timor", "NAME_PL": "Timor Wschodni", "NAME_PT": "Timor-Leste", "NAME_RU": "\u0412\u043e\u0441\u0442\u043e\u0447\u043d\u044b\u0439 \u0422\u0438\u043c\u043e\u0440", "NAME_SV": "\u00d6sttimor", "NAME_TR": "Do\u011fu Timor", "NAME_UK": "\u0421\u0445\u0456\u0434\u043d\u0438\u0439 \u0422\u0438\u043c\u043e\u0440", "NAME_UR": "\u0645\u0634\u0631\u0642\u06cc \u062a\u06cc\u0645\u0648\u0631", "NAME_VI": "\u0110\u00f4ng Timor", "NAME_ZH": "\u4e1c\u5e1d\u6c76", "NAME_ZHT": "\u6771\u5e1d\u6c76", "FCLASS_ISO": "Admin-0 country", "TLC_DIFF": null, "FCLASS_TLC": "Admin-0 country", "FCLASS_US": null, "FCLASS_FR": null, "FCLASS_RU": null, "FCLASS_ES": null, "FCLASS_CN": null, "FCLASS_TW": null, "FCLASS_IN": null, "FCLASS_NP": null, "FCLASS_PK": null, "FCLASS_DE": null, "FCLASS_GB": null, "FCLASS_BR": null, "FCLASS_IL": null, "FCLASS_PS": null, "FCLASS_SA": null, "FCLASS_EG": null, "FCLASS_MA": null, "FCLASS_PT": null, "FCLASS_AR": null, "FCLASS_JP": null, "FCLASS_KO": null, "FCLASS_VN": null, "FCLASS_TR": null, "FCLASS_ID": null, "FCLASS_PL": null, "FCLASS_GR": null, "FCLASS_IT": null, "FCLASS_NL": null, "FCLASS_SE": null, "FCLASS_BD": null, "FCLASS_UA": null}, "bbox": [124.968682, -9.393173, 127.335928, -8.273345], "geometry": {"type": "Polygon", "coordinates": [[[124.968682, -8.89279], [125.08852, -9.393173], [124.968682, -8.89279]]]}}, {"type": "Feature", "properties": {"featurecla": "Admin-0 country", "scalerank": 1, "LABELRANK": 2, "SOVEREIGNT": "South Africa", "SOV_A3": "ZAF", "ADM0_DIF": 0, "LEVEL": 2, "TYPE": "Sovereign country", "TLC": "1", "ADMIN": "South Africa", "ADM0_A3": "ZAF", "GEOU_DIF": 0, "GEOUNIT": "South Africa", "GU_A3": "ZAF", "SU_DIF": 0, "SUBUNIT": "South Africa", "SU_A3": "ZAF", "BRK_DIFF": 0, "NAME": "South Africa", "NAME_LONG": "South Africa", "BRK_A3": "ZAF", "BRK_NAME": "South Africa", "BRK_GROUP": null, "ABBREV": "S.Af.", "POSTAL": "ZA", "FORMAL_EN": "Republic of South Africa", "FORMAL_FR": null, "NAME_CIAWF": "South Africa", "NOTE_ADM0": null, "NOTE_BRK": null, "NAME_SORT": "South Africa", "NAME_ALT": null, "MAPCOLOR7": 2, "MAPCOLOR8": 3, "MAPCOLOR9": 4, "MAPCOLOR13": 2, "POP_EST": 58558270, "POP_RANK": 16, "POP_YEAR": 2019, "GDP_MD": 351431, "GDP_YEAR": 2019, "ECONOMY": "5. Emerging region: G20", "INCOME_GRP": "3. Upper middle income", "FIPS_10": "SF", "ISO_A2": "ZA", "ISO_A2_EH": "ZA", "ISO_A3": "ZAF", "ISO_A3_EH": "ZAF", "ISO_N3": "710", "ISO_N3_EH": "710", "UN_A3": "710", "WB_A2": "ZA", "WB_A3": "ZAF", "WOE_ID": 23424942, "WOE_ID_EH": 23424942, "WOE_NOTE": "Exact WOE match as country", "ADM0_ISO": "ZAF", "ADM0_DIFF": null, "ADM0_TLC": "ZAF", "ADM0_A3_US": "ZAF", "ADM0_A3_FR": "ZAF", "ADM0_A3_RU": "ZAF", "ADM0_A3_ES": "ZAF", "ADM0_A3_CN": "ZAF", "ADM0_A3_TW": "ZAF", "ADM0_A3_IN": "ZAF", "ADM0_A3_NP": "ZAF", "ADM0_A3_PK": "ZAF", "ADM0_A3_DE": "ZAF", "ADM0_A3_GB": "ZAF", "ADM0_A3_BR": "ZAF", "ADM0_A3_IL": "ZAF", "ADM0_A3_PS": "ZAF", "ADM0_A3_SA": "ZAF", "ADM0_A3_EG": "ZAF", "ADM0_A3_MA": "ZAF", "ADM0_A3_PT": "ZAF", "ADM0_A3_AR": "ZAF", "ADM0_A3_JP": "ZAF", "ADM0_A3_KO": "ZAF", "ADM0_A3_VN": "ZAF", "ADM0_A3_TR": "ZAF", "ADM0_A3_ID": "ZAF", "ADM0_A3_PL": "ZAF", "ADM0_A3_GR": "ZAF", "ADM0_A3_IT": "ZAF", "ADM0_A3_NL": "ZAF", "ADM0_A3_SE": "ZAF", "ADM0_A3_BD": "ZAF", "ADM0_A3_UA": "ZAF", "ADM0_A3_UN": -99, "ADM0_A3_WB": -99, "CONTINENT": "Africa", "REGION_UN": "Africa", "SUBREGION": "Southern Africa", "REGION_WB": "Sub-Saharan Africa", "NAME_LEN": 12, "LONG_LEN": 12, "ABBREV_LEN": 5, "TINY": -99, "HOMEPART": 1, "MIN_ZOOM": 0, "MIN_LABEL": 1.7, "MAX_LABEL": 6.7, "LABEL_X": 23.665734, "LABEL_Y": -29.708776, "NE_ID": 1159321431, "WIKIDATAID": "Q258", "NAME_AR": "\u062c\u0646\u0648\u0628 \u0623\u0641\u0631\u064a\u0642\u064a\u0627", "NAME_BN": "\u09a6\u0995\u09cd\u09b7\u09bf\u09a3 \u0986\u09ab\u09cd\u09b0\u09bf\u0995\u09be", "NAME_DE": "S\u00fcdafrika", "NAME_EN": "South Africa", "NAME_ES": "Sud\u00e1frica", "NAME_FA": "\u0622\u0641\u0631\u06cc\u0642\u0627\u06cc \u062c\u0646\u0648\u0628\u06cc", "NAME_FR": "Afrique du Sud", "NAME_EL": "\u039d\u03cc\u03c4\u03b9\u03b1 \u0391\u03c6\u03c1\u03b9\u03ba\u03ae", "NAME_HE": "\u05d3\u05e8\u05d5\u05dd \u05d0\u05e4\u05e8\u05d9\u05e7\u05d4", "NAME_HI": "\u0926\u0915\u094d\u0937\u093f\u0923 \u0905\u092b\u093c\u094d\u0930\u0940\u0915\u093e", "NAME_HU": "D\u00e9l-afrikai K\u00f6zt\u00e1rsas\u00e1g", "NAME_ID": "Afrika Selatan", "NAME_IT": "Sudafrica", "NAME_JA": "\u5357\u30a2\u30d5\u30ea\u30ab\u5171\u548c\u56fd", "NAME_KO": "\ub0a8\uc544\ud504\ub9ac\uce74 \uacf5\ud654\uad6d", "NAME_NL": "Zuid-Afrika", "NAME_PL": "Po\u0142udniowa Afryka", "NAME_PT": "\u00c1frica do Sul", "NAME_RU": "\u042e\u0410\u0420", "NAME_SV": "Sydafrika", "NAME_TR": "G\u00fcney Afrika Cumhuriyeti", "NAME_UK": "\u041f\u0456\u0432\u0434\u0435\u043d\u043d\u043e-\u0410\u0444\u0440\u0438\u043a\u0430\u043d\u0441\u044c\u043a\u0430 \u0420\u0435\u0441\u043f\u0443\u0431\u043b\u0456\u043a\u0430", "NAME_UR": "\u062c\u0646\u0648\u0628\u06cc \u0627\u0641\u0631\u06cc\u0642\u0627", "NAME_VI": "C\u1ed9ng h\u00f2a Nam Phi", "NAME_ZH": "\u5357\u975e", "NAME_ZHT": "\u5357\u975e", "FCLASS_ISO": "Admin-0 country", "TLC_DIFF": null, "FCLASS_TLC": "Admin-0 country", "FCLASS_US": null, "FCLASS_FR": null, "FCLASS_RU": null, "FCLASS_ES": null, "FCLASS_CN": null, "FCLASS_TW": null, "FCLASS_IN": null, "FCLASS_NP": null, "FCLASS_PK": null, "FCLASS_DE": null, "FCLASS_GB": null, "FCLASS_BR": null, "FCLASS_IL": null, "FCLASS_PS": null, "FCLASS_SA": null, "FCLASS_EG": null, "FCLASS_MA": null, "FCLASS_PT": null, "FCLASS_AR": null, "FCLASS_JP": null, "FCLASS_KO": null, "FCLASS_VN": null, "FCLASS_TR": null, "FCLASS_ID": null, "FCLASS_PL": null, "FCLASS_GR": null, "FCLASS_IT": null, "FCLASS_NL": null, "FCLASS_SE": null, "FCLASS_BD": null, "FCLASS_UA": null}, "bbox": [16.344977, -34.819166, 32.83012, -22.091313], "geometry": {"type": "Polygon", "coordinates": [[[16.344977, -28.576705], [19.895768, -24.76779], [22.824271, -25.500459], [26.485753, -24.616327], [31.191409, -22.25151], [30.676609, -26.398078], [32.203389, -28.752405], [27.464608, -33.226964], [22.574157, -33.864083], [18.377411, -34.136521], [17.062918, -29.875954], [16.344977, -28.576705]], [[28.978263, -28.955597], [28.8484, -30.070051], [28.978263, -28.955597]]]}}, {"type": "Feature", "properties": {"featurecla": "Admin-0 country", "scalerank": 1, "LABELRANK": 6, "SOVEREIGNT": "Lesotho", "SOV_A3": "LSO", "ADM0_DIF": 0, "LEVEL": 2, "TYPE": "Sovereign country", "TLC": "1", "ADMIN": "Lesotho", "ADM0_A3": "LSO", "GEOU_DIF": 0, "GEOUNIT": "Lesotho", "GU_A3": "LSO", "SU_DIF": 0, "SUBUNIT": "Lesotho", "SU_A3": "LSO", "BRK_DIFF": 0, "NAME": "Lesotho", "NAME_LONG": "Lesotho", "BRK_A3": "LSO", "BRK_NAME": "Lesotho", "BRK_GROUP": null, "ABBREV": "Les.", "POSTAL": "LS", "FORMAL_EN": "Kingdom of Lesotho", "FORMAL_FR": null, "NAME_CIAWF": "Lesotho", "NOTE_ADM0": null, "NOTE_BRK": null, "NAME_SORT": "Lesotho", "NAME_ALT": null, "MAPCOLOR7": 1, "MAPCOLOR8": 5, "MAPCOLOR9": 2, "MAPCOLOR13": 8, "POP_EST": 2125268, "POP_RANK": 12, "POP_YEAR": 2019, "GDP_MD": 2376, "GDP_YEAR": 2019, "ECONOMY": "7. Least developed region", "INCOME_GRP": "4. Lower middle income", "FIPS_10": "LT", "ISO_A2": "LS", "ISO_A2_EH": "LS", "ISO_A3": "LSO", "ISO_A3_EH": "LSO", "ISO_N3": "426", "ISO_N3_EH": "426", "UN_A3": "426", "WB_A2": "LS", "WB_A3": "LSO", "WOE_ID": 23424880, "WOE_ID_EH": 23424880, "WOE_NOTE": "Exact WOE match as country", "ADM0_ISO": "LSO", "ADM0_DIFF": null, "ADM0_TLC": "LSO", "ADM0_A3_US": "LSO", "ADM0_A3_FR": "LSO", "ADM0_A3_RU": "LSO", "ADM0_A3_ES": "LSO", "ADM0_A3_CN": "LSO", "ADM0_A3_TW": "LSO", "ADM0_A3_IN": "LSO", "ADM0_A3_NP": "LSO", "ADM0_A3_PK": "LSO", "ADM0_A3_DE": "LSO", "ADM0_A3_GB": "LSO", "ADM0_A3_BR": "LSO", "ADM0_A3_IL": "LSO", "ADM0_A3_PS": "LSO", "ADM0_A3_SA": "LSO", "ADM0_A3_EG": "LSO", "ADM0_A3_MA": "LSO", "ADM0_A3_PT": "LSO", "ADM0_A3_AR": "LSO", "ADM0_A3_JP": "LSO", "ADM0_A3_KO": "LSO", "ADM0_A3_VN": "LSO", "ADM0_A3_TR": "LSO", "ADM0_A3_ID": "LSO", "ADM0_A3_PL": "LSO", "ADM0_A3_GR": "LSO", "ADM0_A3_IT": "LSO", "ADM0_A3_NL": "LSO", "ADM0_A3_SE": "LSO", "ADM0_A3_BD": "LSO", "ADM0_A3_UA": "LSO", "ADM0_A3_UN": -99, "ADM0_A3_WB": -99, "CONTINENT": "Africa", "REGION_UN": "Africa", "SUBREGION": "Southern Africa", "REGION_WB": "Sub-Saharan Africa", "NAME_LEN": 7, "LONG_LEN": 7, "ABBREV_LEN": 4, "TINY": -99, "HOMEPART": 1, "MIN_ZOOM": 0, "MIN_LABEL": 4, "MAX_LABEL": 9, "LABEL_X": 28.246639, "LABEL_Y": -29.480158, "NE_ID": 1159321027, "WIKIDATAID": "Q1013", "NAME_AR": "\u0644\u064a\u0633\u0648\u062a\u0648", "NAME_BN": "\u09b2\u09c7\u09b8\u09cb\u09a5\u09cb", "NAME_DE": "Lesotho", "NAME_EN": "Lesotho", "NAME_ES": "Lesoto", "NAME_FA": "\u0644\u0633\u0648\u062a\u0648", "NAME_FR": "Lesotho", "NAME_EL": "\u039b\u03b5\u03c3\u03cc\u03c4\u03bf", "NAME_HE": "\u05dc\u05e1\u05d5\u05d8\u05d5", "NAME_HI": "\u0932\u0947\u0938\u094b\u0925\u094b", "NAME_HU": "Lesotho", "NAME_ID": "Lesotho", "NAME_IT": "Lesotho", "NAME_JA": "\u30ec\u30bd\u30c8", "NAME_KO": "\ub808\uc18c\ud1a0", "NAME_NL": "Lesotho", "NAME_PL": "Lesotho", "NAME_PT": "Lesoto", "NAME_RU": "\u041b\u0435\u0441\u043e\u0442\u043e", "NAME_SV": "Lesotho", "NAME_TR": "Lesotho", "NAME_UK": "\u041b\u0435\u0441\u043e\u0442\u043e", "NAME_UR": "\u0644\u06cc\u0633\u0648\u062a\u06be\u0648", "NAME_VI": "Lesotho", "NAME_ZH": "\u83b1\u7d22\u6258", "NAME_ZHT": "\u8cf4\u7d22\u6258", "FCLASS_ISO": "Admin-0 country", "TLC_DIFF": null, "FCLASS_TLC": "Admin-0 country", "FCLASS_US": null, "FCLASS_FR": null, "FCLASS_RU": null, "FCLASS_ES": null, "FCLASS_CN": null, "FCLASS_TW": null, "FCLASS_IN": null, "FCLASS_NP": null, "FCLASS_PK": null, "FCLASS_DE": null, "FCLASS_GB": null, "FCLASS_BR": null, "FCLASS_IL": null, "FCLASS_PS": null, "FCLASS_SA": null, "FCLASS_EG": null, "FCLASS_MA": null, "FCLASS_PT": null, "FCLASS_AR": null, "FCLASS_JP": null, "FCLASS_KO": null, "FCLASS_VN": null, "FCLASS_TR": null, "FCLASS_ID": null, "FCLASS_PL": null, "FCLASS_GR": null, "FCLASS_IT": null, "FCLASS_NL": null, "FCLASS_SE": null, "FCLASS_BD": null, "FCLASS_UA": null}, "bbox": [26.999262, -30.645106, 29.325166, -28.647502], "geometry": {"type": "Polygon", "coordinates": [[[28.978263, -28.955597], [27.532511, -29.242711], [28.978263, -28.955597]]]}}, {"type": "Feature", "properties": {"featurecla": "Admin-0 country", "scalerank": 1, "LABELRANK": 2, "SOVEREIGNT": "Mexico", "SOV_A3": "MEX", "ADM0_DIF": 0, "LEVEL": 2, "TYPE": "Sovereign country", "TLC": "1", "ADMIN": "Mexico", "ADM0_A3": "MEX", "GEOU_DIF": 0, "GEOUNIT": "Mexico", "GU_A3": "MEX", "SU_DIF": 0, "SUBUNIT": "Mexico", "SU_A3": "MEX", "BRK_DIFF": 0, "NAME": "Mexico", "NAME_LONG": "Mexico", "BRK_A3": "MEX", "BRK_NAME": "Mexico", "BRK_GROUP": null, "ABBREV": "Mex.", "POSTAL": "MX", "FORMAL_EN": "United Mexican States", "FORMAL_FR": null, "NAME_CIAWF": "Mexico", "NOTE_ADM0": null, "NOTE_BRK": null, "NAME_SORT": "Mexico", "NAME_ALT": null, "MAPCOLOR7": 6, "MAPCOLOR8": 1, "MAPCOLOR9": 7, "MAPCOLOR13": 3, "POP_EST": 127575529, "POP_RANK": 17, "POP_YEAR": 2019, "GDP_MD": 1268870, "GDP_YEAR": 2019, "ECONOMY": "4. Emerging region: MIKT", "INCOME_GRP": "3. Upper middle income", "FIPS_10": "MX", "ISO_A2": "MX", "ISO_A2_EH": "MX", "ISO_A3": "MEX", "ISO_A3_EH": "MEX", "ISO_N3": "484", "ISO_N3_EH": "484", "UN_A3": "484", "WB_A2": "MX", "WB_A3": "MEX", "WOE_ID": 23424900, "WOE_ID_EH": 23424900, "WOE_NOTE": "Exact WOE match as country", "ADM0_ISO": "MEX", "ADM0_DIFF": null, "ADM0_TLC": "MEX", "ADM0_A3_US": "MEX", "ADM0_A3_FR": "MEX", "ADM0_A3_RU": "MEX", "ADM0_A3_ES": "MEX", "ADM0_A3_CN": "MEX", "ADM0_A3_TW": "MEX", "ADM0_A3_IN": "MEX", "ADM0_A3_NP": "MEX", "ADM0_A3_PK": "MEX", "ADM0_A3_DE": "MEX", "ADM0_A3_GB": "MEX", "ADM0_A3_BR": "MEX", "ADM0_A3_IL": "MEX", "ADM0_A3_PS": "MEX", "ADM0_A3_SA": "MEX", "ADM0_A3_EG": "MEX", "ADM0_A3_MA": "MEX", "ADM0_A3_PT": "MEX", "ADM0_A3_AR": "MEX", "ADM0_A3_JP": "MEX", "ADM0_A3_KO": "MEX", "ADM0_A3_VN": "MEX", "ADM0_A3_TR": "MEX", "ADM0_A3_ID": "MEX", "ADM0_A3_PL": "MEX", "ADM0_A3_GR": "MEX", "ADM0_A3_IT": "MEX", "ADM0_A3_NL": "MEX", "ADM0_A3_SE": "MEX", "ADM0_A3_BD": "MEX", "ADM0_A3_UA": "MEX", "ADM0_A3_UN": -99, "ADM0_A3_WB": -99, "CONTINENT": "North America", "REGION_UN": "Americas", "SUBREGION": "Central America", "REGION_WB": "Latin America & Caribbean", "NAME_LEN": 6, "LONG_LEN": 6, "ABBREV_LEN": 4, "TINY": -99, "HOMEPART": 1, "MIN_ZOOM": 0, "MIN_LABEL": 2, "MAX_LABEL": 6.7, "LABEL_X": -102.289448, "LABEL_Y": 23.919988, "NE_ID": 1159321055, "WIKIDATAID": "Q96", "NAME_AR": "\u0627\u0644\u0645\u0643\u0633\u064a\u0643", "NAME_BN": "\u09ae\u09c7\u0995\u09cd\u09b8\u09bf\u0995\u09cb", "NAME_DE": "Mexiko", "NAME_EN": "Mexico", "NAME_ES": "M\u00e9xico", "NAME_FA": "\u0645\u06a9\u0632\u06cc\u06a9", "NAME_FR": "Mexique", "NAME_EL": "\u039c\u03b5\u03be\u03b9\u03ba\u03cc", "NAME_HE": "\u05de\u05e7\u05e1\u05d9\u05e7\u05d5", "NAME_HI": "\u092e\u0947\u0915\u094d\u0938\u093f\u0915\u094b", "NAME_HU": "Mexik\u00f3", "NAME_ID": "Meksiko", "NAME_IT": "Messico", "NAME_JA": "\u30e1\u30ad\u30b7\u30b3", "NAME_KO": "\uba55\uc2dc\ucf54", "NAME_NL": "Mexico", "NAME_PL": "Meksyk", "NAME_PT": "M\u00e9xico", "NAME_RU": "\u041c\u0435\u043a\u0441\u0438\u043a\u0430", "NAME_SV": "Mexiko", "NAME_TR": "Meksika", "NAME_UK": "\u041c\u0435\u043a\u0441\u0438\u043a\u0430", "NAME_UR": "\u0645\u06cc\u06a9\u0633\u06cc\u06a9\u0648", "NAME_VI": "M\u00e9xico", "NAME_ZH": "\u58a8\u897f\u54e5", "NAME_ZHT": "\u58a8\u897f\u54e5", "FCLASS_ISO": "Admin-0 country", "TLC_DIFF": null, "FCLASS_TLC": "Admin-0 country", "FCLASS_US": null, "FCLASS_FR": null, "FCLASS_RU": null, "FCLASS_ES": null, "FCLASS_CN": null, "FCLASS_TW": null, "FCLASS_IN": null, "FCLASS_NP": null, "FCLASS_PK": null, "FCLASS_DE": null, "FCLASS_GB": null, "FCLASS_BR": null, "FCLASS_IL": null, "FCLASS_PS": null, "FCLASS_SA": null, "FCLASS_EG": null, "FCLASS_MA": null, "FCLASS_PT": null, "FCLASS_AR": null, "FCLASS_JP": null, "FCLASS_KO": null, "FCLASS_VN": null, "FCLASS_TR": null, "FCLASS_ID": null, "FCLASS_PL": null, "FCLASS_GR": null, "FCLASS_IT": null, "FCLASS_NL": null, "FCLASS_SE": null, "FCLASS_BD": null, "FCLASS_UA": null}, "bbox": [-117.12776, 14.538829, -86.811982, 32.72083], "geometry": {"type": "Polygon", "coordinates": [[[-117.12776, 32.53534], [-108.24, 31.754854], [-103.11, 28.97], [-99.02, 26.37], [-97.699044, 21.898689], [-93.548651, 18.423837], [-89.601321, 21.261726], [-87.43675, 19.472403], [-89.150909, 17.955468], [-90.600847, 16.470778], [-93.359464, 15.61543], [-98.947676, 16.566043], [-104.99201, 19.316134], [-105.693414, 22.26908], [-109.801458, 26.676176], [-113.163811, 30.786881], [-114.330974, 29.750432], [-112.244952, 27.171727], [-109.409104, 23.364672], [-112.148989, 25.470125], [-114.982253, 27.7982], [-116.721526, 31.635744], [-117.12776, 32.53534]]]}}, {"type": "Feature", "properties": {"featurecla": "Admin-0 country", "scalerank": 1, "LABELRANK": 4, "SOVEREIGNT": "Uruguay", "SOV_A3": "URY", "ADM0_DIF": 0, "LEVEL": 2, "TYPE": "Sovereign country", "TLC": "1", "ADMIN": "Uruguay", "ADM0_A3": "URY", "GEOU_DIF": 0, "GEOUNIT": "Uruguay", "GU_A3": "URY", "SU_DIF": 0, "SUBUNIT": "Uruguay", "SU_A3": "URY", "BRK_DIFF": 0, "NAME": "Uruguay", "NAME_LONG": "Uruguay", "BRK_A3": "URY", "BRK_NAME": "Uruguay", "BRK_GROUP": null, "ABBREV": "Ury.", "POSTAL": "UY", "FORMAL_EN": "Oriental Republic of Uruguay", "FORMAL_FR": null, "NAME_CIAWF": "Uruguay", "NOTE_ADM0": null, "NOTE_BRK": null, "NAME_SORT": "Uruguay", "NAME_ALT": null, "MAPCOLOR7": 1, "MAPCOLOR8": 2, "MAPCOLOR9": 2, "MAPCOLOR13": 10, "POP_EST": 3461734, "POP_RANK": 12, "POP_YEAR": 2019, "GDP_MD": 56045, "GDP_YEAR": 2019, "ECONOMY": "5. Emerging region: G20", "INCOME_GRP": "3. Upper middle income", "FIPS_10": "UY", "ISO_A2": "UY", "ISO_A2_EH": "UY", "ISO_A3": "URY", "ISO_A3_EH": "URY", "ISO_N3": "858", "ISO_N3_EH": "858", "UN_A3": "858", "WB_A2": "UY", "WB_A3": "URY", "WOE_ID": 23424979, "WOE_ID_EH": 23424979, "WOE_NOTE": "Exact WOE match as country", "ADM0_ISO": "URY", "ADM0_DIFF": null, "ADM0_TLC": "URY", "ADM0_A3_US": "URY", "ADM0_A3_FR": "URY", "ADM0_A3_RU": "URY", "ADM0_A3_ES": "URY", "ADM0_A3_CN": "URY", "ADM0_A3_TW": "URY", "ADM0_A3_IN": "URY", "ADM0_A3_NP": "URY", "ADM0_A3_PK": "URY", "ADM0_A3_DE": "URY", "ADM0_A3_GB": "URY", "ADM0_A3_BR": "URY", "ADM0_A3_IL": "URY", "ADM0_A3_PS": "URY", "ADM0_A3_SA": "URY", "ADM0_A3_EG": "URY", "ADM0_A3_MA": "URY", "ADM0_A3_PT": "URY", "ADM0_A3_AR": "URY", "ADM0_A3_JP": "URY", "ADM0_A3_KO": "URY", "ADM0_A3_VN": "URY", "ADM0_A3_TR": "URY", "ADM0_A3_ID": "URY", "ADM0_A3_PL": "URY", "ADM0_A3_GR": "URY", "ADM0_A3_IT": "URY", "ADM0_A3_NL": "URY", "ADM0_A3_SE": "URY", "ADM0_A3_BD": "URY", "ADM0_A3_UA": "URY", "ADM0_A3_UN": -99, "ADM0_A3_WB": -99, "CONTINENT": "South America", "REGION_UN": "Americas", "SUBREGION": "South America", "REGION_WB": "Latin America & Caribbean", "NAME_LEN": 7, "LONG_LEN": 7, "ABBREV_LEN": 4, "TINY": -99, "HOMEPART": 1, "MIN_ZOOM": 0, "MIN_LABEL": 3, "MAX_LABEL": 8, "LABEL_X": -55.966942, "LABEL_Y": -32.961127, "NE_ID": 1159321353, "WIKIDATAID": "Q77", "NAME_AR": "\u0627\u0644\u0623\u0648\u0631\u0648\u063a\u0648\u0627\u064a", "NAME_BN": "\u0989\u09b0\u09c1\u0997\u09c1\u09af\u09bc\u09c7", "NAME_DE": "Uruguay", "NAME_EN": "Uruguay", "NAME_ES": "Uruguay", "NAME_FA": "\u0627\u0631\u0648\u06af\u0648\u0626\u0647", "NAME_FR": "Uruguay", "NAME_EL": "\u039f\u03c5\u03c1\u03bf\u03c5\u03b3\u03bf\u03c5\u03ac\u03b7", "NAME_HE": "\u05d0\u05d5\u05e8\u05d5\u05d2\u05d5\u05d5\u05d0\u05d9", "NAME_HI": "\u0909\u0930\u0941\u0917\u094d\u0935\u0947", "NAME_HU": "Uruguay", "NAME_ID": "Uruguay", "NAME_IT": "Uruguay", "NAME_JA": "\u30a6\u30eb\u30b0\u30a2\u30a4", "NAME_KO": "\uc6b0\ub8e8\uacfc\uc774", "NAME_NL": "Uruguay", "NAME_PL": "Urugwaj", "NAME_PT": "Uruguai", "NAME_RU": "\u0423\u0440\u0443\u0433\u0432\u0430\u0439", "NAME_SV": "Uruguay", "NAME_TR": "Uruguay", "NAME_UK": "\u0423\u0440\u0443\u0433\u0432\u0430\u0439", "NAME_UR": "\u06cc\u0648\u0631\u0627\u06af\u0648\u0626\u06d2", "NAME_VI": "Uruguay", "NAME_ZH": "\u4e4c\u62c9\u572d", "NAME_ZHT": "\u70cf\u62c9\u572d", "FCLASS_ISO": "Admin-0 country", "TLC_DIFF": null, "FCLASS_TLC": "Admin-0 country", "FCLASS_US": null, "FCLASS_FR": null, "FCLASS_RU": null, "FCLASS_ES": null, "FCLASS_CN": null, "FCLASS_TW": null, "FCLASS_IN": null, "FCLASS_NP": null, "FCLASS_PK": null, "FCLASS_DE": null, "FCLASS_GB": null, "FCLASS_BR": null, "FCLASS_IL": null, "FCLASS_PS": null, "FCLASS_SA": null, "FCLASS_EG": null, "FCLASS_MA": null, "FCLASS_PT": null, "FCLASS_AR": null, "FCLASS_JP": null, "FCLASS_KO": null, "FCLASS_VN": null, "FCLASS_TR": null, "FCLASS_ID": null, "FCLASS_PL": null, "FCLASS_GR": null, "FCLASS_IT": null, "FCLASS_NL": null, "FCLASS_SE": null, "FCLASS_BD": null, "FCLASS_UA": null}, "bbox": [-58.427074, -34.952647, -53.209589, -30.109686], "geometry": {"type": "Polygon", "coordinates": [[[-57.625133, -30.216295], [-53.373662, -33.768378], [-58.349611, -33.263189], [-57.625133, -30.216295]]]}}, {"type": "Feature", "properties": {"featurecla": "Admin-0 country", "scalerank": 1, "LABELRANK": 2, "SOVEREIGNT": "Brazil", "SOV_A3": "BRA", "ADM0_DIF": 0, "LEVEL": 2, "TYPE": "Sovereign country", "TLC": "1", "ADMIN": "Brazil", "ADM0_A3": "BRA", "GEOU_DIF": 0, "GEOUNIT": "Brazil", "GU_A3": "BRA", "SU_DIF": 0, "SUBUNIT": "Brazil", "SU_A3": "BRA", "BRK_DIFF": 0, "NAME": "Brazil", "NAME_LONG": "Brazil", "BRK_A3": "BRA", "BRK_NAME": "Brazil", "BRK_GROUP": null, "ABBREV": "Brazil", "POSTAL": "BR", "FORMAL_EN": "Federative Republic of Brazil", "FORMAL_FR": null, "NAME_CIAWF": "Brazil", "NOTE_ADM0": null, "NOTE_BRK": null, "NAME_SORT": "Brazil", "NAME_ALT": null, "MAPCOLOR7": 5, "MAPCOLOR8": 6, "MAPCOLOR9": 5, "MAPCOLOR13": 7, "POP_EST": 211049527, "POP_RANK": 17, "POP_YEAR": 2019, "GDP_MD": 1839758, "GDP_YEAR": 2019, "ECONOMY": "3. Emerging region: BRIC", "INCOME_GRP": "3. Upper middle income", "FIPS_10": "BR", "ISO_A2": "BR", "ISO_A2_EH": "BR", "ISO_A3": "BRA", "ISO_A3_EH": "BRA", "ISO_N3": "076", "ISO_N3_EH": "076", "UN_A3": "076", "WB_A2": "BR", "WB_A3": "BRA", "WOE_ID": 23424768, "WOE_ID_EH": 23424768, "WOE_NOTE": "Exact WOE match as country", "ADM0_ISO": "BRA", "ADM0_DIFF": null, "ADM0_TLC": "BRA", "ADM0_A3_US": "BRA", "ADM0_A3_FR": "BRA", "ADM0_A3_RU": "BRA", "ADM0_A3_ES": "BRA", "ADM0_A3_CN": "BRA", "ADM0_A3_TW": "BRA", "ADM0_A3_IN": "BRA", "ADM0_A3_NP": "BRA", "ADM0_A3_PK": "BRA", "ADM0_A3_DE": "BRA", "ADM0_A3_GB": "BRA", "ADM0_A3_BR": "BRA", "ADM0_A3_IL": "BRA", "ADM0_A3_PS": "BRA", "ADM0_A3_SA": "BRA", "ADM0_A3_EG": "BRA", "ADM0_A3_MA": "BRA", "ADM0_A3_PT": "BRA", "ADM0_A3_AR": "BRA", "ADM0_A3_JP": "BRA", "ADM0_A3_KO": "BRA", "ADM0_A3_VN": "BRA", "ADM0_A3_TR": "BRA", "ADM0_A3_ID": "BRA", "ADM0_A3_PL": "BRA", "ADM0_A3_GR": "BRA", "ADM0_A3_IT": "BRA", "ADM0_A3_NL": "BRA", "ADM0_A3_SE": "BRA", "ADM0_A3_BD": "BRA", "ADM0_A3_UA": "BRA", "ADM0_A3_UN": -99, "ADM0_A3_WB": -99, "CONTINENT": "South America", "REGION_UN": "Americas", "SUBREGION": "South America", "REGION_WB": "Latin America & Caribbean", "NAME_LEN": 6, "LONG_LEN": 6, "ABBREV_LEN": 6, "TINY": -99, "HOMEPART": 1, "MIN_ZOOM": 0, "MIN_LABEL": 1.7, "MAX_LABEL": 5.7, "LABEL_X": -49.55945, "LABEL_Y": -12.098687, "NE_ID": 1159320441, "WIKIDATAID": "Q155", "NAME_AR": "\u0627\u0644\u0628\u0631\u0627\u0632\u064a\u0644", "NAME_BN": "\u09ac\u09cd\u09b0\u09be\u099c\u09bf\u09b2", "NAME_DE": "Brasilien", "NAME_EN": "Brazil", "NAME_ES": "Brasil", "NAME_FA": "\u0628\u0631\u0632\u06cc\u0644", "NAME_FR": "Br\u00e9sil", "NAME_EL": "\u0392\u03c1\u03b1\u03b6\u03b9\u03bb\u03af\u03b1", "NAME_HE": "\u05d1\u05e8\u05d6\u05d9\u05dc", "NAME_HI": "\u092c\u094d\u0930\u093e\u091c\u093c\u0940\u0932", "NAME_HU": "Braz\u00edlia", "NAME_ID": "Brasil", "NAME_IT": "Brasile", "NAME_JA": "\u30d6\u30e9\u30b8\u30eb", "NAME_KO": "\ube0c\ub77c\uc9c8", "NAME_NL": "Brazili\u00eb", "NAME_PL": "Brazylia", "NAME_PT": "Brasil", "NAME_RU": "\u0411\u0440\u0430\u0437\u0438\u043b\u0438\u044f", "NAME_SV": "Brasilien", "NAME_TR": "Brezilya", "NAME_UK": "\u0411\u0440\u0430\u0437\u0438\u043b\u0456\u044f", "NAME_UR": "\u0628\u0631\u0627\u0632\u06cc\u0644", "NAME_VI": "Brasil", "NAME_ZH": "\u5df4\u897f", "NAME_ZHT": "\u5df4\u897f", "FCLASS_ISO": "Admin-0 country", "TLC_DIFF": null, "FCLASS_TLC": "Admin-0 country", "FCLASS_US": null, "FCLASS_FR": null, "FCLASS_RU": null, "FCLASS_ES": null, "FCLASS_CN": null, "FCLASS_TW": null, "FCLASS_IN": null, "FCLASS_NP": null, "FCLASS_PK": null, "FCLASS_DE": null, "FCLASS_GB": null, "FCLASS_BR": null, "FCLASS_IL": null, "FCLASS_PS": null, "FCLASS_SA": null, "FCLASS_EG": null, "FCLASS_MA": null, "FCLASS_PT": null, "FCLASS_AR": null, "FCLASS_JP": null, "FCLASS_KO": null, "FCLASS_VN": null, "FCLASS_TR": null, "FCLASS_ID": null, "FCLASS_PL": null, "FCLASS_GR": null, "FCLASS_IT": null, "FCLASS_NL": null, "FCLASS_SE": null, "FCLASS_BD": null, "FCLASS_UA": null}, "bbox": [-73.987235, -33.768378, -34.729993, 5.244486], "geometry": {"type": "Polygon", "coordinates": [[[-53.373662, -33.768378], [-57.625133, -30.216295], [-54.428946, -25.162185], [-55.797958, -22.35693], [-57.676009, -18.96184], [-60.251149, -15.077219], [-63.196499, -12.627033], [-68.048192, -10.712059], [-72.184891, -10.053598], [-73.120027, -6.629931], [-69.444102, -1.556287], [-69.804597, 1.089081], [-65.548267, 0.789254], [-64.408828, 3.126786], [-60.966893, 4.536468], [-59.815413, 3.606499], [-57.660971, 1.682585], [-55.569755, 2.421506], [-52.556425, 2.504705], [-50.699251, 0.222984], [-44.581589, -2.691308], [-35.235389, -5.464937], [-38.673887, -13.057652], [-40.944756, -21.937317], [-48.495458, -25.877025], [-52.256081, -32.24537], [-53.373662, -33.768378]]]}}, {"type": "Feature", "properties": {"featurecla": "Admin-0 country", "scalerank": 1, "LABELRANK": 3, "SOVEREIGNT": "Bolivia", "SOV_A3": "BOL", "ADM0_DIF": 0, "LEVEL": 2, "TYPE": "Sovereign country", "TLC": "1", "ADMIN": "Bolivia", "ADM0_A3": "BOL", "GEOU_DIF": 0, "GEOUNIT": "Bolivia", "GU_A3": "BOL", "SU_DIF": 0, "SUBUNIT": "Bolivia", "SU_A3": "BOL", "BRK_DIFF": 0, "NAME": "Bolivia", "NAME_LONG": "Bolivia", "BRK_A3": "BOL", "BRK_NAME": "Bolivia", "BRK_GROUP": null, "ABBREV": "Bolivia", "POSTAL": "BO", "FORMAL_EN": "Plurinational State of Bolivia", "FORMAL_FR": null, "NAME_CIAWF": "Bolivia", "NOTE_ADM0": null, "NOTE_BRK": null, "NAME_SORT": "Bolivia", "NAME_ALT": null, "MAPCOLOR7": 1, "MAPCOLOR8": 5, "MAPCOLOR9": 2, "MAPCOLOR13": 3, "POP_EST": 11513100, "POP_RANK": 14, "POP_YEAR": 2019, "GDP_MD": 40895, "GDP_YEAR": 2019, "ECONOMY": "5. Emerging region: G20", "INCOME_GRP": "4. Lower middle income", "FIPS_10": "BL", "ISO_A2": "BO", "ISO_A2_EH": "BO", "ISO_A3": "BOL", "ISO_A3_EH": "BOL", "ISO_N3": "068", "ISO_N3_EH": "068", "UN_A3": "068", "WB_A2": "BO", "WB_A3": "BOL", "WOE_ID": 23424762, "WOE_ID_EH": 23424762, "WOE_NOTE": "Exact WOE match as country", "ADM0_ISO": "BOL", "ADM0_DIFF": null, "ADM0_TLC": "BOL", "ADM0_A3_US": "BOL", "ADM0_A3_FR": "BOL", "ADM0_A3_RU": "BOL", "ADM0_A3_ES": "BOL", "ADM0_A3_CN": "BOL", "ADM0_A3_TW": "BOL", "ADM0_A3_IN": "BOL", "ADM0_A3_NP": "BOL", "ADM0_A3_PK": "BOL", "ADM0_A3_DE": "BOL", "ADM0_A3_GB": "BOL", "ADM0_A3_BR": "BOL", "ADM0_A3_IL": "BOL", "ADM0_A3_PS": "BOL", "ADM0_A3_SA": "BOL", "ADM0_A3_EG": "BOL", "ADM0_A3_MA": "BOL", "ADM0_A3_PT": "BOL", "ADM0_A3_AR": "BOL", "ADM0_A3_JP": "BOL", "ADM0_A3_KO": "BOL", "ADM0_A3_VN": "BOL", "ADM0_A3_TR": "BOL", "ADM0_A3_ID": "BOL", "ADM0_A3_PL": "BOL", "ADM0_A3_GR": "BOL", "ADM0_A3_IT": "BOL", "ADM0_A3_NL": "BOL", "ADM0_A3_SE": "BOL", "ADM0_A3_BD": "BOL", "ADM0_A3_UA": "BOL", "ADM0_A3_UN": -99, "ADM0_A3_WB": -99, "CONTINENT": "South America", "REGION_UN": "Americas", "SUBREGION": "South America", "REGION_WB": "Latin America & Caribbean", "NAME_LEN": 7, "LONG_LEN": 7, "ABBREV_LEN": 7, "TINY": -99, "HOMEPART": 1, "MIN_ZOOM": 0, "MIN_LABEL": 3, "MAX_LABEL": 7.5, "LABEL_X": -64.593433, "LABEL_Y": -16.666015, "NE_ID": 1159320439, "WIKIDATAID": "Q750", "NAME_AR": "\u0628\u0648\u0644\u064a\u0641\u064a\u0627", "NAME_BN": "\u09ac\u09b2\u09bf\u09ad\u09bf\u09af\u09bc\u09be", "NAME_DE": "Bolivien", "NAME_EN": "Bolivia", "NAME_ES": "Bolivia", "NAME_FA": "\u0628\u0648\u0644\u06cc\u0648\u06cc", "NAME_FR": "Bolivie", "NAME_EL": "\u0392\u03bf\u03bb\u03b9\u03b2\u03af\u03b1", "NAME_HE": "\u05d1\u05d5\u05dc\u05d9\u05d1\u05d9\u05d4", "NAME_HI": "\u092c\u094b\u0932\u093f\u0935\u093f\u092f\u093e", "NAME_HU": "Bol\u00edvia", "NAME_ID": "Bolivia", "NAME_IT": "Bolivia", "NAME_JA": "\u30dc\u30ea\u30d3\u30a2", "NAME_KO": "\ubcfc\ub9ac\ube44\uc544", "NAME_NL": "Bolivia", "NAME_PL": "Boliwia", "NAME_PT": "Bol\u00edvia", "NAME_RU": "\u0411\u043e\u043b\u0438\u0432\u0438\u044f", "NAME_SV": "Bolivia", "NAME_TR": "Bolivya", "NAME_UK": "\u0411\u043e\u043b\u0456\u0432\u0456\u044f", "NAME_UR": "\u0628\u0648\u0644\u06cc\u0648\u06cc\u0627", "NAME_VI": "Bolivia", "NAME_ZH": "\u73bb\u5229\u7ef4\u4e9a", "NAME_ZHT": "\u73bb\u5229\u7dad\u4e9e", "FCLASS_ISO": "Admin-0 country", "TLC_DIFF": null, "FCLASS_TLC": "Admin-0 country", "FCLASS_US": null, "FCLASS_FR": null, "FCLASS_RU": null, "FCLASS_ES": null, "FCLASS_CN": null, "FCLASS_TW": null, "FCLASS_IN": null, "FCLASS_NP": null, "FCLASS_PK": null, "FCLASS_DE": null, "FCLASS_GB": null, "FCLASS_BR": null, "FCLASS_IL": null, "FCLASS_PS": null, "FCLASS_SA": null, "FCLASS_EG": null, "FCLASS_MA": null, "FCLASS_PT": null, "FCLASS_AR": null, "FCLASS_JP": null, "FCLASS_KO": null, "FCLASS_VN": null, "FCLASS_TR": null, "FCLASS_ID": null, "FCLASS_PL": null, "FCLASS_GR": null, "FCLASS_IT": null, "FCLASS_NL": null, "FCLASS_SE": null, "FCLASS_BD": null, "FCLASS_UA": null}, "bbox": [-69.590424, -22.872919, -57.498371, -9.761988], "geometry": {"type": "Polygon", "coordinates": [[[-69.529678, -10.951734], [-65.321899, -10.895872], [-60.503304, -13.775955], [-58.280804, -17.27171], [-59.115042, -19.356906], [-64.377021, -22.798091], [-68.966818, -18.981683], [-68.929224, -13.602684], [-69.529678, -10.951734]]]}}, {"type": "Feature", "properties": {"featurecla": "Admin-0 country", "scalerank": 1, "LABELRANK": 2, "SOVEREIGNT": "Peru", "SOV_A3": "PER", "ADM0_DIF": 0, "LEVEL": 2, "TYPE": "Sovereign country", "TLC": "1", "ADMIN": "Peru", "ADM0_A3": "PER", "GEOU_DIF": 0, "GEOUNIT": "Peru", "GU_A3": "PER", "SU_DIF": 0, "SUBUNIT": "Peru", "SU_A3": "PER", "BRK_DIFF": 0, "NAME": "Peru", "NAME_LONG": "Peru", "BRK_A3": "PER", "BRK_NAME": "Peru", "BRK_GROUP": null, "ABBREV": "Peru", "POSTAL": "PE", "FORMAL_EN": "Republic of Peru", "FORMAL_FR": null, "NAME_CIAWF": "Peru", "NOTE_ADM0": null, "NOTE_BRK": null, "NAME_SORT": "Peru", "NAME_ALT": null, "MAPCOLOR7": 4, "MAPCOLOR8": 4, "MAPCOLOR9": 4, "MAPCOLOR13": 11, "POP_EST": 32510453, "POP_RANK": 15, "POP_YEAR": 2019, "GDP_MD": 226848, "GDP_YEAR": 2019, "ECONOMY": "5. Emerging region: G20", "INCOME_GRP": "3. Upper middle income", "FIPS_10": "PE", "ISO_A2": "PE", "ISO_A2_EH": "PE", "ISO_A3": "PER", "ISO_A3_EH": "PER", "ISO_N3": "604", "ISO_N3_EH": "604", "UN_A3": "604", "WB_A2": "PE", "WB_A3": "PER", "WOE_ID": 23424919, "WOE_ID_EH": 23424919, "WOE_NOTE": "Exact WOE match as country", "ADM0_ISO": "PER", "ADM0_DIFF": null, "ADM0_TLC": "PER", "ADM0_A3_US": "PER", "ADM0_A3_FR": "PER", "ADM0_A3_RU": "PER", "ADM0_A3_ES": "PER", "ADM0_A3_CN": "PER", "ADM0_A3_TW": "PER", "ADM0_A3_IN": "PER", "ADM0_A3_NP": "PER", "ADM0_A3_PK": "PER", "ADM0_A3_DE": "PER", "ADM0_A3_GB": "PER", "ADM0_A3_BR": "PER", "ADM0_A3_IL": "PER", "ADM0_A3_PS": "PER", "ADM0_A3_SA": "PER", "ADM0_A3_EG": "PER", "ADM0_A3_MA": "PER", "ADM0_A3_PT": "PER", "ADM0_A3_AR": "PER", "ADM0_A3_JP": "PER", "ADM0_A3_KO": "PER", "ADM0_A3_VN": "PER", "ADM0_A3_TR": "PER", "ADM0_A3_ID": "PER", "ADM0_A3_PL": "PER", "ADM0_A3_GR": "PER", "ADM0_A3_IT": "PER", "ADM0_A3_NL": "PER", "ADM0_A3_SE": "PER", "ADM0_A3_BD": "PER", "ADM0_A3_UA": "PER", "ADM0_A3_UN": -99, "ADM0_A3_WB": -99, "CONTINENT": "South America", "REGION_UN": "Americas", "SUBREGION": "South America", "REGION_WB": "Latin America & Caribbean", "NAME_LEN": 4, "LONG_LEN": 4, "ABBREV_LEN": 4, "TINY": -99, "HOMEPART": 1, "MIN_ZOOM": 0, "MIN_LABEL": 2, "MAX_LABEL": 7, "LABEL_X": -72.90016, "LABEL_Y": -12.976679, "NE_ID": 1159321163, "WIKIDATAID": "Q419", "NAME_AR": "\u0628\u064a\u0631\u0648", "NAME_BN": "\u09aa\u09c7\u09b0\u09c1", "NAME_DE": "Peru", "NAME_EN": "Peru", "NAME_ES": "Per\u00fa", "NAME_FA": "\u067e\u0631\u0648", "NAME_FR": "P\u00e9rou", "NAME_EL": "\u03a0\u03b5\u03c1\u03bf\u03cd", "NAME_HE": "\u05e4\u05e8\u05d5", "NAME_HI": "\u092a\u0947\u0930\u0942", "NAME_HU": "Peru", "NAME_ID": "Peru", "NAME_IT": "Per\u00f9", "NAME_JA": "\u30da\u30eb\u30fc", "NAME_KO": "\ud398\ub8e8", "NAME_NL": "Peru", "NAME_PL": "Peru", "NAME_PT": "Peru", "NAME_RU": "\u041f\u0435\u0440\u0443", "NAME_SV": "Peru", "NAME_TR": "Peru", "NAME_UK": "\u041f\u0435\u0440\u0443", "NAME_UR": "\u067e\u06cc\u0631\u0648", "NAME_VI": "Peru", "NAME_ZH": "\u79d8\u9c81", "NAME_ZHT": "\u79d8\u9b6f", "FCLASS_ISO": "Admin-0 country", "TLC_DIFF": null, "FCLASS_TLC": "Admin-0 country", "FCLASS_US": null, "FCLASS_FR": null, "FCLASS_RU": null, "FCLASS_ES": null, "FCLASS_CN": null, "FCLASS_TW": null, "FCLASS_IN": null, "FCLASS_NP": null, "FCLASS_PK": null, "FCLASS_DE": null, "FCLASS_GB": null, "FCLASS_BR": null, "FCLASS_IL": null, "FCLASS_PS": null, "FCLASS_SA": null, "FCLASS_EG": null, "FCLASS_MA": null, "FCLASS_PT": null, "FCLASS_AR": null, "FCLASS_JP": null, "FCLASS_KO": null, "FCLASS_VN": null, "FCLASS_TR": null, "FCLASS_ID": null, "FCLASS_PL": null, "FCLASS_GR": null, "FCLASS_IT": null, "FCLASS_NL": null, "FCLASS_SE": null, "FCLASS_BD": null, "FCLASS_UA": null}, "bbox": [-81.410943, -18.347975, -68.66508, -0.057205], "geometry": {"type": "Polygon", "coordinates": [[[-69.893635, -4.298187], [-73.724487, -6.918595], [-71.302412, -10.079436], [-68.948887, -14.453639], [-71.37525, -17.773799], [-78.092153, -10.377712], [-81.09967, -4.036394], [-78.639897, -4.547784], [-74.441601, -0.53082], [-70.047709, -2.725156], [-69.893635, -4.298187]]]}}, {"type": "Feature", "properties": {"featurecla": "Admin-0 country", "scalerank": 1, "LABELRANK": 2, "SOVEREIGNT": "Colombia", "SOV_A3": "COL", "ADM0_DIF": 0, "LEVEL": 2, "TYPE": "Sovereign country", "TLC": "1", "ADMIN": "Colombia", "ADM0_A3": "COL", "GEOU_DIF": 0, "GEOUNIT": "Colombia", "GU_A3": "COL", "SU_DIF": 0, "SUBUNIT": "Colombia", "SU_A3": "COL", "BRK_DIFF": 0, "NAME": "Colombia", "NAME_LONG": "Colombia", "BRK_A3": "COL", "BRK_NAME": "Colombia", "BRK_GROUP": null, "ABBREV": "Col.", "POSTAL": "CO", "FORMAL_EN": "Republic of Colombia", "FORMAL_FR": null, "NAME_CIAWF": "Colombia", "NOTE_ADM0": null, "NOTE_BRK": null, "NAME_SORT": "Colombia", "NAME_ALT": null, "MAPCOLOR7": 2, "MAPCOLOR8": 1, "MAPCOLOR9": 3, "MAPCOLOR13": 1, "POP_EST": 50339443, "POP_RANK": 16, "POP_YEAR": 2019, "GDP_MD": 323615, "GDP_YEAR": 2019, "ECONOMY": "6. Developing region", "INCOME_GRP": "3. Upper middle income", "FIPS_10": "CO", "ISO_A2": "CO", "ISO_A2_EH": "CO", "ISO_A3": "COL", "ISO_A3_EH": "COL", "ISO_N3": "170", "ISO_N3_EH": "170", "UN_A3": "170", "WB_A2": "CO", "WB_A3": "COL", "WOE_ID": 23424787, "WOE_ID_EH": 23424787, "WOE_NOTE": "Exact WOE match as country", "ADM0_ISO": "COL", "ADM0_DIFF": null, "ADM0_TLC": "COL", "ADM0_A3_US": "COL", "ADM0_A3_FR": "COL", "ADM0_A3_RU": "COL", "ADM0_A3_ES": "COL", "ADM0_A3_CN": "COL", "ADM0_A3_TW": "COL", "ADM0_A3_IN": "COL", "ADM0_A3_NP": "COL", "ADM0_A3_PK": "COL", "ADM0_A3_DE": "COL", "ADM0_A3_GB": "COL", "ADM0_A3_BR": "COL", "ADM0_A3_IL": "COL", "ADM0_A3_PS": "COL", "ADM0_A3_SA": "COL", "ADM0_A3_EG": "COL", "ADM0_A3_MA": "COL", "ADM0_A3_PT": "COL", "ADM0_A3_AR": "COL", "ADM0_A3_JP": "COL", "ADM0_A3_KO": "COL", "ADM0_A3_VN": "COL", "ADM0_A3_TR": "COL", "ADM0_A3_ID": "COL", "ADM0_A3_PL": "COL", "ADM0_A3_GR": "COL", "ADM0_A3_IT": "COL", "ADM0_A3_NL": "COL", "ADM0_A3_SE": "COL", "ADM0_A3_BD": "COL", "ADM0_A3_UA": "COL", "ADM0_A3_UN": -99, "ADM0_A3_WB": -99, "CONTINENT": "South America", "REGION_UN": "Americas", "SUBREGION": "South America", "REGION_WB": "Latin America & Caribbean", "NAME_LEN": 8, "LONG_LEN": 8, "ABBREV_LEN": 4, "TINY": -99, "HOMEPART": 1, "MIN_ZOOM": 0, "MIN_LABEL": 3, "MAX_LABEL": 7, "LABEL_X": -73.174347, "LABEL_Y": 3.373111, "NE_ID": 1159320517, "WIKIDATAID": "Q739", "NAME_AR": "\u0643\u0648\u0644\u0648\u0645\u0628\u064a\u0627", "NAME_BN": "\u0995\u09b2\u09ae\u09cd\u09ac\u09bf\u09af\u09bc\u09be", "NAME_DE": "Kolumbien", "NAME_EN": "Colombia", "NAME_ES": "Colombia", "NAME_FA": "\u06a9\u0644\u0645\u0628\u06cc\u0627", "NAME_FR": "Colombie", "NAME_EL": "\u039a\u03bf\u03bb\u03bf\u03bc\u03b2\u03af\u03b1", "NAME_HE": "\u05e7\u05d5\u05dc\u05d5\u05de\u05d1\u05d9\u05d4", "NAME_HI": "\u0915\u094b\u0932\u092e\u094d\u092c\u093f\u092f\u093e", "NAME_HU": "Kolumbia", "NAME_ID": "Kolombia", "NAME_IT": "Colombia", "NAME_JA": "\u30b3\u30ed\u30f3\u30d3\u30a2", "NAME_KO": "\ucf5c\ub86c\ube44\uc544", "NAME_NL": "Colombia", "NAME_PL": "Kolumbia", "NAME_PT": "Col\u00f4mbia", "NAME_RU": "\u041a\u043e\u043b\u0443\u043c\u0431\u0438\u044f", "NAME_SV": "Colombia", "NAME_TR": "Kolombiya", "NAME_UK": "\u041a\u043e\u043b\u0443\u043c\u0431\u0456\u044f", "NAME_UR": "\u06a9\u0648\u0644\u0645\u0628\u06cc\u0627", "NAME_VI": "Colombia", "NAME_ZH": "\u54e5\u4f26\u6bd4\u4e9a", "NAME_ZHT": "\u54e5\u502b\u6bd4\u4e9e", "FCLASS_ISO": "Admin-0 country", "TLC_DIFF": null, "FCLASS_TLC": "Admin-0 country", "FCLASS_US": null, "FCLASS_FR": null, "FCLASS_RU": null, "FCLASS_ES": null, "FCLASS_CN": null, "FCLASS_TW": null, "FCLASS_IN": null, "FCLASS_NP": null, "FCLASS_PK": null, "FCLASS_DE": null, "FCLASS_GB": null, "FCLASS_BR": null, "FCLASS_IL": null, "FCLASS_PS": null, "FCLASS_SA": null, "FCLASS_EG": null, "FCLASS_MA": null, "FCLASS_PT": null, "FCLASS_AR": null, "FCLASS_JP": null, "FCLASS_KO": null, "FCLASS_VN": null, "FCLASS_TR": null, "FCLASS_ID": null, "FCLASS_PL": null, "FCLASS_GR": null, "FCLASS_IT": null, "FCLASS_NL": null, "FCLASS_SE": null, "FCLASS_BD": null, "FCLASS_UA": null}, "bbox": [-78.990935, -4.298187, -66.876326, 12.437303], "geometry": {"type": "Polygon", "coordinates": [[[-66.876326, 1.253361], [-69.252434, 0.602651], [-70.394044, -3.766591], [-73.659504, -1.260491], [-77.424984, 0.395687], [-77.931543, 2.696606], [-77.881571, 7.223771], [-75.6746, 9.443248], [-72.238195, 11.95555], [-72.905286, 10.450344], [-72.444487, 7.423785], [-67.695087, 6.267318], [-67.809938, 2.820655], [-66.876326, 1.253361]]]}}, {"type": "Feature", "properties": {"featurecla": "Admin-0 country", "scalerank": 1, "LABELRANK": 4, "SOVEREIGNT": "Panama", "SOV_A3": "PAN", "ADM0_DIF": 0, "LEVEL": 2, "TYPE": "Sovereign country", "TLC": "1", "ADMIN": "Panama", "ADM0_A3": "PAN", "GEOU_DIF": 0, "GEOUNIT": "Panama", "GU_A3": "PAN", "SU_DIF": 0, "SUBUNIT": "Panama", "SU_A3": "PAN", "BRK_DIFF": 0, "NAME": "Panama", "NAME_LONG": "Panama", "BRK_A3": "PAN", "BRK_NAME": "Panama", "BRK_GROUP": null, "ABBREV": "Pan.", "POSTAL": "PA", "FORMAL_EN": "Republic of Panama", "FORMAL_FR": null, "NAME_CIAWF": "Panama", "NOTE_ADM0": null, "NOTE_BRK": null, "NAME_SORT": "Panama", "NAME_ALT": null, "MAPCOLOR7": 4, "MAPCOLOR8": 4, "MAPCOLOR9": 6, "MAPCOLOR13": 3, "POP_EST": 4246439, "POP_RANK": 12, "POP_YEAR": 2019, "GDP_MD": 66800, "GDP_YEAR": 2019, "ECONOMY": "6. Developing region", "INCOME_GRP": "3. Upper middle income", "FIPS_10": "PM", "ISO_A2": "PA", "ISO_A2_EH": "PA", "ISO_A3": "PAN", "ISO_A3_EH": "PAN", "ISO_N3": "591", "ISO_N3_EH": "591", "UN_A3": "591", "WB_A2": "PA", "WB_A3": "PAN", "WOE_ID": 23424924, "WOE_ID_EH": 23424924, "WOE_NOTE": "Exact WOE match as country", "ADM0_ISO": "PAN", "ADM0_DIFF": null, "ADM0_TLC": "PAN", "ADM0_A3_US": "PAN", "ADM0_A3_FR": "PAN", "ADM0_A3_RU": "PAN", "ADM0_A3_ES": "PAN", "ADM0_A3_CN": "PAN", "ADM0_A3_TW": "PAN", "ADM0_A3_IN": "PAN", "ADM0_A3_NP": "PAN", "ADM0_A3_PK": "PAN", "ADM0_A3_DE": "PAN", "ADM0_A3_GB": "PAN", "ADM0_A3_BR": "PAN", "ADM0_A3_IL": "PAN", "ADM0_A3_PS": "PAN", "ADM0_A3_SA": "PAN", "ADM0_A3_EG": "PAN", "ADM0_A3_MA": "PAN", "ADM0_A3_PT": "PAN", "ADM0_A3_AR": "PAN", "ADM0_A3_JP": "PAN", "ADM0_A3_KO": "PAN", "ADM0_A3_VN": "PAN", "ADM0_A3_TR": "PAN", "ADM0_A3_ID": "PAN", "ADM0_A3_PL": "PAN", "ADM0_A3_GR": "PAN", "ADM0_A3_IT": "PAN", "ADM0_A3_NL": "PAN", "ADM0_A3_SE": "PAN", "ADM0_A3_BD": "PAN", "ADM0_A3_UA": "PAN", "ADM0_A3_UN": -99, "ADM0_A3_WB": -99, "CONTINENT": "North America", "REGION_UN": "Americas", "SUBREGION": "Central America", "REGION_WB": "Latin America & Caribbean", "NAME_LEN": 6, "LONG_LEN": 6, "ABBREV_LEN": 4, "TINY": -99, "HOMEPART": 1, "MIN_ZOOM": 0, "MIN_LABEL": 4, "MAX_LABEL": 9, "LABEL_X": -80.352106, "LABEL_Y": 8.72198, "NE_ID": 1159321161, "WIKIDATAID": "Q804", "NAME_AR": "\u0628\u0646\u0645\u0627", "NAME_BN": "\u09aa\u09be\u09a8\u09be\u09ae\u09be", "NAME_DE": "Panama", "NAME_EN": "Panama", "NAME_ES": "Panam\u00e1", "NAME_FA": "\u067e\u0627\u0646\u0627\u0645\u0627", "NAME_FR": "Panama", "NAME_EL": "\u03a0\u03b1\u03bd\u03b1\u03bc\u03ac\u03c2", "NAME_HE": "\u05e4\u05e0\u05de\u05d4", "NAME_HI": "\u092a\u0928\u093e\u092e\u093e", "NAME_HU": "Panama", "NAME_ID": "Panama", "NAME_IT": "Panama", "NAME_JA": "\u30d1\u30ca\u30de", "NAME_KO": "\ud30c\ub098\ub9c8", "NAME_NL": "Panama", "NAME_PL": "Panama", "NAME_PT": "Panam\u00e1", "NAME_RU": "\u041f\u0430\u043d\u0430\u043c\u0430", "NAME_SV": "Panama", "NAME_TR": "Panama", "NAME_UK": "\u041f\u0430\u043d\u0430\u043c\u0430", "NAME_UR": "\u067e\u0627\u0646\u0627\u0645\u0627", "NAME_VI": "Panama", "NAME_ZH": "\u5df4\u62ff\u9a6c", "NAME_ZHT": "\u5df4\u62ff\u99ac", "FCLASS_ISO": "Admin-0 country", "TLC_DIFF": null, "FCLASS_TLC": "Admin-0 country", "FCLASS_US": null, "FCLASS_FR": null, "FCLASS_RU": null, "FCLASS_ES": null, "FCLASS_CN": null, "FCLASS_TW": null, "FCLASS_IN": null, "FCLASS_NP": null, "FCLASS_PK": null, "FCLASS_DE": null, "FCLASS_GB": null, "FCLASS_BR": null, "FCLASS_IL": null, "FCLASS_PS": null, "FCLASS_SA": null, "FCLASS_EG": null, "FCLASS_MA": null, "FCLASS_PT": null, "FCLASS_AR": null, "FCLASS_JP": null, "FCLASS_KO": null, "FCLASS_VN": null, "FCLASS_TR": null, "FCLASS_ID": null, "FCLASS_PL": null, "FCLASS_GR": null, "FCLASS_IT": null, "FCLASS_NL": null, "FCLASS_SE": null, "FCLASS_BD": null, "FCLASS_UA": null}, "bbox": [-82.965783, 7.220541, -77.242566, 9.61161], "geometry": {"type": "Polygon", "coordinates": [[[-77.353361, 8.670505], [-78.182096, 8.319182], [-80.480689, 8.090308], [-81.721311, 8.108963], [-82.868657, 8.807266], [-81.714154, 9.031955], [-78.500888, 9.420459], [-77.353361, 8.670505]]]}}, {"type": "Feature", "properties": {"featurecla": "Admin-0 country", "scalerank": 1, "LABELRANK": 5, "SOVEREIGNT": "Costa Rica", "SOV_A3": "CRI", "ADM0_DIF": 0, "LEVEL": 2, "TYPE": "Sovereign country", "TLC": "1", "ADMIN": "Costa Rica", "ADM0_A3": "CRI", "GEOU_DIF": 0, "GEOUNIT": "Costa Rica", "GU_A3": "CRI", "SU_DIF": 0, "SUBUNIT": "Costa Rica", "SU_A3": "CRI", "BRK_DIFF": 0, "NAME": "Costa Rica", "NAME_LONG": "Costa Rica", "BRK_A3": "CRI", "BRK_NAME": "Costa Rica", "BRK_GROUP": null, "ABBREV": "C.R.", "POSTAL": "CR", "FORMAL_EN": "Republic of Costa Rica", "FORMAL_FR": null, "NAME_CIAWF": "Costa Rica", "NOTE_ADM0": null, "NOTE_BRK": null, "NAME_SORT": "Costa Rica", "NAME_ALT": null, "MAPCOLOR7": 3, "MAPCOLOR8": 2, "MAPCOLOR9": 4, "MAPCOLOR13": 2, "POP_EST": 5047561, "POP_RANK": 13, "POP_YEAR": 2019, "GDP_MD": 61801, "GDP_YEAR": 2019, "ECONOMY": "5. Emerging region: G20", "INCOME_GRP": "3. Upper middle income", "FIPS_10": "CS", "ISO_A2": "CR", "ISO_A2_EH": "CR", "ISO_A3": "CRI", "ISO_A3_EH": "CRI", "ISO_N3": "188", "ISO_N3_EH": "188", "UN_A3": "188", "WB_A2": "CR", "WB_A3": "CRI", "WOE_ID": 23424791, "WOE_ID_EH": 23424791, "WOE_NOTE": "Exact WOE match as country", "ADM0_ISO": "CRI", "ADM0_DIFF": null, "ADM0_TLC": "CRI", "ADM0_A3_US": "CRI", "ADM0_A3_FR": "CRI", "ADM0_A3_RU": "CRI", "ADM0_A3_ES": "CRI", "ADM0_A3_CN": "CRI", "ADM0_A3_TW": "CRI", "ADM0_A3_IN": "CRI", "ADM0_A3_NP": "CRI", "ADM0_A3_PK": "CRI", "ADM0_A3_DE": "CRI", "ADM0_A3_GB": "CRI", "ADM0_A3_BR": "CRI", "ADM0_A3_IL": "CRI", "ADM0_A3_PS": "CRI", "ADM0_A3_SA": "CRI", "ADM0_A3_EG": "CRI", "ADM0_A3_MA": "CRI", "ADM0_A3_PT": "CRI", "ADM0_A3_AR": "CRI", "ADM0_A3_JP": "CRI", "ADM0_A3_KO": "CRI", "ADM0_A3_VN": "CRI", "ADM0_A3_TR": "CRI", "ADM0_A3_ID": "CRI", "ADM0_A3_PL": "CRI", "ADM0_A3_GR": "CRI", "ADM0_A3_IT": "CRI", "ADM0_A3_NL": "CRI", "ADM0_A3_SE": "CRI", "ADM0_A3_BD": "CRI", "ADM0_A3_UA": "CRI", "ADM0_A3_UN": -99, "ADM0_A3_WB": -99, "CONTINENT": "North America", "REGION_UN": "Americas", "SUBREGION": "Central America", "REGION_WB": "Latin America & Caribbean", "NAME_LEN": 10, "LONG_LEN": 10, "ABBREV_LEN": 4, "TINY": -99, "HOMEPART": 1, "MIN_ZOOM": 0, "MIN_LABEL": 2.5, "MAX_LABEL": 8, "LABEL_X": -84.077922, "LABEL_Y": 10.0651, "NE_ID": 1159320525, "WIKIDATAID": "Q800", "NAME_AR": "\u0643\u0648\u0633\u062a\u0627\u0631\u064a\u0643\u0627", "NAME_BN": "\u0995\u09cb\u09b8\u09cd\u099f\u09be \u09b0\u09bf\u0995\u09be", "NAME_DE": "Costa Rica", "NAME_EN": "Costa Rica", "NAME_ES": "Costa Rica", "NAME_FA": "\u06a9\u0627\u0633\u062a\u0627\u0631\u06cc\u06a9\u0627", "NAME_FR": "Costa Rica", "NAME_EL": "\u039a\u03cc\u03c3\u03c4\u03b1 \u03a1\u03af\u03ba\u03b1", "NAME_HE": "\u05e7\u05d5\u05e1\u05d8\u05d4 \u05e8\u05d9\u05e7\u05d4", "NAME_HI": "\u0915\u094b\u0938\u094d\u091f\u093e \u0930\u0940\u0915\u093e", "NAME_HU": "Costa Rica", "NAME_ID": "Kosta Rika", "NAME_IT": "Costa Rica", "NAME_JA": "\u30b3\u30b9\u30bf\u30ea\u30ab", "NAME_KO": "\ucf54\uc2a4\ud0c0\ub9ac\uce74", "NAME_NL": "Costa Rica", "NAME_PL": "Kostaryka", "NAME_PT": "Costa Rica", "NAME_RU": "\u041a\u043e\u0441\u0442\u0430-\u0420\u0438\u043a\u0430", "NAME_SV": "Costa Rica", "NAME_TR": "Kosta Rika", "NAME_UK": "\u041a\u043e\u0441\u0442\u0430-\u0420\u0438\u043a\u0430", "NAME_UR": "\u06a9\u0648\u0633\u0679\u0627\u0631\u06cc\u06a9\u0627", "NAME_VI": "Costa Rica", "NAME_ZH": "\u54e5\u65af\u8fbe\u9ece\u52a0", "NAME_ZHT": "\u54e5\u65af\u5927\u9ece\u52a0", "FCLASS_ISO": "Admin-0 country", "TLC_DIFF": null, "FCLASS_TLC": "Admin-0 country", "FCLASS_US": null, "FCLASS_FR": null, "FCLASS_RU": null, "FCLASS_ES": null, "FCLASS_CN": null, "FCLASS_TW": null, "FCLASS_IN": null, "FCLASS_NP": null, "FCLASS_PK": null, "FCLASS_DE": null, "FCLASS_GB": null, "FCLASS_BR": null, "FCLASS_IL": null, "FCLASS_PS": null, "FCLASS_SA": null, "FCLASS_EG": null, "FCLASS_MA": null, "FCLASS_PT": null, "FCLASS_AR": null, "FCLASS_JP": null, "FCLASS_KO": null, "FCLASS_VN": null, "FCLASS_TR": null, "FCLASS_ID": null, "FCLASS_PL": null, "FCLASS_GR": null, "FCLASS_IT": null, "FCLASS_NL": null, "FCLASS_SE": null, "FCLASS_BD": null, "FCLASS_UA": null}, "bbox": [-85.941725, 8.225028, -82.546196, 11.217119], "geometry": {"type": "Polygon", "coordinates": [[[-82.546196, 9.566135], [-83.508437, 8.446927], [-84.97566, 10.086723], [-85.941725, 10.895278], [-83.655612, 10.938764], [-82.546196, 9.566135]]]}}, {"type": "Feature", "properties": {"featurecla": "Admin-0 country", "scalerank": 1, "LABELRANK": 5, "SOVEREIGNT": "Nicaragua", "SOV_A3": "NIC", "ADM0_DIF": 0, "LEVEL": 2, "TYPE": "Sovereign country", "TLC": "1", "ADMIN": "Nicaragua", "ADM0_A3": "NIC", "GEOU_DIF": 0, "GEOUNIT": "Nicaragua", "GU_A3": "NIC", "SU_DIF": 0, "SUBUNIT": "Nicaragua", "SU_A3": "NIC", "BRK_DIFF": 0, "NAME": "Nicaragua", "NAME_LONG": "Nicaragua", "BRK_A3": "NIC", "BRK_NAME": "Nicaragua", "BRK_GROUP": null, "ABBREV": "Nic.", "POSTAL": "NI", "FORMAL_EN": "Republic of Nicaragua", "FORMAL_FR": null, "NAME_CIAWF": "Nicaragua", "NOTE_ADM0": null, "NOTE_BRK": null, "NAME_SORT": "Nicaragua", "NAME_ALT": null, "MAPCOLOR7": 1, "MAPCOLOR8": 4, "MAPCOLOR9": 1, "MAPCOLOR13": 9, "POP_EST": 6545502, "POP_RANK": 13, "POP_YEAR": 2019, "GDP_MD": 12520, "GDP_YEAR": 2019, "ECONOMY": "6. Developing region", "INCOME_GRP": "4. Lower middle income", "FIPS_10": "NU", "ISO_A2": "NI", "ISO_A2_EH": "NI", "ISO_A3": "NIC", "ISO_A3_EH": "NIC", "ISO_N3": "558", "ISO_N3_EH": "558", "UN_A3": "558", "WB_A2": "NI", "WB_A3": "NIC", "WOE_ID": 23424915, "WOE_ID_EH": 23424915, "WOE_NOTE": "Exact WOE match as country", "ADM0_ISO": "NIC", "ADM0_DIFF": null, "ADM0_TLC": "NIC", "ADM0_A3_US": "NIC", "ADM0_A3_FR": "NIC", "ADM0_A3_RU": "NIC", "ADM0_A3_ES": "NIC", "ADM0_A3_CN": "NIC", "ADM0_A3_TW": "NIC", "ADM0_A3_IN": "NIC", "ADM0_A3_NP": "NIC", "ADM0_A3_PK": "NIC", "ADM0_A3_DE": "NIC", "ADM0_A3_GB": "NIC", "ADM0_A3_BR": "NIC", "ADM0_A3_IL": "NIC", "ADM0_A3_PS": "NIC", "ADM0_A3_SA": "NIC", "ADM0_A3_EG": "NIC", "ADM0_A3_MA": "NIC", "ADM0_A3_PT": "NIC", "ADM0_A3_AR": "NIC", "ADM0_A3_JP": "NIC", "ADM0_A3_KO": "NIC", "ADM0_A3_VN": "NIC", "ADM0_A3_TR": "NIC", "ADM0_A3_ID": "NIC", "ADM0_A3_PL": "NIC", "ADM0_A3_GR": "NIC", "ADM0_A3_IT": "NIC", "ADM0_A3_NL": "NIC", "ADM0_A3_SE": "NIC", "ADM0_A3_BD": "NIC", "ADM0_A3_UA": "NIC", "ADM0_A3_UN": -99, "ADM0_A3_WB": -99, "CONTINENT": "North America", "REGION_UN": "Americas", "SUBREGION": "Central America", "REGION_WB": "Latin America & Caribbean", "NAME_LEN": 9, "LONG_LEN": 9, "ABBREV_LEN": 4, "TINY": -99, "HOMEPART": 1, "MIN_ZOOM": 0, "MIN_LABEL": 4, "MAX_LABEL": 9, "LABEL_X": -85.069347, "LABEL_Y": 12.670697, "NE_ID": 1159321091, "WIKIDATAID": "Q811", "NAME_AR": "\u0646\u064a\u0643\u0627\u0631\u0627\u063a\u0648\u0627", "NAME_BN": "\u09a8\u09bf\u0995\u09be\u09b0\u09be\u0997\u09c1\u09af\u09bc\u09be", "NAME_DE": "Nicaragua", "NAME_EN": "Nicaragua", "NAME_ES": "Nicaragua", "NAME_FA": "\u0646\u06cc\u06a9\u0627\u0631\u0627\u06af\u0648\u0626\u0647", "NAME_FR": "Nicaragua", "NAME_EL": "\u039d\u03b9\u03ba\u03b1\u03c1\u03ac\u03b3\u03bf\u03c5\u03b1", "NAME_HE": "\u05e0\u05d9\u05e7\u05e8\u05d2\u05d5\u05d0\u05d4", "NAME_HI": "\u0928\u093f\u0915\u093e\u0930\u093e\u0917\u0941\u0906", "NAME_HU": "Nicaragua", "NAME_ID": "Nikaragua", "NAME_IT": "Nicaragua", "NAME_JA": "\u30cb\u30ab\u30e9\u30b0\u30a2", "NAME_KO": "\ub2c8\uce74\ub77c\uacfc", "NAME_NL": "Nicaragua", "NAME_PL": "Nikaragua", "NAME_PT": "Nicar\u00e1gua", "NAME_RU": "\u041d\u0438\u043a\u0430\u0440\u0430\u0433\u0443\u0430", "NAME_SV": "Nicaragua", "NAME_TR": "Nikaragua", "NAME_UK": "\u041d\u0456\u043a\u0430\u0440\u0430\u0433\u0443\u0430", "NAME_UR": "\u0646\u06a9\u0627\u0631\u0627\u06af\u0648\u0627", "NAME_VI": "Nicaragua", "NAME_ZH": "\u5c3c\u52a0\u62c9\u74dc", "NAME_ZHT": "\u5c3c\u52a0\u62c9\u74dc", "FCLASS_ISO": "Admin-0 country", "TLC_DIFF": null, "FCLASS_TLC": "Admin-0 country", "FCLASS_US": null, "FCLASS_FR": null, "FCLASS_RU": null, "FCLASS_ES": null, "FCLASS_CN": null, "FCLASS_TW": null, "FCLASS_IN": null, "FCLASS_NP": null, "FCLASS_PK": null, "FCLASS_DE": null, "FCLASS_GB": null, "FCLASS_BR": null, "FCLASS_IL": null, "FCLASS_PS": null, "FCLASS_SA": null, "FCLASS_EG": null, "FCLASS_MA": null, "FCLASS_PT": null, "FCLASS_AR": null, "FCLASS_JP": null, "FCLASS_KO": null, "FCLASS_VN": null, "FCLASS_TR": null, "FCLASS_ID": null, "FCLASS_PL": null, "FCLASS_GR": null, "FCLASS_IT": null, "FCLASS_NL": null, "FCLASS_SE": null, "FCLASS_BD": null, "FCLASS_UA": null}, "bbox": [-87.668493, 10.726839, -83.147219, 15.016267], "geometry": {"type": "Polygon", "coordinates": [[[-83.655612, 10.938764], [-86.058488, 11.403439], [-87.005769, 13.025794], [-85.698665, 13.960078], [-84.449336, 14.621614], [-83.182126, 14.310703], [-83.650858, 11.629032], [-83.655612, 10.938764]]]}}, {"type": "Feature", "properties": {"featurecla": "Admin-0 country", "scalerank": 1, "LABELRANK": 5, "SOVEREIGNT": "Honduras", "SOV_A3": "HND", "ADM0_DIF": 0, "LEVEL": 2, "TYPE": "Sovereign country", "TLC": "1", "ADMIN": "Honduras", "ADM0_A3": "HND", "GEOU_DIF": 0, "GEOUNIT": "Honduras", "GU_A3": "HND", "SU_DIF": 0, "SUBUNIT": "Honduras", "SU_A3": "HND", "BRK_DIFF": 0, "NAME": "Honduras", "NAME_LONG": "Honduras", "BRK_A3": "HND", "BRK_NAME": "Honduras", "BRK_GROUP": null, "ABBREV": "Hond.", "POSTAL": "HN", "FORMAL_EN": "Republic of Honduras", "FORMAL_FR": null, "NAME_CIAWF": "Honduras", "NOTE_ADM0": null, "NOTE_BRK": null, "NAME_SORT": "Honduras", "NAME_ALT": null, "MAPCOLOR7": 2, "MAPCOLOR8": 5, "MAPCOLOR9": 2, "MAPCOLOR13": 5, "POP_EST": 9746117, "POP_RANK": 13, "POP_YEAR": 2019, "GDP_MD": 25095, "GDP_YEAR": 2019, "ECONOMY": "6. Developing region", "INCOME_GRP": "4. Lower middle income", "FIPS_10": "HO", "ISO_A2": "HN", "ISO_A2_EH": "HN", "ISO_A3": "HND", "ISO_A3_EH": "HND", "ISO_N3": "340", "ISO_N3_EH": "340", "UN_A3": "340", "WB_A2": "HN", "WB_A3": "HND", "WOE_ID": 23424841, "WOE_ID_EH": 23424841, "WOE_NOTE": "Exact WOE match as country", "ADM0_ISO": "HND", "ADM0_DIFF": null, "ADM0_TLC": "HND", "ADM0_A3_US": "HND", "ADM0_A3_FR": "HND", "ADM0_A3_RU": "HND", "ADM0_A3_ES": "HND", "ADM0_A3_CN": "HND", "ADM0_A3_TW": "HND", "ADM0_A3_IN": "HND", "ADM0_A3_NP": "HND", "ADM0_A3_PK": "HND", "ADM0_A3_DE": "HND", "ADM0_A3_GB": "HND", "ADM0_A3_BR": "HND", "ADM0_A3_IL": "HND", "ADM0_A3_PS": "HND", "ADM0_A3_SA": "HND", "ADM0_A3_EG": "HND", "ADM0_A3_MA": "HND", "ADM0_A3_PT": "HND", "ADM0_A3_AR": "HND", "ADM0_A3_JP": "HND", "ADM0_A3_KO": "HND", "ADM0_A3_VN": "HND", "ADM0_A3_TR": "HND", "ADM0_A3_ID": "HND", "ADM0_A3_PL": "HND", "ADM0_A3_GR": "HND", "ADM0_A3_IT": "HND", "ADM0_A3_NL": "HND", "ADM0_A3_SE": "HND", "ADM0_A3_BD": "HND", "ADM0_A3_UA": "HND", "ADM0_A3_UN": -99, "ADM0_A3_WB": -99, "CONTINENT": "North America", "REGION_UN": "Americas", "SUBREGION": "Central America", "REGION_WB": "Latin America & Caribbean", "NAME_LEN": 8, "LONG_LEN": 8, "ABBREV_LEN": 5, "TINY": -99, "HOMEPART": 1, "MIN_ZOOM": 0, "MIN_LABEL": 4.5, "MAX_LABEL": 9.5, "LABEL_X": -86.887604, "LABEL_Y": 14.794801, "NE_ID": 1159320827, "WIKIDATAID": "Q783", "NAME_AR": "\u0647\u0646\u062f\u0648\u0631\u0627\u0633", "NAME_BN": "\u09b9\u09a8\u09cd\u09a1\u09c1\u09b0\u09be\u09b8", "NAME_DE": "Honduras", "NAME_EN": "Honduras", "NAME_ES": "Honduras", "NAME_FA": "\u0647\u0646\u062f\u0648\u0631\u0627\u0633", "NAME_FR": "Honduras", "NAME_EL": "\u039f\u03bd\u03b4\u03bf\u03cd\u03c1\u03b1", "NAME_HE": "\u05d4\u05d5\u05e0\u05d3\u05d5\u05e8\u05e1", "NAME_HI": "\u0939\u094c\u0923\u094d\u0921\u0941\u0930\u0938", "NAME_HU": "Honduras", "NAME_ID": "Honduras", "NAME_IT": "Honduras", "NAME_JA": "\u30db\u30f3\u30b8\u30e5\u30e9\u30b9", "NAME_KO": "\uc628\ub450\ub77c\uc2a4", "NAME_NL": "Honduras", "NAME_PL": "Honduras", "NAME_PT": "Honduras", "NAME_RU": "\u0413\u043e\u043d\u0434\u0443\u0440\u0430\u0441", "NAME_SV": "Honduras", "NAME_TR": "Honduras", "NAME_UK": "\u0413\u043e\u043d\u0434\u0443\u0440\u0430\u0441", "NAME_UR": "\u06c1\u0648\u0646\u0688\u0648\u0631\u0627\u0633", "NAME_VI": "Honduras", "NAME_ZH": "\u6d2a\u90fd\u62c9\u65af", "NAME_ZHT": "\u5b8f\u90fd\u62c9\u65af", "FCLASS_ISO": "Admin-0 country", "TLC_DIFF": null, "FCLASS_TLC": "Admin-0 country", "FCLASS_US": null, "FCLASS_FR": null, "FCLASS_RU": null, "FCLASS_ES": null, "FCLASS_CN": null, "FCLASS_TW": null, "FCLASS_IN": null, "FCLASS_NP": null, "FCLASS_PK": null, "FCLASS_DE": null, "FCLASS_GB": null, "FCLASS_BR": null, "FCLASS_IL": null, "FCLASS_PS": null, "FCLASS_SA": null, "FCLASS_EG": null, "FCLASS_MA": null, "FCLASS_PT": null, "FCLASS_AR": null, "FCLASS_JP": null, "FCLASS_KO": null, "FCLASS_VN": null, "FCLASS_TR": null, "FCLASS_ID": null, "FCLASS_PL": null, "FCLASS_GR": null, "FCLASS_IT": null, "FCLASS_NL": null, "FCLASS_SE": null, "FCLASS_BD": null, "FCLASS_UA": null}, "bbox": [-89.353326, 12.984686, -83.147219, 16.005406], "geometry": {"type": "Polygon", "coordinates": [[[-83.147219, 14.995829], [-84.924501, 14.790493], [-86.312142, 13.771356], [-87.793111, 13.38448], [-89.353326, 14.424133], [-87.61568, 15.878799], [-85.444004, 15.885749], [-83.147219, 14.995829]]]}}, {"type": "Feature", "properties": {"featurecla": "Admin-0 country", "scalerank": 1, "LABELRANK": 6, "SOVEREIGNT": "El Salvador", "SOV_A3": "SLV", "ADM0_DIF": 0, "LEVEL": 2, "TYPE": "Sovereign country", "TLC": "1", "ADMIN": "El Salvador", "ADM0_A3": "SLV", "GEOU_DIF": 0, "GEOUNIT": "El Salvador", "GU_A3": "SLV", "SU_DIF": 0, "SUBUNIT": "El Salvador", "SU_A3": "SLV", "BRK_DIFF": 0, "NAME": "El Salvador", "NAME_LONG": "El Salvador", "BRK_A3": "SLV", "BRK_NAME": "El Salvador", "BRK_GROUP": null, "ABBREV": "El. S.", "POSTAL": "SV", "FORMAL_EN": "Republic of El Salvador", "FORMAL_FR": null, "NAME_CIAWF": "El Salvador", "NOTE_ADM0": null, "NOTE_BRK": null, "NAME_SORT": "El Salvador", "NAME_ALT": null, "MAPCOLOR7": 1, "MAPCOLOR8": 4, "MAPCOLOR9": 6, "MAPCOLOR13": 8, "POP_EST": 6453553, "POP_RANK": 13, "POP_YEAR": 2019, "GDP_MD": 27022, "GDP_YEAR": 2019, "ECONOMY": "6. Developing region", "INCOME_GRP": "4. Lower middle income", "FIPS_10": "ES", "ISO_A2": "SV", "ISO_A2_EH": "SV", "ISO_A3": "SLV", "ISO_A3_EH": "SLV", "ISO_N3": "222", "ISO_N3_EH": "222", "UN_A3": "222", "WB_A2": "SV", "WB_A3": "SLV", "WOE_ID": 23424807, "WOE_ID_EH": 23424807, "WOE_NOTE": "Exact WOE match as country", "ADM0_ISO": "SLV", "ADM0_DIFF": null, "ADM0_TLC": "SLV", "ADM0_A3_US": "SLV", "ADM0_A3_FR": "SLV", "ADM0_A3_RU": "SLV", "ADM0_A3_ES": "SLV", "ADM0_A3_CN": "SLV", "ADM0_A3_TW": "SLV", "ADM0_A3_IN": "SLV", "ADM0_A3_NP": "SLV", "ADM0_A3_PK": "SLV", "ADM0_A3_DE": "SLV", "ADM0_A3_GB": "SLV", "ADM0_A3_BR": "SLV", "ADM0_A3_IL": "SLV", "ADM0_A3_PS": "SLV", "ADM0_A3_SA": "SLV", "ADM0_A3_EG": "SLV", "ADM0_A3_MA": "SLV", "ADM0_A3_PT": "SLV", "ADM0_A3_AR": "SLV", "ADM0_A3_JP": "SLV", "ADM0_A3_KO": "SLV", "ADM0_A3_VN": "SLV", "ADM0_A3_TR": "SLV", "ADM0_A3_ID": "SLV", "ADM0_A3_PL": "SLV", "ADM0_A3_GR": "SLV", "ADM0_A3_IT": "SLV", "ADM0_A3_NL": "SLV", "ADM0_A3_SE": "SLV", "ADM0_A3_BD": "SLV", "ADM0_A3_UA": "SLV", "ADM0_A3_UN": -99, "ADM0_A3_WB": -99, "CONTINENT": "North America", "REGION_UN": "Americas", "SUBREGION": "Central America", "REGION_WB": "Latin America & Caribbean", "NAME_LEN": 11, "LONG_LEN": 11, "ABBREV_LEN": 6, "TINY": -99, "HOMEPART": 1, "MIN_ZOOM": 0, "MIN_LABEL": 5, "MAX_LABEL": 10, "LABEL_X": -88.890124, "LABEL_Y": 13.685371, "NE_ID": 1159321253, "WIKIDATAID": "Q792", "NAME_AR": "\u0627\u0644\u0633\u0644\u0641\u0627\u062f\u0648\u0631", "NAME_BN": "\u098f\u09b2 \u09b8\u09be\u09b2\u09ad\u09be\u09a6\u09cb\u09b0", "NAME_DE": "El Salvador", "NAME_EN": "El Salvador", "NAME_ES": "El Salvador", "NAME_FA": "\u0627\u0644\u0633\u0627\u0644\u0648\u0627\u062f\u0648\u0631", "NAME_FR": "Salvador", "NAME_EL": "\u0395\u03bb \u03a3\u03b1\u03bb\u03b2\u03b1\u03b4\u03cc\u03c1", "NAME_HE": "\u05d0\u05dc \u05e1\u05dc\u05d5\u05d5\u05d3\u05d5\u05e8", "NAME_HI": "\u0905\u0932 \u0938\u093e\u0932\u094d\u0935\u093e\u0921\u094b\u0930", "NAME_HU": "Salvador", "NAME_ID": "El Salvador", "NAME_IT": "El Salvador", "NAME_JA": "\u30a8\u30eb\u30b5\u30eb\u30d0\u30c9\u30eb", "NAME_KO": "\uc5d8\uc0b4\ubc14\ub3c4\ub974", "NAME_NL": "El Salvador", "NAME_PL": "Salwador", "NAME_PT": "El Salvador", "NAME_RU": "\u0421\u0430\u043b\u044c\u0432\u0430\u0434\u043e\u0440", "NAME_SV": "El Salvador", "NAME_TR": "El Salvador", "NAME_UK": "\u0421\u0430\u043b\u044c\u0432\u0430\u0434\u043e\u0440", "NAME_UR": "\u0627\u06cc\u0644 \u0633\u06cc\u0644\u0648\u0627\u0688\u0648\u0631", "NAME_VI": "El Salvador", "NAME_ZH": "\u8428\u5c14\u74e6\u591a", "NAME_ZHT": "\u85a9\u723e\u74e6\u591a", "FCLASS_ISO": "Admin-0 country", "TLC_DIFF": null, "FCLASS_TLC": "Admin-0 country", "FCLASS_US": null, "FCLASS_FR": null, "FCLASS_RU": null, "FCLASS_ES": null, "FCLASS_CN": null, "FCLASS_TW": null, "FCLASS_IN": null, "FCLASS_NP": null, "FCLASS_PK": null, "FCLASS_DE": null, "FCLASS_GB": null, "FCLASS_BR": null, "FCLASS_IL": null, "FCLASS_PS": null, "FCLASS_SA": null, "FCLASS_EG": null, "FCLASS_MA": null, "FCLASS_PT": null, "FCLASS_AR": null, "FCLASS_JP": null, "FCLASS_KO": null, "FCLASS_VN": null, "FCLASS_TR": null, "FCLASS_ID": null, "FCLASS_PL": null, "FCLASS_GR": null, "FCLASS_IT": null, "FCLASS_NL": null, "FCLASS_SE": null, "FCLASS_BD": null, "FCLASS_UA": null}, "bbox": [-90.095555, 13.149017, -87.723503, 14.424133], "geometry": {"type": "Polygon", "coordinates": [[[-89.353326, 14.424133], [-87.793111, 13.38448], [-89.721934, 14.134228], [-89.353326, 14.424133]]]}}, {"type": "Feature", "properties": {"featurecla": "Admin-0 country", "scalerank": 1, "LABELRANK": 3, "SOVEREIGNT": "Guatemala", "SOV_A3": "GTM", "ADM0_DIF": 0, "LEVEL": 2, "TYPE": "Sovereign country", "TLC": "1", "ADMIN": "Guatemala", "ADM0_A3": "GTM", "GEOU_DIF": 0, "GEOUNIT": "Guatemala", "GU_A3": "GTM", "SU_DIF": 0, "SUBUNIT": "Guatemala", "SU_A3": "GTM", "BRK_DIFF": 0, "NAME": "Guatemala", "NAME_LONG": "Guatemala", "BRK_A3": "GTM", "BRK_NAME": "Guatemala", "BRK_GROUP": null, "ABBREV": "Guat.", "POSTAL": "GT", "FORMAL_EN": "Republic of Guatemala", "FORMAL_FR": null, "NAME_CIAWF": "Guatemala", "NOTE_ADM0": null, "NOTE_BRK": null, "NAME_SORT": "Guatemala", "NAME_ALT": null, "MAPCOLOR7": 3, "MAPCOLOR8": 3, "MAPCOLOR9": 3, "MAPCOLOR13": 6, "POP_EST": 16604026, "POP_RANK": 14, "POP_YEAR": 2019, "GDP_MD": 76710, "GDP_YEAR": 2019, "ECONOMY": "6. Developing region", "INCOME_GRP": "4. Lower middle income", "FIPS_10": "GT", "ISO_A2": "GT", "ISO_A2_EH": "GT", "ISO_A3": "GTM", "ISO_A3_EH": "GTM", "ISO_N3": "320", "ISO_N3_EH": "320", "UN_A3": "320", "WB_A2": "GT", "WB_A3": "GTM", "WOE_ID": 23424834, "WOE_ID_EH": 23424834, "WOE_NOTE": "Exact WOE match as country", "ADM0_ISO": "GTM", "ADM0_DIFF": null, "ADM0_TLC": "GTM", "ADM0_A3_US": "GTM", "ADM0_A3_FR": "GTM", "ADM0_A3_RU": "GTM", "ADM0_A3_ES": "GTM", "ADM0_A3_CN": "GTM", "ADM0_A3_TW": "GTM", "ADM0_A3_IN": "GTM", "ADM0_A3_NP": "GTM", "ADM0_A3_PK": "GTM", "ADM0_A3_DE": "GTM", "ADM0_A3_GB": "GTM", "ADM0_A3_BR": "GTM", "ADM0_A3_IL": "GTM", "ADM0_A3_PS": "GTM", "ADM0_A3_SA": "GTM", "ADM0_A3_EG": "GTM", "ADM0_A3_MA": "GTM", "ADM0_A3_PT": "GTM", "ADM0_A3_AR": "GTM", "ADM0_A3_JP": "GTM", "ADM0_A3_KO": "GTM", "ADM0_A3_VN": "GTM", "ADM0_A3_TR": "GTM", "ADM0_A3_ID": "GTM", "ADM0_A3_PL": "GTM", "ADM0_A3_GR": "GTM", "ADM0_A3_IT": "GTM", "ADM0_A3_NL": "GTM", "ADM0_A3_SE": "GTM", "ADM0_A3_BD": "GTM", "ADM0_A3_UA": "GTM", "ADM0_A3_UN": -99, "ADM0_A3_WB": -99, "CONTINENT": "North America", "REGION_UN": "Americas", "SUBREGION": "Central America", "REGION_WB": "Latin America & Caribbean", "NAME_LEN": 9, "LONG_LEN": 9, "ABBREV_LEN": 5, "TINY": 4, "HOMEPART": 1, "MIN_ZOOM": 0, "MIN_LABEL": 3, "MAX_LABEL": 8, "LABEL_X": -90.497134, "LABEL_Y": 14.982133, "NE_ID": 1159320815, "WIKIDATAID": "Q774", "NAME_AR": "\u063a\u0648\u0627\u062a\u064a\u0645\u0627\u0644\u0627", "NAME_BN": "\u0997\u09c1\u09af\u09bc\u09be\u09a4\u09c7\u09ae\u09be\u09b2\u09be", "NAME_DE": "Guatemala", "NAME_EN": "Guatemala", "NAME_ES": "Guatemala", "NAME_FA": "\u06af\u0648\u0627\u062a\u0645\u0627\u0644\u0627", "NAME_FR": "Guatemala", "NAME_EL": "\u0393\u03bf\u03c5\u03b1\u03c4\u03b5\u03bc\u03ac\u03bb\u03b1", "NAME_HE": "\u05d2\u05d5\u05d0\u05d8\u05de\u05dc\u05d4", "NAME_HI": "\u0917\u094d\u0935\u093e\u091f\u0947\u092e\u093e\u0932\u093e", "NAME_HU": "Guatemala", "NAME_ID": "Guatemala", "NAME_IT": "Guatemala", "NAME_JA": "\u30b0\u30a2\u30c6\u30de\u30e9", "NAME_KO": "\uacfc\ud14c\ub9d0\ub77c", "NAME_NL": "Guatemala", "NAME_PL": "Gwatemala", "NAME_PT": "Guatemala", "NAME_RU": "\u0413\u0432\u0430\u0442\u0435\u043c\u0430\u043b\u0430", "NAME_SV": "Guatemala", "NAME_TR": "Guatemala", "NAME_UK": "\u0413\u0432\u0430\u0442\u0435\u043c\u0430\u043b\u0430", "NAME_UR": "\u06af\u0648\u0627\u062a\u06cc\u0645\u0627\u0644\u0627", "NAME_VI": "Guatemala", "NAME_ZH": "\u5371\u5730\u9a6c\u62c9", "NAME_ZHT": "\u74dc\u5730\u99ac\u62c9", "FCLASS_ISO": "Admin-0 country", "TLC_DIFF": null, "FCLASS_TLC": "Admin-0 country", "FCLASS_US": null, "FCLASS_FR": null, "FCLASS_RU": null, "FCLASS_ES": null, "FCLASS_CN": null, "FCLASS_TW": null, "FCLASS_IN": null, "FCLASS_NP": null, "FCLASS_PK": null, "FCLASS_DE": null, "FCLASS_GB": null, "FCLASS_BR": null, "FCLASS_IL": null, "FCLASS_PS": null, "FCLASS_SA": null, "FCLASS_EG": null, "FCLASS_MA": null, "FCLASS_PT": null, "FCLASS_AR": null, "FCLASS_JP": null, "FCLASS_KO": null, "FCLASS_VN": null, "FCLASS_TR": null, "FCLASS_ID": null, "FCLASS_PL": null, "FCLASS_GR": null, "FCLASS_IT": null, "FCLASS_NL": null, "FCLASS_SE": null, "FCLASS_BD": null, "FCLASS_UA": null}, "bbox": [-92.229249, 13.735338, -88.225023, 17.819326], "geometry": {"type": "Polygon", "coordinates": [[[-92.22775, 14.538829], [-90.711822, 16.687483], [-89.229122, 15.886938], [-89.145535, 14.678019], [-91.23241, 13.927832], [-92.22775, 14.538829]]]}}, {"type": "Feature", "properties": {"featurecla": "Admin-0 country", "scalerank": 1, "LABELRANK": 6, "SOVEREIGNT": "Belize", "SOV_A3": "BLZ", "ADM0_DIF": 0, "LEVEL": 2, "TYPE": "Sovereign country", "TLC": "1", "ADMIN": "Belize", "ADM0_A3": "BLZ", "GEOU_DIF": 0, "GEOUNIT": "Belize", "GU_A3": "BLZ", "SU_DIF": 0, "SUBUNIT": "Belize", "SU_A3": "BLZ", "BRK_DIFF": 0, "NAME": "Belize", "NAME_LONG": "Belize", "BRK_A3": "BLZ", "BRK_NAME": "Belize", "BRK_GROUP": null, "ABBREV": "Belize", "POSTAL": "BZ", "FORMAL_EN": "Belize", "FORMAL_FR": null, "NAME_CIAWF": "Belize", "NOTE_ADM0": null, "NOTE_BRK": null, "NAME_SORT": "Belize", "NAME_ALT": null, "MAPCOLOR7": 1, "MAPCOLOR8": 4, "MAPCOLOR9": 5, "MAPCOLOR13": 7, "POP_EST": 390353, "POP_RANK": 10, "POP_YEAR": 2019, "GDP_MD": 1879, "GDP_YEAR": 2019, "ECONOMY": "6. Developing region", "INCOME_GRP": "4. Lower middle income", "FIPS_10": "BH", "ISO_A2": "BZ", "ISO_A2_EH": "BZ", "ISO_A3": "BLZ", "ISO_A3_EH": "BLZ", "ISO_N3": "084", "ISO_N3_EH": "084", "UN_A3": "084", "WB_A2": "BZ", "WB_A3": "BLZ", "WOE_ID": 23424760, "WOE_ID_EH": 23424760, "WOE_NOTE": "Exact WOE match as country", "ADM0_ISO": "BLZ", "ADM0_DIFF": null, "ADM0_TLC": "BLZ", "ADM0_A3_US": "BLZ", "ADM0_A3_FR": "BLZ", "ADM0_A3_RU": "BLZ", "ADM0_A3_ES": "BLZ", "ADM0_A3_CN": "BLZ", "ADM0_A3_TW": "BLZ", "ADM0_A3_IN": "BLZ", "ADM0_A3_NP": "BLZ", "ADM0_A3_PK": "BLZ", "ADM0_A3_DE": "BLZ", "ADM0_A3_GB": "BLZ", "ADM0_A3_BR": "BLZ", "ADM0_A3_IL": "BLZ", "ADM0_A3_PS": "BLZ", "ADM0_A3_SA": "BLZ", "ADM0_A3_EG": "BLZ", "ADM0_A3_MA": "BLZ", "ADM0_A3_PT": "BLZ", "ADM0_A3_AR": "BLZ", "ADM0_A3_JP": "BLZ", "ADM0_A3_KO": "BLZ", "ADM0_A3_VN": "BLZ", "ADM0_A3_TR": "BLZ", "ADM0_A3_ID": "BLZ", "ADM0_A3_PL": "BLZ", "ADM0_A3_GR": "BLZ", "ADM0_A3_IT": "BLZ", "ADM0_A3_NL": "BLZ", "ADM0_A3_SE": "BLZ", "ADM0_A3_BD": "BLZ", "ADM0_A3_UA": "BLZ", "ADM0_A3_UN": -99, "ADM0_A3_WB": -99, "CONTINENT": "North America", "REGION_UN": "Americas", "SUBREGION": "Central America", "REGION_WB": "Latin America & Caribbean", "NAME_LEN": 6, "LONG_LEN": 6, "ABBREV_LEN": 6, "TINY": -99, "HOMEPART": 1, "MIN_ZOOM": 0, "MIN_LABEL": 5, "MAX_LABEL": 10, "LABEL_X": -88.712962, "LABEL_Y": 17.202068, "NE_ID": 1159320431, "WIKIDATAID": "Q242", "NAME_AR": "\u0628\u0644\u064a\u0632", "NAME_BN": "\u09ac\u09c7\u09b2\u09bf\u099c", "NAME_DE": "Belize", "NAME_EN": "Belize", "NAME_ES": "Belice", "NAME_FA": "\u0628\u0644\u06cc\u0632", "NAME_FR": "Belize", "NAME_EL": "\u039c\u03c0\u03b5\u03bb\u03af\u03b6", "NAME_HE": "\u05d1\u05dc\u05d9\u05d6", "NAME_HI": "\u092c\u0947\u0932\u0940\u091c\u093c", "NAME_HU": "Belize", "NAME_ID": "Belize", "NAME_IT": "Belize", "NAME_JA": "\u30d9\u30ea\u30fc\u30ba", "NAME_KO": "\ubca8\ub9ac\uc988", "NAME_NL": "Belize", "NAME_PL": "Belize", "NAME_PT": "Belize", "NAME_RU": "\u0411\u0435\u043b\u0438\u0437", "NAME_SV": "Belize", "NAME_TR": "Belize", "NAME_UK": "\u0411\u0435\u043b\u0456\u0437", "NAME_UR": "\u0628\u06cc\u0644\u06cc\u0632", "NAME_VI": "Belize", "NAME_ZH": "\u4f2f\u5229\u5179", "NAME_ZHT": "\u8c9d\u91cc\u65af", "FCLASS_ISO": "Admin-0 country", "TLC_DIFF": null, "FCLASS_TLC": "Admin-0 country", "FCLASS_US": null, "FCLASS_FR": null, "FCLASS_RU": null, "FCLASS_ES": null, "FCLASS_CN": null, "FCLASS_TW": null, "FCLASS_IN": null, "FCLASS_NP": null, "FCLASS_PK": null, "FCLASS_DE": null, "FCLASS_GB": null, "FCLASS_BR": null, "FCLASS_IL": null, "FCLASS_PS": null, "FCLASS_SA": null, "FCLASS_EG": null, "FCLASS_MA": null, "FCLASS_PT": null, "FCLASS_AR": null, "FCLASS_JP": null, "FCLASS_KO": null, "FCLASS_VN": null, "FCLASS_TR": null, "FCLASS_ID": null, "FCLASS_PL": null, "FCLASS_GR": null, "FCLASS_IT": null, "FCLASS_NL": null, "FCLASS_SE": null, "FCLASS_BD": null, "FCLASS_UA": null}, "bbox": [-89.229122, 15.886938, -88.106813, 18.499982], "geometry": {"type": "Polygon", "coordinates": [[[-89.14308, 17.808319], [-88.123479, 18.076675], [-88.930613, 15.887273], [-89.14308, 17.808319]]]}}, {"type": "Feature", "properties": {"featurecla": "Admin-0 country", "scalerank": 1, "LABELRANK": 3, "SOVEREIGNT": "Venezuela", "SOV_A3": "VEN", "ADM0_DIF": 0, "LEVEL": 2, "TYPE": "Sovereign country", "TLC": "1", "ADMIN": "Venezuela", "ADM0_A3": "VEN", "GEOU_DIF": 0, "GEOUNIT": "Venezuela", "GU_A3": "VEN", "SU_DIF": 0, "SUBUNIT": "Venezuela", "SU_A3": "VEN", "BRK_DIFF": 0, "NAME": "Venezuela", "NAME_LONG": "Venezuela", "BRK_A3": "VEN", "BRK_NAME": "Venezuela", "BRK_GROUP": null, "ABBREV": "Ven.", "POSTAL": "VE", "FORMAL_EN": "Bolivarian Republic of Venezuela", "FORMAL_FR": "Rep\u00fablica Bolivariana de Venezuela", "NAME_CIAWF": "Venezuela", "NOTE_ADM0": null, "NOTE_BRK": null, "NAME_SORT": "Venezuela, RB", "NAME_ALT": null, "MAPCOLOR7": 1, "MAPCOLOR8": 3, "MAPCOLOR9": 1, "MAPCOLOR13": 4, "POP_EST": 28515829, "POP_RANK": 15, "POP_YEAR": 2019, "GDP_MD": 482359, "GDP_YEAR": 2014, "ECONOMY": "5. Emerging region: G20", "INCOME_GRP": "3. Upper middle income", "FIPS_10": "VE", "ISO_A2": "VE", "ISO_A2_EH": "VE", "ISO_A3": "VEN", "ISO_A3_EH": "VEN", "ISO_N3": "862", "ISO_N3_EH": "862", "UN_A3": "862", "WB_A2": "VE", "WB_A3": "VEN", "WOE_ID": 23424982, "WOE_ID_EH": 23424982, "WOE_NOTE": "Exact WOE match as country", "ADM0_ISO": "VEN", "ADM0_DIFF": null, "ADM0_TLC": "VEN", "ADM0_A3_US": "VEN", "ADM0_A3_FR": "VEN", "ADM0_A3_RU": "VEN", "ADM0_A3_ES": "VEN", "ADM0_A3_CN": "VEN", "ADM0_A3_TW": "VEN", "ADM0_A3_IN": "VEN", "ADM0_A3_NP": "VEN", "ADM0_A3_PK": "VEN", "ADM0_A3_DE": "VEN", "ADM0_A3_GB": "VEN", "ADM0_A3_BR": "VEN", "ADM0_A3_IL": "VEN", "ADM0_A3_PS": "VEN", "ADM0_A3_SA": "VEN", "ADM0_A3_EG": "VEN", "ADM0_A3_MA": "VEN", "ADM0_A3_PT": "VEN", "ADM0_A3_AR": "VEN", "ADM0_A3_JP": "VEN", "ADM0_A3_KO": "VEN", "ADM0_A3_VN": "VEN", "ADM0_A3_TR": "VEN", "ADM0_A3_ID": "VEN", "ADM0_A3_PL": "VEN", "ADM0_A3_GR": "VEN", "ADM0_A3_IT": "VEN", "ADM0_A3_NL": "VEN", "ADM0_A3_SE": "VEN", "ADM0_A3_BD": "VEN", "ADM0_A3_UA": "VEN", "ADM0_A3_UN": -99, "ADM0_A3_WB": -99, "CONTINENT": "South America", "REGION_UN": "Americas", "SUBREGION": "South America", "REGION_WB": "Latin America & Caribbean", "NAME_LEN": 9, "LONG_LEN": 9, "ABBREV_LEN": 4, "TINY": -99, "HOMEPART": 1, "MIN_ZOOM": 0, "MIN_LABEL": 2.5, "MAX_LABEL": 7.5, "LABEL_X": -64.599381, "LABEL_Y": 7.182476, "NE_ID": 1159321411, "WIKIDATAID": "Q717", "NAME_AR": "\u0641\u0646\u0632\u0648\u064a\u0644\u0627", "NAME_BN": "\u09ad\u09c7\u09a8\u09c7\u099c\u09c1\u09af\u09bc\u09c7\u09b2\u09be", "NAME_DE": "Venezuela", "NAME_EN": "Venezuela", "NAME_ES": "Venezuela", "NAME_FA": "\u0648\u0646\u0632\u0648\u0626\u0644\u0627", "NAME_FR": "Venezuela", "NAME_EL": "\u0392\u03b5\u03bd\u03b5\u03b6\u03bf\u03c5\u03ad\u03bb\u03b1", "NAME_HE": "\u05d5\u05e0\u05e6\u05d5\u05d0\u05dc\u05d4", "NAME_HI": "\u0935\u0947\u0928\u0947\u091c\u093c\u0941\u090f\u0932\u093e", "NAME_HU": "Venezuela", "NAME_ID": "Venezuela", "NAME_IT": "Venezuela", "NAME_JA": "\u30d9\u30cd\u30ba\u30a8\u30e9", "NAME_KO": "\ubca0\ub124\uc218\uc5d8\ub77c", "NAME_NL": "Venezuela", "NAME_PL": "Wenezuela", "NAME_PT": "Venezuela", "NAME_RU": "\u0412\u0435\u043d\u0435\u0441\u0443\u044d\u043b\u0430", "NAME_SV": "Venezuela", "NAME_TR": "Venezuela", "NAME_UK": "\u0412\u0435\u043d\u0435\u0441\u0443\u0435\u043b\u0430", "NAME_UR": "\u0648\u06cc\u0646\u06cc\u0632\u0648\u06cc\u0644\u0627", "NAME_VI": "Venezuela", "NAME_ZH": "\u59d4\u5185\u745e\u62c9", "NAME_ZHT": "\u59d4\u5167\u745e\u62c9", "FCLASS_ISO": "Admin-0 country", "TLC_DIFF": null, "FCLASS_TLC": "Admin-0 country", "FCLASS_US": null, "FCLASS_FR": null, "FCLASS_RU": null, "FCLASS_ES": null, "FCLASS_CN": null, "FCLASS_TW": null, "FCLASS_IN": null, "FCLASS_NP": null, "FCLASS_PK": null, "FCLASS_DE": null, "FCLASS_GB": null, "FCLASS_BR": null, "FCLASS_IL": null, "FCLASS_PS": null, "FCLASS_SA": null, "FCLASS_EG": null, "FCLASS_MA": null, "FCLASS_PT": null, "FCLASS_AR": null, "FCLASS_JP": null, "FCLASS_KO": null, "FCLASS_VN": null, "FCLASS_TR": null, "FCLASS_ID": null, "FCLASS_PL": null, "FCLASS_GR": null, "FCLASS_IT": null, "FCLASS_NL": null, "FCLASS_SE": null, "FCLASS_BD": null, "FCLASS_UA": null}, "bbox": [-73.304952, 0.724452, -59.758285, 12.162307], "geometry": {"type": "Polygon", "coordinates": [[[-60.733574, 5.200277], [-64.816064, 4.056445], [-64.611012, 1.328731], [-67.303173, 3.318454], [-68.265052, 6.153268], [-72.479679, 7.632506], [-72.614658, 10.821975], [-72.074174, 9.865651], [-69.943245, 12.162307], [-64.890452, 10.077215], [-60.830597, 9.38134], [-61.159336, 6.696077], [-60.733574, 5.200277]]]}}, {"type": "Feature", "properties": {"featurecla": "Admin-0 country", "scalerank": 1, "LABELRANK": 4, "SOVEREIGNT": "Guyana", "SOV_A3": "GUY", "ADM0_DIF": 0, "LEVEL": 2, "TYPE": "Sovereign country", "TLC": "1", "ADMIN": "Guyana", "ADM0_A3": "GUY", "GEOU_DIF": 0, "GEOUNIT": "Guyana", "GU_A3": "GUY", "SU_DIF": 0, "SUBUNIT": "Guyana", "SU_A3": "GUY", "BRK_DIFF": 0, "NAME": "Guyana", "NAME_LONG": "Guyana", "BRK_A3": "GUY", "BRK_NAME": "Guyana", "BRK_GROUP": null, "ABBREV": "Guy.", "POSTAL": "GY", "FORMAL_EN": "Co-operative Republic of Guyana", "FORMAL_FR": null, "NAME_CIAWF": "Guyana", "NOTE_ADM0": null, "NOTE_BRK": null, "NAME_SORT": "Guyana", "NAME_ALT": null, "MAPCOLOR7": 3, "MAPCOLOR8": 1, "MAPCOLOR9": 4, "MAPCOLOR13": 8, "POP_EST": 782766, "POP_RANK": 11, "POP_YEAR": 2019, "GDP_MD": 5173, "GDP_YEAR": 2019, "ECONOMY": "6. Developing region", "INCOME_GRP": "4. Lower middle income", "FIPS_10": "GY", "ISO_A2": "GY", "ISO_A2_EH": "GY", "ISO_A3": "GUY", "ISO_A3_EH": "GUY", "ISO_N3": "328", "ISO_N3_EH": "328", "UN_A3": "328", "WB_A2": "GY", "WB_A3": "GUY", "WOE_ID": 23424836, "WOE_ID_EH": 23424836, "WOE_NOTE": "Exact WOE match as country", "ADM0_ISO": "GUY", "ADM0_DIFF": null, "ADM0_TLC": "GUY", "ADM0_A3_US": "GUY", "ADM0_A3_FR": "GUY", "ADM0_A3_RU": "GUY", "ADM0_A3_ES": "GUY", "ADM0_A3_CN": "GUY", "ADM0_A3_TW": "GUY", "ADM0_A3_IN": "GUY", "ADM0_A3_NP": "GUY", "ADM0_A3_PK": "GUY", "ADM0_A3_DE": "GUY", "ADM0_A3_GB": "GUY", "ADM0_A3_BR": "GUY", "ADM0_A3_IL": "GUY", "ADM0_A3_PS": "GUY", "ADM0_A3_SA": "GUY", "ADM0_A3_EG": "GUY", "ADM0_A3_MA": "GUY", "ADM0_A3_PT": "GUY", "ADM0_A3_AR": "GUY", "ADM0_A3_JP": "GUY", "ADM0_A3_KO": "GUY", "ADM0_A3_VN": "GUY", "ADM0_A3_TR": "GUY", "ADM0_A3_ID": "GUY", "ADM0_A3_PL": "GUY", "ADM0_A3_GR": "GUY", "ADM0_A3_IT": "GUY", "ADM0_A3_NL": "GUY", "ADM0_A3_SE": "GUY", "ADM0_A3_BD": "GUY", "ADM0_A3_UA": "GUY", "ADM0_A3_UN": -99, "ADM0_A3_WB": -99, "CONTINENT": "South America", "REGION_UN": "Americas", "SUBREGION": "South America", "REGION_WB": "Latin America & Caribbean", "NAME_LEN": 6, "LONG_LEN": 6, "ABBREV_LEN": 4, "TINY": -99, "HOMEPART": 1, "MIN_ZOOM": 0, "MIN_LABEL": 4, "MAX_LABEL": 9, "LABEL_X": -58.942643, "LABEL_Y": 5.124317, "NE_ID": 1159320817, "WIKIDATAID": "Q734", "NAME_AR": "\u063a\u064a\u0627\u0646\u0627", "NAME_BN": "\u0997\u09be\u09af\u09bc\u09be\u09a8\u09be", "NAME_DE": "Guyana", "NAME_EN": "Guyana", "NAME_ES": "Guyana", "NAME_FA": "\u06af\u0648\u06cc\u0627\u0646", "NAME_FR": "Guyana", "NAME_EL": "\u0393\u03bf\u03c5\u03b9\u03ac\u03bd\u03b1", "NAME_HE": "\u05d2\u05d9\u05d0\u05e0\u05d4", "NAME_HI": "\u0917\u092f\u093e\u0928\u093e", "NAME_HU": "Guyana", "NAME_ID": "Guyana", "NAME_IT": "Guyana", "NAME_JA": "\u30ac\u30a4\u30a2\u30ca", "NAME_KO": "\uac00\uc774\uc544\ub098", "NAME_NL": "Guyana", "NAME_PL": "Gujana", "NAME_PT": "Guiana", "NAME_RU": "\u0413\u0430\u0439\u0430\u043d\u0430", "NAME_SV": "Guyana", "NAME_TR": "Guyana", "NAME_UK": "\u0413\u0430\u044f\u043d\u0430", "NAME_UR": "\u06af\u06cc\u0627\u0646\u0627", "NAME_VI": "Guyana", "NAME_ZH": "\u572d\u4e9a\u90a3", "NAME_ZHT": "\u572d\u4e9e\u90a3", "FCLASS_ISO": "Admin-0 country", "TLC_DIFF": null, "FCLASS_TLC": "Admin-0 country", "FCLASS_US": null, "FCLASS_FR": null, "FCLASS_RU": null, "FCLASS_ES": null, "FCLASS_CN": null, "FCLASS_TW": null, "FCLASS_IN": null, "FCLASS_NP": null, "FCLASS_PK": null, "FCLASS_DE": null, "FCLASS_GB": null, "FCLASS_BR": null, "FCLASS_IL": null, "FCLASS_PS": null, "FCLASS_SA": null, "FCLASS_EG": null, "FCLASS_MA": null, "FCLASS_PT": null, "FCLASS_AR": null, "FCLASS_JP": null, "FCLASS_KO": null, "FCLASS_VN": null, "FCLASS_TR": null, "FCLASS_ID": null, "FCLASS_PL": null, "FCLASS_GR": null, "FCLASS_IT": null, "FCLASS_NL": null, "FCLASS_SE": null, "FCLASS_BD": null, "FCLASS_UA": null}, "bbox": [-61.410303, 1.268088, -56.539386, 8.367035], "geometry": {"type": "Polygon", "coordinates": [[[-56.539386, 1.899523], [-59.646044, 1.786894], [-60.213683, 5.244486], [-60.550588, 7.779603], [-57.307246, 5.073567], [-56.539386, 1.899523]]]}}, {"type": "Feature", "properties": {"featurecla": "Admin-0 country", "scalerank": 1, "LABELRANK": 4, "SOVEREIGNT": "Suriname", "SOV_A3": "SUR", "ADM0_DIF": 0, "LEVEL": 2, "TYPE": "Sovereign country", "TLC": "1", "ADMIN": "Suriname", "ADM0_A3": "SUR", "GEOU_DIF": 0, "GEOUNIT": "Suriname", "GU_A3": "SUR", "SU_DIF": 0, "SUBUNIT": "Suriname", "SU_A3": "SUR", "BRK_DIFF": 0, "NAME": "Suriname", "NAME_LONG": "Suriname", "BRK_A3": "SUR", "BRK_NAME": "Suriname", "BRK_GROUP": null, "ABBREV": "Sur.", "POSTAL": "SR", "FORMAL_EN": "Republic of Suriname", "FORMAL_FR": null, "NAME_CIAWF": "Suriname", "NOTE_ADM0": null, "NOTE_BRK": null, "NAME_SORT": "Suriname", "NAME_ALT": null, "MAPCOLOR7": 1, "MAPCOLOR8": 4, "MAPCOLOR9": 7, "MAPCOLOR13": 6, "POP_EST": 581363, "POP_RANK": 11, "POP_YEAR": 2019, "GDP_MD": 3697, "GDP_YEAR": 2019, "ECONOMY": "6. Developing region", "INCOME_GRP": "3. Upper middle income", "FIPS_10": "NS", "ISO_A2": "SR", "ISO_A2_EH": "SR", "ISO_A3": "SUR", "ISO_A3_EH": "SUR", "ISO_N3": "740", "ISO_N3_EH": "740", "UN_A3": "740", "WB_A2": "SR", "WB_A3": "SUR", "WOE_ID": 23424913, "WOE_ID_EH": 23424913, "WOE_NOTE": "Exact WOE match as country", "ADM0_ISO": "SUR", "ADM0_DIFF": null, "ADM0_TLC": "SUR", "ADM0_A3_US": "SUR", "ADM0_A3_FR": "SUR", "ADM0_A3_RU": "SUR", "ADM0_A3_ES": "SUR", "ADM0_A3_CN": "SUR", "ADM0_A3_TW": "SUR", "ADM0_A3_IN": "SUR", "ADM0_A3_NP": "SUR", "ADM0_A3_PK": "SUR", "ADM0_A3_DE": "SUR", "ADM0_A3_GB": "SUR", "ADM0_A3_BR": "SUR", "ADM0_A3_IL": "SUR", "ADM0_A3_PS": "SUR", "ADM0_A3_SA": "SUR", "ADM0_A3_EG": "SUR", "ADM0_A3_MA": "SUR", "ADM0_A3_PT": "SUR", "ADM0_A3_AR": "SUR", "ADM0_A3_JP": "SUR", "ADM0_A3_KO": "SUR", "ADM0_A3_VN": "SUR", "ADM0_A3_TR": "SUR", "ADM0_A3_ID": "SUR", "ADM0_A3_PL": "SUR", "ADM0_A3_GR": "SUR", "ADM0_A3_IT": "SUR", "ADM0_A3_NL": "SUR", "ADM0_A3_SE": "SUR", "ADM0_A3_BD": "SUR", "ADM0_A3_UA": "SUR", "ADM0_A3_UN": -99, "ADM0_A3_WB": -99, "CONTINENT": "South America", "REGION_UN": "Americas", "SUBREGION": "South America", "REGION_WB": "Latin America & Caribbean", "NAME_LEN": 8, "LONG_LEN": 8, "ABBREV_LEN": 4, "TINY": -99, "HOMEPART": 1, "MIN_ZOOM": 0, "MIN_LABEL": 4, "MAX_LABEL": 9, "LABEL_X": -55.91094, "LABEL_Y": 4.143987, "NE_ID": 1159321281, "WIKIDATAID": "Q730", "NAME_AR": "\u0633\u0648\u0631\u064a\u0646\u0627\u0645", "NAME_BN": "\u09b8\u09c1\u09b0\u09bf\u09a8\u09be\u09ae", "NAME_DE": "Suriname", "NAME_EN": "Suriname", "NAME_ES": "Surinam", "NAME_FA": "\u0633\u0648\u0631\u06cc\u0646\u0627\u0645", "NAME_FR": "Suriname", "NAME_EL": "\u03a3\u03bf\u03c5\u03c1\u03b9\u03bd\u03ac\u03bc", "NAME_HE": "\u05e1\u05d5\u05e8\u05d9\u05e0\u05d0\u05dd", "NAME_HI": "\u0938\u0942\u0930\u0940\u0928\u093e\u092e", "NAME_HU": "Suriname", "NAME_ID": "Suriname", "NAME_IT": "Suriname", "NAME_JA": "\u30b9\u30ea\u30ca\u30e0", "NAME_KO": "\uc218\ub9ac\ub0a8", "NAME_NL": "Suriname", "NAME_PL": "Surinam", "NAME_PT": "Suriname", "NAME_RU": "\u0421\u0443\u0440\u0438\u043d\u0430\u043c", "NAME_SV": "Surinam", "NAME_TR": "Surinam", "NAME_UK": "\u0421\u0443\u0440\u0438\u043d\u0430\u043c", "NAME_UR": "\u0633\u0631\u06cc\u0646\u0627\u0645", "NAME_VI": "Suriname", "NAME_ZH": "\u82cf\u91cc\u5357", "NAME_ZHT": "\u8607\u5229\u5357", "FCLASS_ISO": "Admin-0 country", "TLC_DIFF": null, "FCLASS_TLC": "Admin-0 country", "FCLASS_US": null, "FCLASS_FR": null, "FCLASS_RU": null, "FCLASS_ES": null, "FCLASS_CN": null, "FCLASS_TW": null, "FCLASS_IN": null, "FCLASS_NP": null, "FCLASS_PK": null, "FCLASS_DE": null, "FCLASS_GB": null, "FCLASS_BR": null, "FCLASS_IL": null, "FCLASS_PS": null, "FCLASS_SA": null, "FCLASS_EG": null, "FCLASS_MA": null, "FCLASS_PT": null, "FCLASS_AR": null, "FCLASS_JP": null, "FCLASS_KO": null, "FCLASS_VN": null, "FCLASS_TR": null, "FCLASS_ID": null, "FCLASS_PL": null, "FCLASS_GR": null, "FCLASS_IT": null, "FCLASS_NL": null, "FCLASS_SE": null, "FCLASS_BD": null, "FCLASS_UA": null}, "bbox": [-58.044694, 1.817667, -53.958045, 6.025291], "geometry": {"type": "Polygon", "coordinates": [[[-54.524754, 2.311849], [-57.150098, 2.768927], [-55.949318, 5.772878], [-54.269705, 2.732392], [-54.524754, 2.311849]]]}}, {"type": "Feature", "properties": {"featurecla": "Admin-0 country", "scalerank": 1, "LABELRANK": 2, "SOVEREIGNT": "France", "SOV_A3": "FR1", "ADM0_DIF": 1, "LEVEL": 2, "TYPE": "Country", "TLC": "1", "ADMIN": "France", "ADM0_A3": "FRA", "GEOU_DIF": 0, "GEOUNIT": "France", "GU_A3": "FRA", "SU_DIF": 0, "SUBUNIT": "France", "SU_A3": "FRA", "BRK_DIFF": 0, "NAME": "France", "NAME_LONG": "France", "BRK_A3": "FRA", "BRK_NAME": "France", "BRK_GROUP": null, "ABBREV": "Fr.", "POSTAL": "F", "FORMAL_EN": "French Republic", "FORMAL_FR": null, "NAME_CIAWF": "France", "NOTE_ADM0": null, "NOTE_BRK": null, "NAME_SORT": "France", "NAME_ALT": null, "MAPCOLOR7": 7, "MAPCOLOR8": 5, "MAPCOLOR9": 9, "MAPCOLOR13": 11, "POP_EST": 67059887, "POP_RANK": 16, "POP_YEAR": 2019, "GDP_MD": 2715518, "GDP_YEAR": 2019, "ECONOMY": "1. Developed region: G7", "INCOME_GRP": "1. High income: OECD", "FIPS_10": "FR", "ISO_A2": "-99", "ISO_A2_EH": "FR", "ISO_A3": "-99", "ISO_A3_EH": "FRA", "ISO_N3": "-99", "ISO_N3_EH": "250", "UN_A3": "250", "WB_A2": "FR", "WB_A3": "FRA", "WOE_ID": -90, "WOE_ID_EH": 23424819, "WOE_NOTE": "Includes only Metropolitan France (including Corsica)", "ADM0_ISO": "FRA", "ADM0_DIFF": null, "ADM0_TLC": "FRA", "ADM0_A3_US": "FRA", "ADM0_A3_FR": "FRA", "ADM0_A3_RU": "FRA", "ADM0_A3_ES": "FRA", "ADM0_A3_CN": "FRA", "ADM0_A3_TW": "FRA", "ADM0_A3_IN": "FRA", "ADM0_A3_NP": "FRA", "ADM0_A3_PK": "FRA", "ADM0_A3_DE": "FRA", "ADM0_A3_GB": "FRA", "ADM0_A3_BR": "FRA", "ADM0_A3_IL": "FRA", "ADM0_A3_PS": "FRA", "ADM0_A3_SA": "FRA", "ADM0_A3_EG": "FRA", "ADM0_A3_MA": "FRA", "ADM0_A3_PT": "FRA", "ADM0_A3_AR": "FRA", "ADM0_A3_JP": "FRA", "ADM0_A3_KO": "FRA", "ADM0_A3_VN": "FRA", "ADM0_A3_TR": "FRA", "ADM0_A3_ID": "FRA", "ADM0_A3_PL": "FRA", "ADM0_A3_GR": "FRA", "ADM0_A3_IT": "FRA", "ADM0_A3_NL": "FRA", "ADM0_A3_SE": "FRA", "ADM0_A3_BD": "FRA", "ADM0_A3_UA": "FRA", "ADM0_A3_UN": -99, "ADM0_A3_WB": -99, "CONTINENT": "Europe", "REGION_UN": "Europe", "SUBREGION": "Western Europe", "REGION_WB": "Europe & Central Asia", "NAME_LEN": 6, "LONG_LEN": 6, "ABBREV_LEN": 3, "TINY": -99, "HOMEPART": 1, "MIN_ZOOM": 0, "MIN_LABEL": 1.7, "MAX_LABEL": 6.7, "LABEL_X": 2.552275, "LABEL_Y": 46.696113, "NE_ID": 1159320637, "WIKIDATAID": "Q142", "NAME_AR": "\u0641\u0631\u0646\u0633\u0627", "NAME_BN": "\u09ab\u09cd\u09b0\u09be\u09a8\u09cd\u09b8", "NAME_DE": "Frankreich", "NAME_EN": "France", "NAME_ES": "Francia", "NAME_FA": "\u0641\u0631\u0627\u0646\u0633\u0647", "NAME_FR": "France", "NAME_EL": "\u0393\u03b1\u03bb\u03bb\u03af\u03b1", "NAME_HE": "\u05e6\u05e8\u05e4\u05ea", "NAME_HI": "\u092b\u093c\u094d\u0930\u093e\u0928\u094d\u0938", "NAME_HU": "Franciaorsz\u00e1g", "NAME_ID": "Prancis", "NAME_IT": "Francia", "NAME_JA": "\u30d5\u30e9\u30f3\u30b9", "NAME_KO": "\ud504\ub791\uc2a4", "NAME_NL": "Frankrijk", "NAME_PL": "Francja", "NAME_PT": "Fran\u00e7a", "NAME_RU": "\u0424\u0440\u0430\u043d\u0446\u0438\u044f", "NAME_SV": "Frankrike", "NAME_TR": "Fransa", "NAME_UK": "\u0424\u0440\u0430\u043d\u0446\u0456\u044f", "NAME_UR": "\u0641\u0631\u0627\u0646\u0633", "NAME_VI": "Ph\u00e1p", "NAME_ZH": "\u6cd5\u56fd", "NAME_ZHT": "\u6cd5\u570b", "FCLASS_ISO": "Admin-0 country", "TLC_DIFF": null, "FCLASS_TLC": "Admin-0 country", "FCLASS_US": null, "FCLASS_FR": null, "FCLASS_RU": null, "FCLASS_ES": null, "FCLASS_CN": null, "FCLASS_TW": null, "FCLASS_IN": null, "FCLASS_NP": null, "FCLASS_PK": null, "FCLASS_DE": null, "FCLASS_GB": null, "FCLASS_BR": null, "FCLASS_IL": null, "FCLASS_PS": null, "FCLASS_SA": null, "FCLASS_EG": null, "FCLASS_MA": null, "FCLASS_PT": null, "FCLASS_AR": null, "FCLASS_JP": null, "FCLASS_KO": null, "FCLASS_VN": null, "FCLASS_TR": null, "FCLASS_ID": null, "FCLASS_PL": null, "FCLASS_GR": null, "FCLASS_IT": null, "FCLASS_NL": null, "FCLASS_SE": null, "FCLASS_BD": null, "FCLASS_UA": null}, "bbox": [-54.524754, 2.053389, 9.560016, 51.148506], "geometry": {"type": "MultiPolygon", "coordinates": [[[[-51.657797, 4.156232], [-54.524754, 2.311849], [-52.882141, 5.409851], [-51.657797, 4.156232]]], [[[6.18632, 49.463803], [6.037389, 46.725779], [7.549596, 44.127901], [0.338047, 42.579546], [-4.59235, 48.68416], [2.658422, 50.796848], [6.18632, 49.463803]]], [[[8.746009, 42.628122], [8.746009, 42.628122]]]]}}, {"type": "Feature", "properties": {"featurecla": "Admin-0 country", "scalerank": 1, "LABELRANK": 3, "SOVEREIGNT": "Ecuador", "SOV_A3": "ECU", "ADM0_DIF": 0, "LEVEL": 2, "TYPE": "Sovereign country", "TLC": "1", "ADMIN": "Ecuador", "ADM0_A3": "ECU", "GEOU_DIF": 0, "GEOUNIT": "Ecuador", "GU_A3": "ECU", "SU_DIF": 0, "SUBUNIT": "Ecuador", "SU_A3": "ECU", "BRK_DIFF": 0, "NAME": "Ecuador", "NAME_LONG": "Ecuador", "BRK_A3": "ECU", "BRK_NAME": "Ecuador", "BRK_GROUP": null, "ABBREV": "Ecu.", "POSTAL": "EC", "FORMAL_EN": "Republic of Ecuador", "FORMAL_FR": null, "NAME_CIAWF": "Ecuador", "NOTE_ADM0": null, "NOTE_BRK": null, "NAME_SORT": "Ecuador", "NAME_ALT": null, "MAPCOLOR7": 1, "MAPCOLOR8": 5, "MAPCOLOR9": 2, "MAPCOLOR13": 12, "POP_EST": 17373662, "POP_RANK": 14, "POP_YEAR": 2019, "GDP_MD": 107435, "GDP_YEAR": 2019, "ECONOMY": "6. Developing region", "INCOME_GRP": "3. Upper middle income", "FIPS_10": "EC", "ISO_A2": "EC", "ISO_A2_EH": "EC", "ISO_A3": "ECU", "ISO_A3_EH": "ECU", "ISO_N3": "218", "ISO_N3_EH": "218", "UN_A3": "218", "WB_A2": "EC", "WB_A3": "ECU", "WOE_ID": 23424801, "WOE_ID_EH": 23424801, "WOE_NOTE": "Exact WOE match as country", "ADM0_ISO": "ECU", "ADM0_DIFF": null, "ADM0_TLC": "ECU", "ADM0_A3_US": "ECU", "ADM0_A3_FR": "ECU", "ADM0_A3_RU": "ECU", "ADM0_A3_ES": "ECU", "ADM0_A3_CN": "ECU", "ADM0_A3_TW": "ECU", "ADM0_A3_IN": "ECU", "ADM0_A3_NP": "ECU", "ADM0_A3_PK": "ECU", "ADM0_A3_DE": "ECU", "ADM0_A3_GB": "ECU", "ADM0_A3_BR": "ECU", "ADM0_A3_IL": "ECU", "ADM0_A3_PS": "ECU", "ADM0_A3_SA": "ECU", "ADM0_A3_EG": "ECU", "ADM0_A3_MA": "ECU", "ADM0_A3_PT": "ECU", "ADM0_A3_AR": "ECU", "ADM0_A3_JP": "ECU", "ADM0_A3_KO": "ECU", "ADM0_A3_VN": "ECU", "ADM0_A3_TR": "ECU", "ADM0_A3_ID": "ECU", "ADM0_A3_PL": "ECU", "ADM0_A3_GR": "ECU", "ADM0_A3_IT": "ECU", "ADM0_A3_NL": "ECU", "ADM0_A3_SE": "ECU", "ADM0_A3_BD": "ECU", "ADM0_A3_UA": "ECU", "ADM0_A3_UN": -99, "ADM0_A3_WB": -99, "CONTINENT": "South America", "REGION_UN": "Americas", "SUBREGION": "South America", "REGION_WB": "Latin America & Caribbean", "NAME_LEN": 7, "LONG_LEN": 7, "ABBREV_LEN": 4, "TINY": -99, "HOMEPART": 1, "MIN_ZOOM": 0, "MIN_LABEL": 3, "MAX_LABEL": 8, "LABEL_X": -78.188375, "LABEL_Y": -1.259076, "NE_ID": 1159320567, "WIKIDATAID": "Q736", "NAME_AR": "\u0627\u0644\u0625\u0643\u0648\u0627\u062f\u0648\u0631", "NAME_BN": "\u0987\u0995\u09c1\u09af\u09bc\u09c7\u09a1\u09b0", "NAME_DE": "Ecuador", "NAME_EN": "Ecuador", "NAME_ES": "Ecuador", "NAME_FA": "\u0627\u06a9\u0648\u0627\u062f\u0648\u0631", "NAME_FR": "\u00c9quateur", "NAME_EL": "\u0395\u03ba\u03bf\u03c5\u03b1\u03b4\u03cc\u03c1", "NAME_HE": "\u05d0\u05e7\u05d5\u05d5\u05d3\u05d5\u05e8", "NAME_HI": "\u0908\u0915\u094d\u0935\u093e\u0921\u094b\u0930", "NAME_HU": "Ecuador", "NAME_ID": "Ekuador", "NAME_IT": "Ecuador", "NAME_JA": "\u30a8\u30af\u30a2\u30c9\u30eb", "NAME_KO": "\uc5d0\ucf70\ub3c4\ub974", "NAME_NL": "Ecuador", "NAME_PL": "Ekwador", "NAME_PT": "Equador", "NAME_RU": "\u042d\u043a\u0432\u0430\u0434\u043e\u0440", "NAME_SV": "Ecuador", "NAME_TR": "Ekvador", "NAME_UK": "\u0415\u043a\u0432\u0430\u0434\u043e\u0440", "NAME_UR": "\u0627\u06cc\u06a9\u0648\u0627\u0688\u0648\u0631", "NAME_VI": "Ecuador", "NAME_ZH": "\u5384\u74dc\u591a\u5c14", "NAME_ZHT": "\u5384\u74dc\u591a\u723e", "FCLASS_ISO": "Admin-0 country", "TLC_DIFF": null, "FCLASS_TLC": "Admin-0 country", "FCLASS_US": null, "FCLASS_FR": null, "FCLASS_RU": null, "FCLASS_ES": null, "FCLASS_CN": null, "FCLASS_TW": null, "FCLASS_IN": null, "FCLASS_NP": null, "FCLASS_PK": null, "FCLASS_DE": null, "FCLASS_GB": null, "FCLASS_BR": null, "FCLASS_IL": null, "FCLASS_PS": null, "FCLASS_SA": null, "FCLASS_EG": null, "FCLASS_MA": null, "FCLASS_PT": null, "FCLASS_AR": null, "FCLASS_JP": null, "FCLASS_KO": null, "FCLASS_VN": null, "FCLASS_TR": null, "FCLASS_ID": null, "FCLASS_PL": null, "FCLASS_GR": null, "FCLASS_IT": null, "FCLASS_NL": null, "FCLASS_SE": null, "FCLASS_BD": null, "FCLASS_UA": null}, "bbox": [-80.967765, -4.959129, -75.233723, 1.380924], "geometry": {"type": "Polygon", "coordinates": [[[-75.373223, -0.152032], [-79.624979, -4.454198], [-80.368784, -2.685159], [-79.542762, 0.982938], [-75.373223, -0.152032]]]}}, {"type": "Feature", "properties": {"featurecla": "Admin-0 country", "scalerank": 1, "LABELRANK": 5, "SOVEREIGNT": "United States of America", "SOV_A3": "US1", "ADM0_DIF": 1, "LEVEL": 2, "TYPE": "Dependency", "TLC": "1", "ADMIN": "Puerto Rico", "ADM0_A3": "PRI", "GEOU_DIF": 0, "GEOUNIT": "Puerto Rico", "GU_A3": "PRI", "SU_DIF": 0, "SUBUNIT": "Puerto Rico", "SU_A3": "PRI", "BRK_DIFF": 0, "NAME": "Puerto Rico", "NAME_LONG": "Puerto Rico", "BRK_A3": "PRI", "BRK_NAME": "Puerto Rico", "BRK_GROUP": null, "ABBREV": "P.R.", "POSTAL": "PR", "FORMAL_EN": "Commonwealth of Puerto Rico", "FORMAL_FR": null, "NAME_CIAWF": "Puerto Rico", "NOTE_ADM0": "U.S.A.", "NOTE_BRK": null, "NAME_SORT": "Puerto Rico", "NAME_ALT": null, "MAPCOLOR7": 4, "MAPCOLOR8": 5, "MAPCOLOR9": 1, "MAPCOLOR13": 1, "POP_EST": 3193694, "POP_RANK": 12, "POP_YEAR": 2019, "GDP_MD": 104988, "GDP_YEAR": 2019, "ECONOMY": "6. Developing region", "INCOME_GRP": "2. High income: nonOECD", "FIPS_10": "RQ", "ISO_A2": "PR", "ISO_A2_EH": "PR", "ISO_A3": "PRI", "ISO_A3_EH": "PRI", "ISO_N3": "630", "ISO_N3_EH": "630", "UN_A3": "630", "WB_A2": "PR", "WB_A3": "PRI", "WOE_ID": 23424935, "WOE_ID_EH": 23424935, "WOE_NOTE": "Exact WOE match as country", "ADM0_ISO": "PRI", "ADM0_DIFF": null, "ADM0_TLC": "PRI", "ADM0_A3_US": "PRI", "ADM0_A3_FR": "PRI", "ADM0_A3_RU": "PRI", "ADM0_A3_ES": "PRI", "ADM0_A3_CN": "PRI", "ADM0_A3_TW": "PRI", "ADM0_A3_IN": "PRI", "ADM0_A3_NP": "PRI", "ADM0_A3_PK": "PRI", "ADM0_A3_DE": "PRI", "ADM0_A3_GB": "PRI", "ADM0_A3_BR": "PRI", "ADM0_A3_IL": "PRI", "ADM0_A3_PS": "PRI", "ADM0_A3_SA": "PRI", "ADM0_A3_EG": "PRI", "ADM0_A3_MA": "PRI", "ADM0_A3_PT": "PRI", "ADM0_A3_AR": "PRI", "ADM0_A3_JP": "PRI", "ADM0_A3_KO": "PRI", "ADM0_A3_VN": "PRI", "ADM0_A3_TR": "PRI", "ADM0_A3_ID": "PRI", "ADM0_A3_PL": "PRI", "ADM0_A3_GR": "PRI", "ADM0_A3_IT": "PRI", "ADM0_A3_NL": "PRI", "ADM0_A3_SE": "PRI", "ADM0_A3_BD": "PRI", "ADM0_A3_UA": "PRI", "ADM0_A3_UN": -99, "ADM0_A3_WB": -99, "CONTINENT": "North America", "REGION_UN": "Americas", "SUBREGION": "Caribbean", "REGION_WB": "Latin America & Caribbean", "NAME_LEN": 11, "LONG_LEN": 11, "ABBREV_LEN": 4, "TINY": -99, "HOMEPART": -99, "MIN_ZOOM": 0, "MIN_LABEL": 3, "MAX_LABEL": 8, "LABEL_X": -66.481065, "LABEL_Y": 18.234668, "NE_ID": 1159321363, "WIKIDATAID": "Q1183", "NAME_AR": "\u0628\u0648\u0631\u062a\u0648\u0631\u064a\u0643\u0648", "NAME_BN": "\u09aa\u09c1\u09af\u09bc\u09c7\u09b0\u09cd\u09a4\u09cb \u09b0\u09bf\u0995\u09cb", "NAME_DE": "Puerto Rico", "NAME_EN": "Puerto Rico", "NAME_ES": "Puerto Rico", "NAME_FA": "\u067e\u0648\u0631\u062a\u0648\u0631\u06cc\u06a9\u0648", "NAME_FR": "Porto Rico", "NAME_EL": "\u03a0\u03bf\u03c5\u03ad\u03c1\u03c4\u03bf \u03a1\u03af\u03ba\u03bf", "NAME_HE": "\u05e4\u05d5\u05d0\u05e8\u05d8\u05d5 \u05e8\u05d9\u05e7\u05d5", "NAME_HI": "\u092a\u094b\u0930\u094d\u091f\u094b \u0930\u0940\u0915\u094b", "NAME_HU": "Puerto Rico", "NAME_ID": "Puerto Riko", "NAME_IT": "Porto Rico", "NAME_JA": "\u30d7\u30a8\u30eb\u30c8\u30ea\u30b3", "NAME_KO": "\ud478\uc5d0\ub974\ud1a0\ub9ac\ucf54", "NAME_NL": "Puerto Rico", "NAME_PL": "Portoryko", "NAME_PT": "Porto Rico", "NAME_RU": "\u041f\u0443\u044d\u0440\u0442\u043e-\u0420\u0438\u043a\u043e", "NAME_SV": "Puerto Rico", "NAME_TR": "Porto Riko", "NAME_UK": "\u041f\u0443\u0435\u0440\u0442\u043e-\u0420\u0438\u043a\u043e", "NAME_UR": "\u067e\u0648\u0631\u0679\u0648 \u0631\u06cc\u06a9\u0648", "NAME_VI": "Puerto Rico", "NAME_ZH": "\u6ce2\u591a\u9ece\u5404", "NAME_ZHT": "\u6ce2\u591a\u9ece\u5404", "FCLASS_ISO": "Admin-0 dependency", "TLC_DIFF": null, "FCLASS_TLC": "Admin-0 dependency", "FCLASS_US": null, "FCLASS_FR": null, "FCLASS_RU": null, "FCLASS_ES": null, "FCLASS_CN": null, "FCLASS_TW": null, "FCLASS_IN": null, "FCLASS_NP": null, "FCLASS_PK": null, "FCLASS_DE": null, "FCLASS_GB": null, "FCLASS_BR": null, "FCLASS_IL": null, "FCLASS_PS": null, "FCLASS_SA": null, "FCLASS_EG": null, "FCLASS_MA": null, "FCLASS_PT": null, "FCLASS_AR": null, "FCLASS_JP": null, "FCLASS_KO": null, "FCLASS_VN": null, "FCLASS_TR": null, "FCLASS_ID": null, "FCLASS_PL": null, "FCLASS_GR": null, "FCLASS_IT": null, "FCLASS_NL": null, "FCLASS_SE": null, "FCLASS_BD": null, "FCLASS_UA": null}, "bbox": [-67.242428, 17.946553, -65.591004, 18.520601], "geometry": {"type": "Polygon", "coordinates": [[[-66.282434, 18.514762], [-66.282434, 18.514762]]]}}, {"type": "Feature", "properties": {"featurecla": "Admin-0 country", "scalerank": 1, "LABELRANK": 4, "SOVEREIGNT": "Jamaica", "SOV_A3": "JAM", "ADM0_DIF": 0, "LEVEL": 2, "TYPE": "Sovereign country", "TLC": "1", "ADMIN": "Jamaica", "ADM0_A3": "JAM", "GEOU_DIF": 0, "GEOUNIT": "Jamaica", "GU_A3": "JAM", "SU_DIF": 0, "SUBUNIT": "Jamaica", "SU_A3": "JAM", "BRK_DIFF": 0, "NAME": "Jamaica", "NAME_LONG": "Jamaica", "BRK_A3": "JAM", "BRK_NAME": "Jamaica", "BRK_GROUP": null, "ABBREV": "Jam.", "POSTAL": "J", "FORMAL_EN": "Jamaica", "FORMAL_FR": null, "NAME_CIAWF": "Jamaica", "NOTE_ADM0": null, "NOTE_BRK": null, "NAME_SORT": "Jamaica", "NAME_ALT": null, "MAPCOLOR7": 1, "MAPCOLOR8": 2, "MAPCOLOR9": 4, "MAPCOLOR13": 10, "POP_EST": 2948279, "POP_RANK": 12, "POP_YEAR": 2019, "GDP_MD": 16458, "GDP_YEAR": 2019, "ECONOMY": "6. Developing region", "INCOME_GRP": "3. Upper middle income", "FIPS_10": "JM", "ISO_A2": "JM", "ISO_A2_EH": "JM", "ISO_A3": "JAM", "ISO_A3_EH": "JAM", "ISO_N3": "388", "ISO_N3_EH": "388", "UN_A3": "388", "WB_A2": "JM", "WB_A3": "JAM", "WOE_ID": 23424858, "WOE_ID_EH": 23424858, "WOE_NOTE": "Exact WOE match as country", "ADM0_ISO": "JAM", "ADM0_DIFF": null, "ADM0_TLC": "JAM", "ADM0_A3_US": "JAM", "ADM0_A3_FR": "JAM", "ADM0_A3_RU": "JAM", "ADM0_A3_ES": "JAM", "ADM0_A3_CN": "JAM", "ADM0_A3_TW": "JAM", "ADM0_A3_IN": "JAM", "ADM0_A3_NP": "JAM", "ADM0_A3_PK": "JAM", "ADM0_A3_DE": "JAM", "ADM0_A3_GB": "JAM", "ADM0_A3_BR": "JAM", "ADM0_A3_IL": "JAM", "ADM0_A3_PS": "JAM", "ADM0_A3_SA": "JAM", "ADM0_A3_EG": "JAM", "ADM0_A3_MA": "JAM", "ADM0_A3_PT": "JAM", "ADM0_A3_AR": "JAM", "ADM0_A3_JP": "JAM", "ADM0_A3_KO": "JAM", "ADM0_A3_VN": "JAM", "ADM0_A3_TR": "JAM", "ADM0_A3_ID": "JAM", "ADM0_A3_PL": "JAM", "ADM0_A3_GR": "JAM", "ADM0_A3_IT": "JAM", "ADM0_A3_NL": "JAM", "ADM0_A3_SE": "JAM", "ADM0_A3_BD": "JAM", "ADM0_A3_UA": "JAM", "ADM0_A3_UN": -99, "ADM0_A3_WB": -99, "CONTINENT": "North America", "REGION_UN": "Americas", "SUBREGION": "Caribbean", "REGION_WB": "Latin America & Caribbean", "NAME_LEN": 7, "LONG_LEN": 7, "ABBREV_LEN": 4, "TINY": -99, "HOMEPART": 1, "MIN_ZOOM": 0, "MIN_LABEL": 4, "MAX_LABEL": 9, "LABEL_X": -77.318767, "LABEL_Y": 18.137124, "NE_ID": 1159320931, "WIKIDATAID": "Q766", "NAME_AR": "\u062c\u0627\u0645\u0627\u064a\u0643\u0627", "NAME_BN": "\u099c\u09cd\u09af\u09be\u09ae\u09be\u0987\u0995\u09be", "NAME_DE": "Jamaika", "NAME_EN": "Jamaica", "NAME_ES": "Jamaica", "NAME_FA": "\u062c\u0627\u0645\u0627\u0626\u06cc\u06a9\u0627", "NAME_FR": "Jama\u00efque", "NAME_EL": "\u03a4\u03b6\u03b1\u03bc\u03ac\u03b9\u03ba\u03b1", "NAME_HE": "\u05d2'\u05de\u05d9\u05d9\u05e7\u05d4", "NAME_HI": "\u091c\u092e\u0948\u0915\u093e", "NAME_HU": "Jamaica", "NAME_ID": "Jamaika", "NAME_IT": "Giamaica", "NAME_JA": "\u30b8\u30e3\u30de\u30a4\u30ab", "NAME_KO": "\uc790\uba54\uc774\uce74", "NAME_NL": "Jamaica", "NAME_PL": "Jamajka", "NAME_PT": "Jamaica", "NAME_RU": "\u042f\u043c\u0430\u0439\u043a\u0430", "NAME_SV": "Jamaica", "NAME_TR": "Jamaika", "NAME_UK": "\u042f\u043c\u0430\u0439\u043a\u0430", "NAME_UR": "\u062c\u0645\u06cc\u06a9\u0627", "NAME_VI": "Jamaica", "NAME_ZH": "\u7259\u4e70\u52a0", "NAME_ZHT": "\u7259\u8cb7\u52a0", "FCLASS_ISO": "Admin-0 country", "TLC_DIFF": null, "FCLASS_TLC": "Admin-0 country", "FCLASS_US": null, "FCLASS_FR": null, "FCLASS_RU": null, "FCLASS_ES": null, "FCLASS_CN": null, "FCLASS_TW": null, "FCLASS_IN": null, "FCLASS_NP": null, "FCLASS_PK": null, "FCLASS_DE": null, "FCLASS_GB": null, "FCLASS_BR": null, "FCLASS_IL": null, "FCLASS_PS": null, "FCLASS_SA": null, "FCLASS_EG": null, "FCLASS_MA": null, "FCLASS_PT": null, "FCLASS_AR": null, "FCLASS_JP": null, "FCLASS_KO": null, "FCLASS_VN": null, "FCLASS_TR": null, "FCLASS_ID": null, "FCLASS_PL": null, "FCLASS_GR": null, "FCLASS_IT": null, "FCLASS_NL": null, "FCLASS_SE": null, "FCLASS_BD": null, "FCLASS_UA": null}, "bbox": [-78.337719, 17.701116, -76.199659, 18.524218], "geometry": {"type": "Polygon", "coordinates": [[[-77.569601, 18.490525], [-78.217727, 18.454533], [-77.569601, 18.490525]]]}}, {"type": "Feature", "properties": {"featurecla": "Admin-0 country", "scalerank": 1, "LABELRANK": 3, "SOVEREIGNT": "Cuba", "SOV_A3": "CU1", "ADM0_DIF": 1, "LEVEL": 1, "TYPE": "Sovereignty", "TLC": "1", "ADMIN": "Cuba", "ADM0_A3": "CUB", "GEOU_DIF": 0, "GEOUNIT": "Cuba", "GU_A3": "CUB", "SU_DIF": 0, "SUBUNIT": "Cuba", "SU_A3": "CUB", "BRK_DIFF": 0, "NAME": "Cuba", "NAME_LONG": "Cuba", "BRK_A3": "CUB", "BRK_NAME": "Cuba", "BRK_GROUP": null, "ABBREV": "Cuba", "POSTAL": "CU", "FORMAL_EN": "Republic of Cuba", "FORMAL_FR": null, "NAME_CIAWF": "Cuba", "NOTE_ADM0": null, "NOTE_BRK": null, "NAME_SORT": "Cuba", "NAME_ALT": null, "MAPCOLOR7": 3, "MAPCOLOR8": 5, "MAPCOLOR9": 3, "MAPCOLOR13": 4, "POP_EST": 11333483, "POP_RANK": 14, "POP_YEAR": 2019, "GDP_MD": 100023, "GDP_YEAR": 2018, "ECONOMY": "5. Emerging region: G20", "INCOME_GRP": "3. Upper middle income", "FIPS_10": "CU", "ISO_A2": "CU", "ISO_A2_EH": "CU", "ISO_A3": "CUB", "ISO_A3_EH": "CUB", "ISO_N3": "192", "ISO_N3_EH": "192", "UN_A3": "192", "WB_A2": "CU", "WB_A3": "CUB", "WOE_ID": 23424793, "WOE_ID_EH": 23424793, "WOE_NOTE": "Exact WOE match as country", "ADM0_ISO": "CUB", "ADM0_DIFF": null, "ADM0_TLC": "CUB", "ADM0_A3_US": "CUB", "ADM0_A3_FR": "CUB", "ADM0_A3_RU": "CUB", "ADM0_A3_ES": "CUB", "ADM0_A3_CN": "CUB", "ADM0_A3_TW": "CUB", "ADM0_A3_IN": "CUB", "ADM0_A3_NP": "CUB", "ADM0_A3_PK": "CUB", "ADM0_A3_DE": "CUB", "ADM0_A3_GB": "CUB", "ADM0_A3_BR": "CUB", "ADM0_A3_IL": "CUB", "ADM0_A3_PS": "CUB", "ADM0_A3_SA": "CUB", "ADM0_A3_EG": "CUB", "ADM0_A3_MA": "CUB", "ADM0_A3_PT": "CUB", "ADM0_A3_AR": "CUB", "ADM0_A3_JP": "CUB", "ADM0_A3_KO": "CUB", "ADM0_A3_VN": "CUB", "ADM0_A3_TR": "CUB", "ADM0_A3_ID": "CUB", "ADM0_A3_PL": "CUB", "ADM0_A3_GR": "CUB", "ADM0_A3_IT": "CUB", "ADM0_A3_NL": "CUB", "ADM0_A3_SE": "CUB", "ADM0_A3_BD": "CUB", "ADM0_A3_UA": "CUB", "ADM0_A3_UN": -99, "ADM0_A3_WB": -99, "CONTINENT": "North America", "REGION_UN": "Americas", "SUBREGION": "Caribbean", "REGION_WB": "Latin America & Caribbean", "NAME_LEN": 4, "LONG_LEN": 4, "ABBREV_LEN": 4, "TINY": -99, "HOMEPART": 1, "MIN_ZOOM": 0, "MIN_LABEL": 2.7, "MAX_LABEL": 8, "LABEL_X": -77.975855, "LABEL_Y": 21.334024, "NE_ID": 1159320527, "WIKIDATAID": "Q241", "NAME_AR": "\u0643\u0648\u0628\u0627", "NAME_BN": "\u0995\u09bf\u0989\u09ac\u09be", "NAME_DE": "Kuba", "NAME_EN": "Cuba", "NAME_ES": "Cuba", "NAME_FA": "\u06a9\u0648\u0628\u0627", "NAME_FR": "Cuba", "NAME_EL": "\u039a\u03bf\u03cd\u03b2\u03b1", "NAME_HE": "\u05e7\u05d5\u05d1\u05d4", "NAME_HI": "\u0915\u094d\u092f\u0942\u092c\u093e", "NAME_HU": "Kuba", "NAME_ID": "Kuba", "NAME_IT": "Cuba", "NAME_JA": "\u30ad\u30e5\u30fc\u30d0", "NAME_KO": "\ucfe0\ubc14", "NAME_NL": "Cuba", "NAME_PL": "Kuba", "NAME_PT": "Cuba", "NAME_RU": "\u041a\u0443\u0431\u0430", "NAME_SV": "Kuba", "NAME_TR": "K\u00fcba", "NAME_UK": "\u041a\u0443\u0431\u0430", "NAME_UR": "\u06a9\u06cc\u0648\u0628\u0627", "NAME_VI": "Cuba", "NAME_ZH": "\u53e4\u5df4", "NAME_ZHT": "\u53e4\u5df4", "FCLASS_ISO": "Admin-0 country", "TLC_DIFF": null, "FCLASS_TLC": "Admin-0 country", "FCLASS_US": null, "FCLASS_FR": null, "FCLASS_RU": null, "FCLASS_ES": null, "FCLASS_CN": null, "FCLASS_TW": null, "FCLASS_IN": null, "FCLASS_NP": null, "FCLASS_PK": null, "FCLASS_DE": null, "FCLASS_GB": null, "FCLASS_BR": null, "FCLASS_IL": null, "FCLASS_PS": null, "FCLASS_SA": null, "FCLASS_EG": null, "FCLASS_MA": null, "FCLASS_PT": null, "FCLASS_AR": null, "FCLASS_JP": null, "FCLASS_KO": null, "FCLASS_VN": null, "FCLASS_TR": null, "FCLASS_ID": null, "FCLASS_PL": null, "FCLASS_GR": null, "FCLASS_IT": null, "FCLASS_NL": null, "FCLASS_SE": null, "FCLASS_BD": null, "FCLASS_UA": null}, "bbox": [-84.974911, 19.855481, -74.178025, 23.188611], "geometry": {"type": "Polygon", "coordinates": [[[-82.268151, 23.188611], [-76.523825, 21.20682], [-75.63468, 19.873774], [-79.285, 21.559175], [-83.9088, 22.154565], [-82.510436, 23.078747], [-82.268151, 23.188611]]]}}, {"type": "Feature", "properties": {"featurecla": "Admin-0 country", "scalerank": 1, "LABELRANK": 3, "SOVEREIGNT": "Zimbabwe", "SOV_A3": "ZWE", "ADM0_DIF": 0, "LEVEL": 2, "TYPE": "Sovereign country", "TLC": "1", "ADMIN": "Zimbabwe", "ADM0_A3": "ZWE", "GEOU_DIF": 0, "GEOUNIT": "Zimbabwe", "GU_A3": "ZWE", "SU_DIF": 0, "SUBUNIT": "Zimbabwe", "SU_A3": "ZWE", "BRK_DIFF": 0, "NAME": "Zimbabwe", "NAME_LONG": "Zimbabwe", "BRK_A3": "ZWE", "BRK_NAME": "Zimbabwe", "BRK_GROUP": null, "ABBREV": "Zimb.", "POSTAL": "ZW", "FORMAL_EN": "Republic of Zimbabwe", "FORMAL_FR": null, "NAME_CIAWF": "Zimbabwe", "NOTE_ADM0": null, "NOTE_BRK": null, "NAME_SORT": "Zimbabwe", "NAME_ALT": null, "MAPCOLOR7": 1, "MAPCOLOR8": 5, "MAPCOLOR9": 3, "MAPCOLOR13": 9, "POP_EST": 14645468, "POP_RANK": 14, "POP_YEAR": 2019, "GDP_MD": 21440, "GDP_YEAR": 2019, "ECONOMY": "5. Emerging region: G20", "INCOME_GRP": "5. Low income", "FIPS_10": "ZI", "ISO_A2": "ZW", "ISO_A2_EH": "ZW", "ISO_A3": "ZWE", "ISO_A3_EH": "ZWE", "ISO_N3": "716", "ISO_N3_EH": "716", "UN_A3": "716", "WB_A2": "ZW", "WB_A3": "ZWE", "WOE_ID": 23425004, "WOE_ID_EH": 23425004, "WOE_NOTE": "Exact WOE match as country", "ADM0_ISO": "ZWE", "ADM0_DIFF": null, "ADM0_TLC": "ZWE", "ADM0_A3_US": "ZWE", "ADM0_A3_FR": "ZWE", "ADM0_A3_RU": "ZWE", "ADM0_A3_ES": "ZWE", "ADM0_A3_CN": "ZWE", "ADM0_A3_TW": "ZWE", "ADM0_A3_IN": "ZWE", "ADM0_A3_NP": "ZWE", "ADM0_A3_PK": "ZWE", "ADM0_A3_DE": "ZWE", "ADM0_A3_GB": "ZWE", "ADM0_A3_BR": "ZWE", "ADM0_A3_IL": "ZWE", "ADM0_A3_PS": "ZWE", "ADM0_A3_SA": "ZWE", "ADM0_A3_EG": "ZWE", "ADM0_A3_MA": "ZWE", "ADM0_A3_PT": "ZWE", "ADM0_A3_AR": "ZWE", "ADM0_A3_JP": "ZWE", "ADM0_A3_KO": "ZWE", "ADM0_A3_VN": "ZWE", "ADM0_A3_TR": "ZWE", "ADM0_A3_ID": "ZWE", "ADM0_A3_PL": "ZWE", "ADM0_A3_GR": "ZWE", "ADM0_A3_IT": "ZWE", "ADM0_A3_NL": "ZWE", "ADM0_A3_SE": "ZWE", "ADM0_A3_BD": "ZWE", "ADM0_A3_UA": "ZWE", "ADM0_A3_UN": -99, "ADM0_A3_WB": -99, "CONTINENT": "Africa", "REGION_UN": "Africa", "SUBREGION": "Eastern Africa", "REGION_WB": "Sub-Saharan Africa", "NAME_LEN": 8, "LONG_LEN": 8, "ABBREV_LEN": 5, "TINY": -99, "HOMEPART": 1, "MIN_ZOOM": 0, "MIN_LABEL": 2.5, "MAX_LABEL": 8, "LABEL_X": 29.925444, "LABEL_Y": -18.91164, "NE_ID": 1159321441, "WIKIDATAID": "Q954", "NAME_AR": "\u0632\u064a\u0645\u0628\u0627\u0628\u0648\u064a", "NAME_BN": "\u099c\u09bf\u09ae\u09cd\u09ac\u09be\u09ac\u09c1\u09af\u09bc\u09c7", "NAME_DE": "Simbabwe", "NAME_EN": "Zimbabwe", "NAME_ES": "Zimbabue", "NAME_FA": "\u0632\u06cc\u0645\u0628\u0627\u0628\u0648\u0647", "NAME_FR": "Zimbabwe", "NAME_EL": "\u0396\u03b9\u03bc\u03c0\u03ac\u03bc\u03c0\u03bf\u03c5\u03b5", "NAME_HE": "\u05d6\u05d9\u05de\u05d1\u05d1\u05d5\u05d0\u05d4", "NAME_HI": "\u091c\u093c\u093f\u092e\u094d\u092c\u093e\u092c\u094d\u0935\u0947", "NAME_HU": "Zimbabwe", "NAME_ID": "Zimbabwe", "NAME_IT": "Zimbabwe", "NAME_JA": "\u30b8\u30f3\u30d0\u30d6\u30a8", "NAME_KO": "\uc9d0\ubc14\ube0c\uc6e8", "NAME_NL": "Zimbabwe", "NAME_PL": "Zimbabwe", "NAME_PT": "Zimb\u00e1bue", "NAME_RU": "\u0417\u0438\u043c\u0431\u0430\u0431\u0432\u0435", "NAME_SV": "Zimbabwe", "NAME_TR": "Zimbabve", "NAME_UK": "\u0417\u0456\u043c\u0431\u0430\u0431\u0432\u0435", "NAME_UR": "\u0632\u0645\u0628\u0627\u0628\u0648\u06d2", "NAME_VI": "Zimbabwe", "NAME_ZH": "\u6d25\u5df4\u5e03\u97e6", "NAME_ZHT": "\u8f9b\u5df4\u5a01", "FCLASS_ISO": "Admin-0 country", "TLC_DIFF": null, "FCLASS_TLC": "Admin-0 country", "FCLASS_US": null, "FCLASS_FR": null, "FCLASS_RU": null, "FCLASS_ES": null, "FCLASS_CN": null, "FCLASS_TW": null, "FCLASS_IN": null, "FCLASS_NP": null, "FCLASS_PK": null, "FCLASS_DE": null, "FCLASS_GB": null, "FCLASS_BR": null, "FCLASS_IL": null, "FCLASS_PS": null, "FCLASS_SA": null, "FCLASS_EG": null, "FCLASS_MA": null, "FCLASS_PT": null, "FCLASS_AR": null, "FCLASS_JP": null, "FCLASS_KO": null, "FCLASS_VN": null, "FCLASS_TR": null, "FCLASS_ID": null, "FCLASS_PL": null, "FCLASS_GR": null, "FCLASS_IT": null, "FCLASS_NL": null, "FCLASS_SE": null, "FCLASS_BD": null, "FCLASS_UA": null}, "bbox": [25.264226, -22.271612, 32.849861, -15.507787], "geometry": {"type": "Polygon", "coordinates": [[[31.191409, -22.25151], [27.724747, -20.499059], [27.044427, -17.938026], [31.173064, -15.860944], [32.772708, -19.715592], [31.191409, -22.25151]]]}}, {"type": "Feature", "properties": {"featurecla": "Admin-0 country", "scalerank": 1, "LABELRANK": 4, "SOVEREIGNT": "Botswana", "SOV_A3": "BWA", "ADM0_DIF": 0, "LEVEL": 2, "TYPE": "Sovereign country", "TLC": "1", "ADMIN": "Botswana", "ADM0_A3": "BWA", "GEOU_DIF": 0, "GEOUNIT": "Botswana", "GU_A3": "BWA", "SU_DIF": 0, "SUBUNIT": "Botswana", "SU_A3": "BWA", "BRK_DIFF": 0, "NAME": "Botswana", "NAME_LONG": "Botswana", "BRK_A3": "BWA", "BRK_NAME": "Botswana", "BRK_GROUP": null, "ABBREV": "Bwa.", "POSTAL": "BW", "FORMAL_EN": "Republic of Botswana", "FORMAL_FR": null, "NAME_CIAWF": "Botswana", "NOTE_ADM0": null, "NOTE_BRK": null, "NAME_SORT": "Botswana", "NAME_ALT": null, "MAPCOLOR7": 6, "MAPCOLOR8": 5, "MAPCOLOR9": 7, "MAPCOLOR13": 3, "POP_EST": 2303697, "POP_RANK": 12, "POP_YEAR": 2019, "GDP_MD": 18340, "GDP_YEAR": 2019, "ECONOMY": "6. Developing region", "INCOME_GRP": "3. Upper middle income", "FIPS_10": "BC", "ISO_A2": "BW", "ISO_A2_EH": "BW", "ISO_A3": "BWA", "ISO_A3_EH": "BWA", "ISO_N3": "072", "ISO_N3_EH": "072", "UN_A3": "072", "WB_A2": "BW", "WB_A3": "BWA", "WOE_ID": 23424755, "WOE_ID_EH": 23424755, "WOE_NOTE": "Exact WOE match as country", "ADM0_ISO": "BWA", "ADM0_DIFF": null, "ADM0_TLC": "BWA", "ADM0_A3_US": "BWA", "ADM0_A3_FR": "BWA", "ADM0_A3_RU": "BWA", "ADM0_A3_ES": "BWA", "ADM0_A3_CN": "BWA", "ADM0_A3_TW": "BWA", "ADM0_A3_IN": "BWA", "ADM0_A3_NP": "BWA", "ADM0_A3_PK": "BWA", "ADM0_A3_DE": "BWA", "ADM0_A3_GB": "BWA", "ADM0_A3_BR": "BWA", "ADM0_A3_IL": "BWA", "ADM0_A3_PS": "BWA", "ADM0_A3_SA": "BWA", "ADM0_A3_EG": "BWA", "ADM0_A3_MA": "BWA", "ADM0_A3_PT": "BWA", "ADM0_A3_AR": "BWA", "ADM0_A3_JP": "BWA", "ADM0_A3_KO": "BWA", "ADM0_A3_VN": "BWA", "ADM0_A3_TR": "BWA", "ADM0_A3_ID": "BWA", "ADM0_A3_PL": "BWA", "ADM0_A3_GR": "BWA", "ADM0_A3_IT": "BWA", "ADM0_A3_NL": "BWA", "ADM0_A3_SE": "BWA", "ADM0_A3_BD": "BWA", "ADM0_A3_UA": "BWA", "ADM0_A3_UN": -99, "ADM0_A3_WB": -99, "CONTINENT": "Africa", "REGION_UN": "Africa", "SUBREGION": "Southern Africa", "REGION_WB": "Sub-Saharan Africa", "NAME_LEN": 8, "LONG_LEN": 8, "ABBREV_LEN": 4, "TINY": -99, "HOMEPART": 1, "MIN_ZOOM": 0, "MIN_LABEL": 4, "MAX_LABEL": 9, "LABEL_X": 24.179216, "LABEL_Y": -22.102634, "NE_ID": 1159320461, "WIKIDATAID": "Q963", "NAME_AR": "\u0628\u0648\u062a\u0633\u0648\u0627\u0646\u0627", "NAME_BN": "\u09ac\u09a4\u09b8\u09cb\u09af\u09bc\u09be\u09a8\u09be", "NAME_DE": "Botswana", "NAME_EN": "Botswana", "NAME_ES": "Botsuana", "NAME_FA": "\u0628\u0648\u062a\u0633\u0648\u0627\u0646\u0627", "NAME_FR": "Botswana", "NAME_EL": "\u039c\u03c0\u03bf\u03c4\u03c3\u03bf\u03c5\u03ac\u03bd\u03b1", "NAME_HE": "\u05d1\u05d5\u05d8\u05e1\u05d5\u05d0\u05e0\u05d4", "NAME_HI": "\u092c\u094b\u0924\u094d\u0938\u0935\u093e\u0928\u093e", "NAME_HU": "Botswana", "NAME_ID": "Botswana", "NAME_IT": "Botswana", "NAME_JA": "\u30dc\u30c4\u30ef\u30ca", "NAME_KO": "\ubcf4\uce20\uc640\ub098", "NAME_NL": "Botswana", "NAME_PL": "Botswana", "NAME_PT": "Botsuana", "NAME_RU": "\u0411\u043e\u0442\u0441\u0432\u0430\u043d\u0430", "NAME_SV": "Botswana", "NAME_TR": "Botsvana", "NAME_UK": "\u0411\u043e\u0442\u0441\u0432\u0430\u043d\u0430", "NAME_UR": "\u0628\u0648\u0679\u0633\u0648\u0627\u0646\u0627", "NAME_VI": "Botswana", "NAME_ZH": "\u535a\u8328\u74e6\u7eb3", "NAME_ZHT": "\u6ce2\u672d\u90a3", "FCLASS_ISO": "Admin-0 country", "TLC_DIFF": null, "FCLASS_TLC": "Admin-0 country", "FCLASS_US": null, "FCLASS_FR": null, "FCLASS_RU": null, "FCLASS_ES": null, "FCLASS_CN": null, "FCLASS_TW": null, "FCLASS_IN": null, "FCLASS_NP": null, "FCLASS_PK": null, "FCLASS_DE": null, "FCLASS_GB": null, "FCLASS_BR": null, "FCLASS_IL": null, "FCLASS_PS": null, "FCLASS_SA": null, "FCLASS_EG": null, "FCLASS_MA": null, "FCLASS_PT": null, "FCLASS_AR": null, "FCLASS_JP": null, "FCLASS_KO": null, "FCLASS_VN": null, "FCLASS_TR": null, "FCLASS_ID": null, "FCLASS_PL": null, "FCLASS_GR": null, "FCLASS_IT": null, "FCLASS_NL": null, "FCLASS_SE": null, "FCLASS_BD": null, "FCLASS_UA": null}, "bbox": [19.895458, -26.828543, 29.432188, -17.661816], "geometry": {"type": "Polygon", "coordinates": [[[29.432188, -22.091313], [25.025171, -25.71967], [20.889609, -26.828543], [21.65504, -18.219146], [25.850391, -18.714413], [29.432188, -22.091313]]]}}, {"type": "Feature", "properties": {"featurecla": "Admin-0 country", "scalerank": 1, "LABELRANK": 3, "SOVEREIGNT": "Namibia", "SOV_A3": "NAM", "ADM0_DIF": 0, "LEVEL": 2, "TYPE": "Sovereign country", "TLC": "1", "ADMIN": "Namibia", "ADM0_A3": "NAM", "GEOU_DIF": 0, "GEOUNIT": "Namibia", "GU_A3": "NAM", "SU_DIF": 0, "SUBUNIT": "Namibia", "SU_A3": "NAM", "BRK_DIFF": 0, "NAME": "Namibia", "NAME_LONG": "Namibia", "BRK_A3": "NAM", "BRK_NAME": "Namibia", "BRK_GROUP": null, "ABBREV": "Nam.", "POSTAL": "NA", "FORMAL_EN": "Republic of Namibia", "FORMAL_FR": null, "NAME_CIAWF": "Namibia", "NOTE_ADM0": null, "NOTE_BRK": null, "NAME_SORT": "Namibia", "NAME_ALT": null, "MAPCOLOR7": 4, "MAPCOLOR8": 1, "MAPCOLOR9": 1, "MAPCOLOR13": 7, "POP_EST": 2494530, "POP_RANK": 12, "POP_YEAR": 2019, "GDP_MD": 12366, "GDP_YEAR": 2019, "ECONOMY": "6. Developing region", "INCOME_GRP": "3. Upper middle income", "FIPS_10": "WA", "ISO_A2": "NA", "ISO_A2_EH": "NA", "ISO_A3": "NAM", "ISO_A3_EH": "NAM", "ISO_N3": "516", "ISO_N3_EH": "516", "UN_A3": "516", "WB_A2": "NA", "WB_A3": "NAM", "WOE_ID": 23424987, "WOE_ID_EH": 23424987, "WOE_NOTE": "Exact WOE match as country", "ADM0_ISO": "NAM", "ADM0_DIFF": null, "ADM0_TLC": "NAM", "ADM0_A3_US": "NAM", "ADM0_A3_FR": "NAM", "ADM0_A3_RU": "NAM", "ADM0_A3_ES": "NAM", "ADM0_A3_CN": "NAM", "ADM0_A3_TW": "NAM", "ADM0_A3_IN": "NAM", "ADM0_A3_NP": "NAM", "ADM0_A3_PK": "NAM", "ADM0_A3_DE": "NAM", "ADM0_A3_GB": "NAM", "ADM0_A3_BR": "NAM", "ADM0_A3_IL": "NAM", "ADM0_A3_PS": "NAM", "ADM0_A3_SA": "NAM", "ADM0_A3_EG": "NAM", "ADM0_A3_MA": "NAM", "ADM0_A3_PT": "NAM", "ADM0_A3_AR": "NAM", "ADM0_A3_JP": "NAM", "ADM0_A3_KO": "NAM", "ADM0_A3_VN": "NAM", "ADM0_A3_TR": "NAM", "ADM0_A3_ID": "NAM", "ADM0_A3_PL": "NAM", "ADM0_A3_GR": "NAM", "ADM0_A3_IT": "NAM", "ADM0_A3_NL": "NAM", "ADM0_A3_SE": "NAM", "ADM0_A3_BD": "NAM", "ADM0_A3_UA": "NAM", "ADM0_A3_UN": -99, "ADM0_A3_WB": -99, "CONTINENT": "Africa", "REGION_UN": "Africa", "SUBREGION": "Southern Africa", "REGION_WB": "Sub-Saharan Africa", "NAME_LEN": 7, "LONG_LEN": 7, "ABBREV_LEN": 4, "TINY": -99, "HOMEPART": 1, "MIN_ZOOM": 0, "MIN_LABEL": 3, "MAX_LABEL": 7.5, "LABEL_X": 17.108166, "LABEL_Y": -20.575298, "NE_ID": 1159321085, "WIKIDATAID": "Q1030", "NAME_AR": "\u0646\u0627\u0645\u064a\u0628\u064a\u0627", "NAME_BN": "\u09a8\u09be\u09ae\u09bf\u09ac\u09bf\u09af\u09bc\u09be", "NAME_DE": "Namibia", "NAME_EN": "Namibia", "NAME_ES": "Namibia", "NAME_FA": "\u0646\u0627\u0645\u06cc\u0628\u06cc\u0627", "NAME_FR": "Namibie", "NAME_EL": "\u039d\u03b1\u03bc\u03af\u03bc\u03c0\u03b9\u03b1", "NAME_HE": "\u05e0\u05de\u05d9\u05d1\u05d9\u05d4", "NAME_HI": "\u0928\u093e\u092e\u0940\u092c\u093f\u092f\u093e", "NAME_HU": "Nam\u00edbia", "NAME_ID": "Namibia", "NAME_IT": "Namibia", "NAME_JA": "\u30ca\u30df\u30d3\u30a2", "NAME_KO": "\ub098\ubbf8\ube44\uc544", "NAME_NL": "Namibi\u00eb", "NAME_PL": "Namibia", "NAME_PT": "Nam\u00edbia", "NAME_RU": "\u041d\u0430\u043c\u0438\u0431\u0438\u044f", "NAME_SV": "Namibia", "NAME_TR": "Namibya", "NAME_UK": "\u041d\u0430\u043c\u0456\u0431\u0456\u044f", "NAME_UR": "\u0646\u0645\u06cc\u0628\u06cc\u0627", "NAME_VI": "Namibia", "NAME_ZH": "\u7eb3\u7c73\u6bd4\u4e9a", "NAME_ZHT": "\u7d0d\u7c73\u6bd4\u4e9e", "FCLASS_ISO": "Admin-0 country", "TLC_DIFF": null, "FCLASS_TLC": "Admin-0 country", "FCLASS_US": null, "FCLASS_FR": null, "FCLASS_RU": null, "FCLASS_ES": null, "FCLASS_CN": null, "FCLASS_TW": null, "FCLASS_IN": null, "FCLASS_NP": null, "FCLASS_PK": null, "FCLASS_DE": null, "FCLASS_GB": null, "FCLASS_BR": null, "FCLASS_IL": null, "FCLASS_PS": null, "FCLASS_SA": null, "FCLASS_EG": null, "FCLASS_MA": null, "FCLASS_PT": null, "FCLASS_AR": null, "FCLASS_JP": null, "FCLASS_KO": null, "FCLASS_VN": null, "FCLASS_TR": null, "FCLASS_ID": null, "FCLASS_PL": null, "FCLASS_GR": null, "FCLASS_IT": null, "FCLASS_NL": null, "FCLASS_SE": null, "FCLASS_BD": null, "FCLASS_UA": null}, "bbox": [11.734199, -29.045462, 25.084443, -16.941343], "geometry": {"type": "Polygon", "coordinates": [[[19.895768, -24.76779], [16.344977, -28.576705], [13.868642, -21.699037], [13.462362, -16.971212], [24.682349, -17.353411], [20.910641, -18.252219], [19.895768, -24.76779]]]}}, {"type": "Feature", "properties": {"featurecla": "Admin-0 country", "scalerank": 1, "LABELRANK": 3, "SOVEREIGNT": "Senegal", "SOV_A3": "SEN", "ADM0_DIF": 0, "LEVEL": 2, "TYPE": "Sovereign country", "TLC": "1", "ADMIN": "Senegal", "ADM0_A3": "SEN", "GEOU_DIF": 0, "GEOUNIT": "Senegal", "GU_A3": "SEN", "SU_DIF": 0, "SUBUNIT": "Senegal", "SU_A3": "SEN", "BRK_DIFF": 0, "NAME": "Senegal", "NAME_LONG": "Senegal", "BRK_A3": "SEN", "BRK_NAME": "Senegal", "BRK_GROUP": null, "ABBREV": "Sen.", "POSTAL": "SN", "FORMAL_EN": "Republic of Senegal", "FORMAL_FR": null, "NAME_CIAWF": "Senegal", "NOTE_ADM0": null, "NOTE_BRK": null, "NAME_SORT": "Senegal", "NAME_ALT": null, "MAPCOLOR7": 2, "MAPCOLOR8": 6, "MAPCOLOR9": 5, "MAPCOLOR13": 5, "POP_EST": 16296364, "POP_RANK": 14, "POP_YEAR": 2019, "GDP_MD": 23578, "GDP_YEAR": 2019, "ECONOMY": "7. Least developed region", "INCOME_GRP": "4. Lower middle income", "FIPS_10": "SG", "ISO_A2": "SN", "ISO_A2_EH": "SN", "ISO_A3": "SEN", "ISO_A3_EH": "SEN", "ISO_N3": "686", "ISO_N3_EH": "686", "UN_A3": "686", "WB_A2": "SN", "WB_A3": "SEN", "WOE_ID": 23424943, "WOE_ID_EH": 23424943, "WOE_NOTE": "Exact WOE match as country", "ADM0_ISO": "SEN", "ADM0_DIFF": null, "ADM0_TLC": "SEN", "ADM0_A3_US": "SEN", "ADM0_A3_FR": "SEN", "ADM0_A3_RU": "SEN", "ADM0_A3_ES": "SEN", "ADM0_A3_CN": "SEN", "ADM0_A3_TW": "SEN", "ADM0_A3_IN": "SEN", "ADM0_A3_NP": "SEN", "ADM0_A3_PK": "SEN", "ADM0_A3_DE": "SEN", "ADM0_A3_GB": "SEN", "ADM0_A3_BR": "SEN", "ADM0_A3_IL": "SEN", "ADM0_A3_PS": "SEN", "ADM0_A3_SA": "SEN", "ADM0_A3_EG": "SEN", "ADM0_A3_MA": "SEN", "ADM0_A3_PT": "SEN", "ADM0_A3_AR": "SEN", "ADM0_A3_JP": "SEN", "ADM0_A3_KO": "SEN", "ADM0_A3_VN": "SEN", "ADM0_A3_TR": "SEN", "ADM0_A3_ID": "SEN", "ADM0_A3_PL": "SEN", "ADM0_A3_GR": "SEN", "ADM0_A3_IT": "SEN", "ADM0_A3_NL": "SEN", "ADM0_A3_SE": "SEN", "ADM0_A3_BD": "SEN", "ADM0_A3_UA": "SEN", "ADM0_A3_UN": -99, "ADM0_A3_WB": -99, "CONTINENT": "Africa", "REGION_UN": "Africa", "SUBREGION": "Western Africa", "REGION_WB": "Sub-Saharan Africa", "NAME_LEN": 7, "LONG_LEN": 7, "ABBREV_LEN": 4, "TINY": -99, "HOMEPART": 1, "MIN_ZOOM": 0, "MIN_LABEL": 2.7, "MAX_LABEL": 8, "LABEL_X": -14.778586, "LABEL_Y": 15.138125, "NE_ID": 1159321243, "WIKIDATAID": "Q1041", "NAME_AR": "\u0627\u0644\u0633\u0646\u063a\u0627\u0644", "NAME_BN": "\u09b8\u09c7\u09a8\u09c7\u0997\u09be\u09b2", "NAME_DE": "Senegal", "NAME_EN": "Senegal", "NAME_ES": "Senegal", "NAME_FA": "\u0633\u0646\u06af\u0627\u0644", "NAME_FR": "S\u00e9n\u00e9gal", "NAME_EL": "\u03a3\u03b5\u03bd\u03b5\u03b3\u03ac\u03bb\u03b7", "NAME_HE": "\u05e1\u05e0\u05d2\u05dc", "NAME_HI": "\u0938\u0947\u0928\u0947\u0917\u0932", "NAME_HU": "Szeneg\u00e1l", "NAME_ID": "Senegal", "NAME_IT": "Senegal", "NAME_JA": "\u30bb\u30cd\u30ac\u30eb", "NAME_KO": "\uc138\ub124\uac08", "NAME_NL": "Senegal", "NAME_PL": "Senegal", "NAME_PT": "Senegal", "NAME_RU": "\u0421\u0435\u043d\u0435\u0433\u0430\u043b", "NAME_SV": "Senegal", "NAME_TR": "Senegal", "NAME_UK": "\u0421\u0435\u043d\u0435\u0433\u0430\u043b", "NAME_UR": "\u0633\u06cc\u0646\u06cc\u06af\u0627\u0644", "NAME_VI": "S\u00e9n\u00e9gal", "NAME_ZH": "\u585e\u5185\u52a0\u5c14", "NAME_ZHT": "\u585e\u5167\u52a0\u723e", "FCLASS_ISO": "Admin-0 country", "TLC_DIFF": null, "FCLASS_TLC": "Admin-0 country", "FCLASS_US": null, "FCLASS_FR": null, "FCLASS_RU": null, "FCLASS_ES": null, "FCLASS_CN": null, "FCLASS_TW": null, "FCLASS_IN": null, "FCLASS_NP": null, "FCLASS_PK": null, "FCLASS_DE": null, "FCLASS_GB": null, "FCLASS_BR": null, "FCLASS_IL": null, "FCLASS_PS": null, "FCLASS_SA": null, "FCLASS_EG": null, "FCLASS_MA": null, "FCLASS_PT": null, "FCLASS_AR": null, "FCLASS_JP": null, "FCLASS_KO": null, "FCLASS_VN": null, "FCLASS_TR": null, "FCLASS_ID": null, "FCLASS_PL": null, "FCLASS_GR": null, "FCLASS_IT": null, "FCLASS_NL": null, "FCLASS_SE": null, "FCLASS_BD": null, "FCLASS_UA": null}, "bbox": [-17.625043, 12.33209, -11.467899, 16.598264], "geometry": {"type": "Polygon", "coordinates": [[[-16.713729, 13.594959], [-15.135737, 16.587282], [-11.553398, 13.141214], [-13.700476, 12.586183], [-15.511813, 13.27857], [-15.081735, 13.876492], [-16.713729, 13.594959]]]}}, {"type": "Feature", "properties": {"featurecla": "Admin-0 country", "scalerank": 1, "LABELRANK": 3, "SOVEREIGNT": "Mali", "SOV_A3": "MLI", "ADM0_DIF": 0, "LEVEL": 2, "TYPE": "Sovereign country", "TLC": "1", "ADMIN": "Mali", "ADM0_A3": "MLI", "GEOU_DIF": 0, "GEOUNIT": "Mali", "GU_A3": "MLI", "SU_DIF": 0, "SUBUNIT": "Mali", "SU_A3": "MLI", "BRK_DIFF": 0, "NAME": "Mali", "NAME_LONG": "Mali", "BRK_A3": "MLI", "BRK_NAME": "Mali", "BRK_GROUP": null, "ABBREV": "Mali", "POSTAL": "ML", "FORMAL_EN": "Republic of Mali", "FORMAL_FR": null, "NAME_CIAWF": "Mali", "NOTE_ADM0": null, "NOTE_BRK": null, "NAME_SORT": "Mali", "NAME_ALT": null, "MAPCOLOR7": 1, "MAPCOLOR8": 4, "MAPCOLOR9": 1, "MAPCOLOR13": 7, "POP_EST": 19658031, "POP_RANK": 14, "POP_YEAR": 2019, "GDP_MD": 17279, "GDP_YEAR": 2019, "ECONOMY": "7. Least developed region", "INCOME_GRP": "5. Low income", "FIPS_10": "ML", "ISO_A2": "ML", "ISO_A2_EH": "ML", "ISO_A3": "MLI", "ISO_A3_EH": "MLI", "ISO_N3": "466", "ISO_N3_EH": "466", "UN_A3": "466", "WB_A2": "ML", "WB_A3": "MLI", "WOE_ID": 23424891, "WOE_ID_EH": 23424891, "WOE_NOTE": "Exact WOE match as country", "ADM0_ISO": "MLI", "ADM0_DIFF": null, "ADM0_TLC": "MLI", "ADM0_A3_US": "MLI", "ADM0_A3_FR": "MLI", "ADM0_A3_RU": "MLI", "ADM0_A3_ES": "MLI", "ADM0_A3_CN": "MLI", "ADM0_A3_TW": "MLI", "ADM0_A3_IN": "MLI", "ADM0_A3_NP": "MLI", "ADM0_A3_PK": "MLI", "ADM0_A3_DE": "MLI", "ADM0_A3_GB": "MLI", "ADM0_A3_BR": "MLI", "ADM0_A3_IL": "MLI", "ADM0_A3_PS": "MLI", "ADM0_A3_SA": "MLI", "ADM0_A3_EG": "MLI", "ADM0_A3_MA": "MLI", "ADM0_A3_PT": "MLI", "ADM0_A3_AR": "MLI", "ADM0_A3_JP": "MLI", "ADM0_A3_KO": "MLI", "ADM0_A3_VN": "MLI", "ADM0_A3_TR": "MLI", "ADM0_A3_ID": "MLI", "ADM0_A3_PL": "MLI", "ADM0_A3_GR": "MLI", "ADM0_A3_IT": "MLI", "ADM0_A3_NL": "MLI", "ADM0_A3_SE": "MLI", "ADM0_A3_BD": "MLI", "ADM0_A3_UA": "MLI", "ADM0_A3_UN": -99, "ADM0_A3_WB": -99, "CONTINENT": "Africa", "REGION_UN": "Africa", "SUBREGION": "Western Africa", "REGION_WB": "Sub-Saharan Africa", "NAME_LEN": 4, "LONG_LEN": 4, "ABBREV_LEN": 4, "TINY": -99, "HOMEPART": 1, "MIN_ZOOM": 0, "MIN_LABEL": 3, "MAX_LABEL": 7, "LABEL_X": -2.038455, "LABEL_Y": 18.692713, "NE_ID": 1159321063, "WIKIDATAID": "Q912", "NAME_AR": "\u0645\u0627\u0644\u064a", "NAME_BN": "\u09ae\u09be\u09b2\u09bf", "NAME_DE": "Mali", "NAME_EN": "Mali", "NAME_ES": "Mal\u00ed", "NAME_FA": "\u0645\u0627\u0644\u06cc", "NAME_FR": "Mali", "NAME_EL": "\u039c\u03ac\u03bb\u03b9", "NAME_HE": "\u05de\u05d0\u05dc\u05d9", "NAME_HI": "\u092e\u093e\u0932\u0940", "NAME_HU": "Mali", "NAME_ID": "Mali", "NAME_IT": "Mali", "NAME_JA": "\u30de\u30ea\u5171\u548c\u56fd", "NAME_KO": "\ub9d0\ub9ac", "NAME_NL": "Mali", "NAME_PL": "Mali", "NAME_PT": "Mali", "NAME_RU": "\u041c\u0430\u043b\u0438", "NAME_SV": "Mali", "NAME_TR": "Mali", "NAME_UK": "\u041c\u0430\u043b\u0456", "NAME_UR": "\u0645\u0627\u0644\u06cc", "NAME_VI": "Mali", "NAME_ZH": "\u9a6c\u91cc", "NAME_ZHT": "\u99ac\u5229\u5171\u548c\u570b", "FCLASS_ISO": "Admin-0 country", "TLC_DIFF": null, "FCLASS_TLC": "Admin-0 country", "FCLASS_US": null, "FCLASS_FR": null, "FCLASS_RU": null, "FCLASS_ES": null, "FCLASS_CN": null, "FCLASS_TW": null, "FCLASS_IN": null, "FCLASS_NP": null, "FCLASS_PK": null, "FCLASS_DE": null, "FCLASS_GB": null, "FCLASS_BR": null, "FCLASS_IL": null, "FCLASS_PS": null, "FCLASS_SA": null, "FCLASS_EG": null, "FCLASS_MA": null, "FCLASS_PT": null, "FCLASS_AR": null, "FCLASS_JP": null, "FCLASS_KO": null, "FCLASS_VN": null, "FCLASS_TR": null, "FCLASS_ID": null, "FCLASS_PL": null, "FCLASS_GR": null, "FCLASS_IT": null, "FCLASS_NL": null, "FCLASS_SE": null, "FCLASS_BD": null, "FCLASS_UA": null}, "bbox": [-12.17075, 10.096361, 4.27021, 24.974574], "geometry": {"type": "Polygon", "coordinates": [[[-11.513943, 12.442988], [-11.349095, 15.411256], [-5.971129, 20.640833], [3.158133, 19.057364], [0.374892, 14.928908], [-3.522803, 13.337662], [-5.816926, 10.222555], [-8.029944, 10.206535], [-8.905265, 12.088358], [-11.036556, 12.211245], [-11.513943, 12.442988]]]}}, {"type": "Feature", "properties": {"featurecla": "Admin-0 country", "scalerank": 1, "LABELRANK": 3, "SOVEREIGNT": "Mauritania", "SOV_A3": "MRT", "ADM0_DIF": 0, "LEVEL": 2, "TYPE": "Sovereign country", "TLC": "1", "ADMIN": "Mauritania", "ADM0_A3": "MRT", "GEOU_DIF": 0, "GEOUNIT": "Mauritania", "GU_A3": "MRT", "SU_DIF": 0, "SUBUNIT": "Mauritania", "SU_A3": "MRT", "BRK_DIFF": 0, "NAME": "Mauritania", "NAME_LONG": "Mauritania", "BRK_A3": "MRT", "BRK_NAME": "Mauritania", "BRK_GROUP": null, "ABBREV": "Mrt.", "POSTAL": "MR", "FORMAL_EN": "Islamic Republic of Mauritania", "FORMAL_FR": null, "NAME_CIAWF": "Mauritania", "NOTE_ADM0": null, "NOTE_BRK": null, "NAME_SORT": "Mauritania", "NAME_ALT": null, "MAPCOLOR7": 3, "MAPCOLOR8": 3, "MAPCOLOR9": 2, "MAPCOLOR13": 1, "POP_EST": 4525696, "POP_RANK": 12, "POP_YEAR": 2019, "GDP_MD": 7600, "GDP_YEAR": 2019, "ECONOMY": "7. Least developed region", "INCOME_GRP": "5. Low income", "FIPS_10": "MR", "ISO_A2": "MR", "ISO_A2_EH": "MR", "ISO_A3": "MRT", "ISO_A3_EH": "MRT", "ISO_N3": "478", "ISO_N3_EH": "478", "UN_A3": "478", "WB_A2": "MR", "WB_A3": "MRT", "WOE_ID": 23424896, "WOE_ID_EH": 23424896, "WOE_NOTE": "Exact WOE match as country", "ADM0_ISO": "MRT", "ADM0_DIFF": null, "ADM0_TLC": "MRT", "ADM0_A3_US": "MRT", "ADM0_A3_FR": "MRT", "ADM0_A3_RU": "MRT", "ADM0_A3_ES": "MRT", "ADM0_A3_CN": "MRT", "ADM0_A3_TW": "MRT", "ADM0_A3_IN": "MRT", "ADM0_A3_NP": "MRT", "ADM0_A3_PK": "MRT", "ADM0_A3_DE": "MRT", "ADM0_A3_GB": "MRT", "ADM0_A3_BR": "MRT", "ADM0_A3_IL": "MRT", "ADM0_A3_PS": "MRT", "ADM0_A3_SA": "MRT", "ADM0_A3_EG": "MRT", "ADM0_A3_MA": "MRT", "ADM0_A3_PT": "MRT", "ADM0_A3_AR": "MRT", "ADM0_A3_JP": "MRT", "ADM0_A3_KO": "MRT", "ADM0_A3_VN": "MRT", "ADM0_A3_TR": "MRT", "ADM0_A3_ID": "MRT", "ADM0_A3_PL": "MRT", "ADM0_A3_GR": "MRT", "ADM0_A3_IT": "MRT", "ADM0_A3_NL": "MRT", "ADM0_A3_SE": "MRT", "ADM0_A3_BD": "MRT", "ADM0_A3_UA": "MRT", "ADM0_A3_UN": -99, "ADM0_A3_WB": -99, "CONTINENT": "Africa", "REGION_UN": "Africa", "SUBREGION": "Western Africa", "REGION_WB": "Sub-Saharan Africa", "NAME_LEN": 10, "LONG_LEN": 10, "ABBREV_LEN": 4, "TINY": -99, "HOMEPART": 1, "MIN_ZOOM": 0, "MIN_LABEL": 3, "MAX_LABEL": 8, "LABEL_X": -9.740299, "LABEL_Y": 19.587062, "NE_ID": 1159321075, "WIKIDATAID": "Q1025", "NAME_AR": "\u0645\u0648\u0631\u064a\u062a\u0627\u0646\u064a\u0627", "NAME_BN": "\u09ae\u09cc\u09b0\u09bf\u09a4\u09be\u09a8\u09bf\u09af\u09bc\u09be", "NAME_DE": "Mauretanien", "NAME_EN": "Mauritania", "NAME_ES": "Mauritania", "NAME_FA": "\u0645\u0648\u0631\u06cc\u062a\u0627\u0646\u06cc", "NAME_FR": "Mauritanie", "NAME_EL": "\u039c\u03b1\u03c5\u03c1\u03b9\u03c4\u03b1\u03bd\u03af\u03b1", "NAME_HE": "\u05de\u05d0\u05d5\u05e8\u05d9\u05d8\u05e0\u05d9\u05d4", "NAME_HI": "\u092e\u0949\u0930\u0940\u0924\u093e\u0928\u093f\u092f\u093e", "NAME_HU": "Maurit\u00e1nia", "NAME_ID": "Mauritania", "NAME_IT": "Mauritania", "NAME_JA": "\u30e2\u30fc\u30ea\u30bf\u30cb\u30a2", "NAME_KO": "\ubaa8\ub9ac\ud0c0\ub2c8", "NAME_NL": "Mauritani\u00eb", "NAME_PL": "Mauretania", "NAME_PT": "Maurit\u00e2nia", "NAME_RU": "\u041c\u0430\u0432\u0440\u0438\u0442\u0430\u043d\u0438\u044f", "NAME_SV": "Mauretanien", "NAME_TR": "Moritanya", "NAME_UK": "\u041c\u0430\u0432\u0440\u0438\u0442\u0430\u043d\u0456\u044f", "NAME_UR": "\u0645\u0648\u0631\u06cc\u062a\u0627\u0646\u06cc\u06c1", "NAME_VI": "Mauritanie", "NAME_ZH": "\u6bdb\u91cc\u5854\u5c3c\u4e9a", "NAME_ZHT": "\u8305\u5229\u5854\u5c3c\u4e9e", "FCLASS_ISO": "Admin-0 country", "TLC_DIFF": null, "FCLASS_TLC": "Admin-0 country", "FCLASS_US": null, "FCLASS_FR": null, "FCLASS_RU": null, "FCLASS_ES": null, "FCLASS_CN": null, "FCLASS_TW": null, "FCLASS_IN": null, "FCLASS_NP": null, "FCLASS_PK": null, "FCLASS_DE": null, "FCLASS_GB": null, "FCLASS_BR": null, "FCLASS_IL": null, "FCLASS_PS": null, "FCLASS_SA": null, "FCLASS_EG": null, "FCLASS_MA": null, "FCLASS_PT": null, "FCLASS_AR": null, "FCLASS_JP": null, "FCLASS_KO": null, "FCLASS_VN": null, "FCLASS_TR": null, "FCLASS_ID": null, "FCLASS_PL": null, "FCLASS_GR": null, "FCLASS_IT": null, "FCLASS_NL": null, "FCLASS_SE": null, "FCLASS_BD": null, "FCLASS_UA": null}, "bbox": [-17.063423, 14.616834, -4.923337, 27.395744], "geometry": {"type": "Polygon", "coordinates": [[[-17.063423, 20.999752], [-8.6844, 27.395744], [-9.700255, 15.264107], [-13.435738, 16.039383], [-16.270552, 17.166963], [-17.063423, 20.999752]]]}}, {"type": "Feature", "properties": {"featurecla": "Admin-0 country", "scalerank": 1, "LABELRANK": 5, "SOVEREIGNT": "Benin", "SOV_A3": "BEN", "ADM0_DIF": 0, "LEVEL": 2, "TYPE": "Sovereign country", "TLC": "1", "ADMIN": "Benin", "ADM0_A3": "BEN", "GEOU_DIF": 0, "GEOUNIT": "Benin", "GU_A3": "BEN", "SU_DIF": 0, "SUBUNIT": "Benin", "SU_A3": "BEN", "BRK_DIFF": 0, "NAME": "Benin", "NAME_LONG": "Benin", "BRK_A3": "BEN", "BRK_NAME": "Benin", "BRK_GROUP": null, "ABBREV": "Benin", "POSTAL": "BJ", "FORMAL_EN": "Republic of Benin", "FORMAL_FR": null, "NAME_CIAWF": "Benin", "NOTE_ADM0": null, "NOTE_BRK": null, "NAME_SORT": "Benin", "NAME_ALT": null, "MAPCOLOR7": 1, "MAPCOLOR8": 2, "MAPCOLOR9": 2, "MAPCOLOR13": 12, "POP_EST": 11801151, "POP_RANK": 14, "POP_YEAR": 2019, "GDP_MD": 14390, "GDP_YEAR": 2019, "ECONOMY": "7. Least developed region", "INCOME_GRP": "5. Low income", "FIPS_10": "BN", "ISO_A2": "BJ", "ISO_A2_EH": "BJ", "ISO_A3": "BEN", "ISO_A3_EH": "BEN", "ISO_N3": "204", "ISO_N3_EH": "204", "UN_A3": "204", "WB_A2": "BJ", "WB_A3": "BEN", "WOE_ID": 23424764, "WOE_ID_EH": 23424764, "WOE_NOTE": "Exact WOE match as country", "ADM0_ISO": "BEN", "ADM0_DIFF": null, "ADM0_TLC": "BEN", "ADM0_A3_US": "BEN", "ADM0_A3_FR": "BEN", "ADM0_A3_RU": "BEN", "ADM0_A3_ES": "BEN", "ADM0_A3_CN": "BEN", "ADM0_A3_TW": "BEN", "ADM0_A3_IN": "BEN", "ADM0_A3_NP": "BEN", "ADM0_A3_PK": "BEN", "ADM0_A3_DE": "BEN", "ADM0_A3_GB": "BEN", "ADM0_A3_BR": "BEN", "ADM0_A3_IL": "BEN", "ADM0_A3_PS": "BEN", "ADM0_A3_SA": "BEN", "ADM0_A3_EG": "BEN", "ADM0_A3_MA": "BEN", "ADM0_A3_PT": "BEN", "ADM0_A3_AR": "BEN", "ADM0_A3_JP": "BEN", "ADM0_A3_KO": "BEN", "ADM0_A3_VN": "BEN", "ADM0_A3_TR": "BEN", "ADM0_A3_ID": "BEN", "ADM0_A3_PL": "BEN", "ADM0_A3_GR": "BEN", "ADM0_A3_IT": "BEN", "ADM0_A3_NL": "BEN", "ADM0_A3_SE": "BEN", "ADM0_A3_BD": "BEN", "ADM0_A3_UA": "BEN", "ADM0_A3_UN": -99, "ADM0_A3_WB": -99, "CONTINENT": "Africa", "REGION_UN": "Africa", "SUBREGION": "Western Africa", "REGION_WB": "Sub-Saharan Africa", "NAME_LEN": 5, "LONG_LEN": 5, "ABBREV_LEN": 5, "TINY": -99, "HOMEPART": 1, "MIN_ZOOM": 0, "MIN_LABEL": 4, "MAX_LABEL": 9, "LABEL_X": 2.352018, "LABEL_Y": 10.324775, "NE_ID": 1159320399, "WIKIDATAID": "Q962", "NAME_AR": "\u0628\u0646\u064a\u0646", "NAME_BN": "\u09ac\u09c7\u09a8\u09bf\u09a8", "NAME_DE": "Benin", "NAME_EN": "Benin", "NAME_ES": "Ben\u00edn", "NAME_FA": "\u0628\u0646\u06cc\u0646", "NAME_FR": "B\u00e9nin", "NAME_EL": "\u039c\u03c0\u03b5\u03bd\u03af\u03bd", "NAME_HE": "\u05d1\u05e0\u05d9\u05df", "NAME_HI": "\u092c\u0947\u0928\u093f\u0928", "NAME_HU": "Benin", "NAME_ID": "Benin", "NAME_IT": "Benin", "NAME_JA": "\u30d9\u30ca\u30f3", "NAME_KO": "\ubca0\ub0c9", "NAME_NL": "Benin", "NAME_PL": "Benin", "NAME_PT": "Benim", "NAME_RU": "\u0411\u0435\u043d\u0438\u043d", "NAME_SV": "Benin", "NAME_TR": "Benin", "NAME_UK": "\u0411\u0435\u043d\u0456\u043d", "NAME_UR": "\u0628\u06cc\u0646\u0646", "NAME_VI": "B\u00e9nin", "NAME_ZH": "\u8d1d\u5b81", "NAME_ZHT": "\u8c9d\u5357", "FCLASS_ISO": "Admin-0 country", "TLC_DIFF": null, "FCLASS_TLC": "Admin-0 country", "FCLASS_US": null, "FCLASS_FR": null, "FCLASS_RU": null, "FCLASS_ES": null, "FCLASS_CN": null, "FCLASS_TW": null, "FCLASS_IN": null, "FCLASS_NP": null, "FCLASS_PK": null, "FCLASS_DE": null, "FCLASS_GB": null, "FCLASS_BR": null, "FCLASS_IL": null, "FCLASS_PS": null, "FCLASS_SA": null, "FCLASS_EG": null, "FCLASS_MA": null, "FCLASS_PT": null, "FCLASS_AR": null, "FCLASS_JP": null, "FCLASS_KO": null, "FCLASS_VN": null, "FCLASS_TR": null, "FCLASS_ID": null, "FCLASS_PL": null, "FCLASS_GR": null, "FCLASS_IT": null, "FCLASS_NL": null, "FCLASS_SE": null, "FCLASS_BD": null, "FCLASS_UA": null}, "bbox": [0.772336, 6.142158, 3.797112, 12.235636], "geometry": {"type": "Polygon", "coordinates": [[[2.691702, 6.258817], [0.899563, 10.997339], [3.572216, 11.327939], [2.691702, 6.258817]]]}}, {"type": "Feature", "properties": {"featurecla": "Admin-0 country", "scalerank": 1, "LABELRANK": 3, "SOVEREIGNT": "Niger", "SOV_A3": "NER", "ADM0_DIF": 0, "LEVEL": 2, "TYPE": "Sovereign country", "TLC": "1", "ADMIN": "Niger", "ADM0_A3": "NER", "GEOU_DIF": 0, "GEOUNIT": "Niger", "GU_A3": "NER", "SU_DIF": 0, "SUBUNIT": "Niger", "SU_A3": "NER", "BRK_DIFF": 0, "NAME": "Niger", "NAME_LONG": "Niger", "BRK_A3": "NER", "BRK_NAME": "Niger", "BRK_GROUP": null, "ABBREV": "Niger", "POSTAL": "NE", "FORMAL_EN": "Republic of Niger", "FORMAL_FR": null, "NAME_CIAWF": "Niger", "NOTE_ADM0": null, "NOTE_BRK": null, "NAME_SORT": "Niger", "NAME_ALT": null, "MAPCOLOR7": 4, "MAPCOLOR8": 5, "MAPCOLOR9": 3, "MAPCOLOR13": 13, "POP_EST": 23310715, "POP_RANK": 15, "POP_YEAR": 2019, "GDP_MD": 12911, "GDP_YEAR": 2019, "ECONOMY": "7. Least developed region", "INCOME_GRP": "5. Low income", "FIPS_10": "NG", "ISO_A2": "NE", "ISO_A2_EH": "NE", "ISO_A3": "NER", "ISO_A3_EH": "NER", "ISO_N3": "562", "ISO_N3_EH": "562", "UN_A3": "562", "WB_A2": "NE", "WB_A3": "NER", "WOE_ID": 23424906, "WOE_ID_EH": 23424906, "WOE_NOTE": "Exact WOE match as country", "ADM0_ISO": "NER", "ADM0_DIFF": null, "ADM0_TLC": "NER", "ADM0_A3_US": "NER", "ADM0_A3_FR": "NER", "ADM0_A3_RU": "NER", "ADM0_A3_ES": "NER", "ADM0_A3_CN": "NER", "ADM0_A3_TW": "NER", "ADM0_A3_IN": "NER", "ADM0_A3_NP": "NER", "ADM0_A3_PK": "NER", "ADM0_A3_DE": "NER", "ADM0_A3_GB": "NER", "ADM0_A3_BR": "NER", "ADM0_A3_IL": "NER", "ADM0_A3_PS": "NER", "ADM0_A3_SA": "NER", "ADM0_A3_EG": "NER", "ADM0_A3_MA": "NER", "ADM0_A3_PT": "NER", "ADM0_A3_AR": "NER", "ADM0_A3_JP": "NER", "ADM0_A3_KO": "NER", "ADM0_A3_VN": "NER", "ADM0_A3_TR": "NER", "ADM0_A3_ID": "NER", "ADM0_A3_PL": "NER", "ADM0_A3_GR": "NER", "ADM0_A3_IT": "NER", "ADM0_A3_NL": "NER", "ADM0_A3_SE": "NER", "ADM0_A3_BD": "NER", "ADM0_A3_UA": "NER", "ADM0_A3_UN": -99, "ADM0_A3_WB": -99, "CONTINENT": "Africa", "REGION_UN": "Africa", "SUBREGION": "Western Africa", "REGION_WB": "Sub-Saharan Africa", "NAME_LEN": 5, "LONG_LEN": 5, "ABBREV_LEN": 5, "TINY": -99, "HOMEPART": 1, "MIN_ZOOM": 0, "MIN_LABEL": 3, "MAX_LABEL": 8, "LABEL_X": 9.504356, "LABEL_Y": 17.446195, "NE_ID": 1159321087, "WIKIDATAID": "Q1032", "NAME_AR": "\u0627\u0644\u0646\u064a\u062c\u0631", "NAME_BN": "\u09a8\u09be\u0987\u099c\u09be\u09b0", "NAME_DE": "Niger", "NAME_EN": "Niger", "NAME_ES": "N\u00edger", "NAME_FA": "\u0646\u06cc\u062c\u0631", "NAME_FR": "Niger", "NAME_EL": "\u039d\u03af\u03b3\u03b7\u03c1\u03b1\u03c2", "NAME_HE": "\u05e0\u05d9\u05d6'\u05e8", "NAME_HI": "\u0928\u093e\u0907\u091c\u0930", "NAME_HU": "Niger", "NAME_ID": "Niger", "NAME_IT": "Niger", "NAME_JA": "\u30cb\u30b8\u30a7\u30fc\u30eb", "NAME_KO": "\ub2c8\uc81c\ub974", "NAME_NL": "Niger", "NAME_PL": "Niger", "NAME_PT": "N\u00edger", "NAME_RU": "\u041d\u0438\u0433\u0435\u0440", "NAME_SV": "Niger", "NAME_TR": "Nijer", "NAME_UK": "\u041d\u0456\u0433\u0435\u0440", "NAME_UR": "\u0646\u0627\u0626\u062c\u0631", "NAME_VI": "Niger", "NAME_ZH": "\u5c3c\u65e5\u5c14", "NAME_ZHT": "\u5c3c\u65e5", "FCLASS_ISO": "Admin-0 country", "TLC_DIFF": null, "FCLASS_TLC": "Admin-0 country", "FCLASS_US": null, "FCLASS_FR": null, "FCLASS_RU": null, "FCLASS_ES": null, "FCLASS_CN": null, "FCLASS_TW": null, "FCLASS_IN": null, "FCLASS_NP": null, "FCLASS_PK": null, "FCLASS_DE": null, "FCLASS_GB": null, "FCLASS_BR": null, "FCLASS_IL": null, "FCLASS_PS": null, "FCLASS_SA": null, "FCLASS_EG": null, "FCLASS_MA": null, "FCLASS_PT": null, "FCLASS_AR": null, "FCLASS_JP": null, "FCLASS_KO": null, "FCLASS_VN": null, "FCLASS_TR": null, "FCLASS_ID": null, "FCLASS_PL": null, "FCLASS_GR": null, "FCLASS_IT": null, "FCLASS_NL": null, "FCLASS_SE": null, "FCLASS_BD": null, "FCLASS_UA": null}, "bbox": [0.295646, 11.660167, 15.903247, 23.471668], "geometry": {"type": "Polygon", "coordinates": [[[14.8513, 22.86295], [13.97217, 15.68437], [13.995353, 12.461565], [9.524928, 12.851102], [4.107946, 13.531216], [1.024103, 12.851826], [3.638259, 15.56812], [14.143871, 22.491289], [14.8513, 22.86295]]]}}, {"type": "Feature", "properties": {"featurecla": "Admin-0 country", "scalerank": 1, "LABELRANK": 2, "SOVEREIGNT": "Nigeria", "SOV_A3": "NGA", "ADM0_DIF": 0, "LEVEL": 2, "TYPE": "Sovereign country", "TLC": "1", "ADMIN": "Nigeria", "ADM0_A3": "NGA", "GEOU_DIF": 0, "GEOUNIT": "Nigeria", "GU_A3": "NGA", "SU_DIF": 0, "SUBUNIT": "Nigeria", "SU_A3": "NGA", "BRK_DIFF": 0, "NAME": "Nigeria", "NAME_LONG": "Nigeria", "BRK_A3": "NGA", "BRK_NAME": "Nigeria", "BRK_GROUP": null, "ABBREV": "Nigeria", "POSTAL": "NG", "FORMAL_EN": "Federal Republic of Nigeria", "FORMAL_FR": null, "NAME_CIAWF": "Nigeria", "NOTE_ADM0": null, "NOTE_BRK": null, "NAME_SORT": "Nigeria", "NAME_ALT": null, "MAPCOLOR7": 3, "MAPCOLOR8": 2, "MAPCOLOR9": 5, "MAPCOLOR13": 2, "POP_EST": 200963599, "POP_RANK": 17, "POP_YEAR": 2019, "GDP_MD": 448120, "GDP_YEAR": 2019, "ECONOMY": "5. Emerging region: G20", "INCOME_GRP": "4. Lower middle income", "FIPS_10": "NI", "ISO_A2": "NG", "ISO_A2_EH": "NG", "ISO_A3": "NGA", "ISO_A3_EH": "NGA", "ISO_N3": "566", "ISO_N3_EH": "566", "UN_A3": "566", "WB_A2": "NG", "WB_A3": "NGA", "WOE_ID": 23424908, "WOE_ID_EH": 23424908, "WOE_NOTE": "Exact WOE match as country", "ADM0_ISO": "NGA", "ADM0_DIFF": null, "ADM0_TLC": "NGA", "ADM0_A3_US": "NGA", "ADM0_A3_FR": "NGA", "ADM0_A3_RU": "NGA", "ADM0_A3_ES": "NGA", "ADM0_A3_CN": "NGA", "ADM0_A3_TW": "NGA", "ADM0_A3_IN": "NGA", "ADM0_A3_NP": "NGA", "ADM0_A3_PK": "NGA", "ADM0_A3_DE": "NGA", "ADM0_A3_GB": "NGA", "ADM0_A3_BR": "NGA", "ADM0_A3_IL": "NGA", "ADM0_A3_PS": "NGA", "ADM0_A3_SA": "NGA", "ADM0_A3_EG": "NGA", "ADM0_A3_MA": "NGA", "ADM0_A3_PT": "NGA", "ADM0_A3_AR": "NGA", "ADM0_A3_JP": "NGA", "ADM0_A3_KO": "NGA", "ADM0_A3_VN": "NGA", "ADM0_A3_TR": "NGA", "ADM0_A3_ID": "NGA", "ADM0_A3_PL": "NGA", "ADM0_A3_GR": "NGA", "ADM0_A3_IT": "NGA", "ADM0_A3_NL": "NGA", "ADM0_A3_SE": "NGA", "ADM0_A3_BD": "NGA", "ADM0_A3_UA": "NGA", "ADM0_A3_UN": -99, "ADM0_A3_WB": -99, "CONTINENT": "Africa", "REGION_UN": "Africa", "SUBREGION": "Western Africa", "REGION_WB": "Sub-Saharan Africa", "NAME_LEN": 7, "LONG_LEN": 7, "ABBREV_LEN": 7, "TINY": -99, "HOMEPART": 1, "MIN_ZOOM": 0, "MIN_LABEL": 1.7, "MAX_LABEL": 6.7, "LABEL_X": 7.50322, "LABEL_Y": 9.439799, "NE_ID": 1159321089, "WIKIDATAID": "Q1033", "NAME_AR": "\u0646\u064a\u062c\u064a\u0631\u064a\u0627", "NAME_BN": "\u09a8\u09be\u0987\u099c\u09c7\u09b0\u09bf\u09af\u09bc\u09be", "NAME_DE": "Nigeria", "NAME_EN": "Nigeria", "NAME_ES": "Nigeria", "NAME_FA": "\u0646\u06cc\u062c\u0631\u06cc\u0647", "NAME_FR": "Nigeria", "NAME_EL": "\u039d\u03b9\u03b3\u03b7\u03c1\u03af\u03b1", "NAME_HE": "\u05e0\u05d9\u05d2\u05e8\u05d9\u05d4", "NAME_HI": "\u0928\u093e\u0908\u091c\u0940\u0930\u093f\u092f\u093e", "NAME_HU": "Nig\u00e9ria", "NAME_ID": "Nigeria", "NAME_IT": "Nigeria", "NAME_JA": "\u30ca\u30a4\u30b8\u30a7\u30ea\u30a2", "NAME_KO": "\ub098\uc774\uc9c0\ub9ac\uc544", "NAME_NL": "Nigeria", "NAME_PL": "Nigeria", "NAME_PT": "Nig\u00e9ria", "NAME_RU": "\u041d\u0438\u0433\u0435\u0440\u0438\u044f", "NAME_SV": "Nigeria", "NAME_TR": "Nijerya", "NAME_UK": "\u041d\u0456\u0433\u0435\u0440\u0456\u044f", "NAME_UR": "\u0646\u0627\u0626\u062c\u06cc\u0631\u06cc\u0627", "NAME_VI": "Nigeria", "NAME_ZH": "\u5c3c\u65e5\u5229\u4e9a", "NAME_ZHT": "\u5948\u53ca\u5229\u4e9e", "FCLASS_ISO": "Admin-0 country", "TLC_DIFF": null, "FCLASS_TLC": "Admin-0 country", "FCLASS_US": null, "FCLASS_FR": null, "FCLASS_RU": null, "FCLASS_ES": null, "FCLASS_CN": null, "FCLASS_TW": null, "FCLASS_IN": null, "FCLASS_NP": null, "FCLASS_PK": null, "FCLASS_DE": null, "FCLASS_GB": null, "FCLASS_BR": null, "FCLASS_IL": null, "FCLASS_PS": null, "FCLASS_SA": null, "FCLASS_EG": null, "FCLASS_MA": null, "FCLASS_PT": null, "FCLASS_AR": null, "FCLASS_JP": null, "FCLASS_KO": null, "FCLASS_VN": null, "FCLASS_TR": null, "FCLASS_ID": null, "FCLASS_PL": null, "FCLASS_GR": null, "FCLASS_IT": null, "FCLASS_NL": null, "FCLASS_SE": null, "FCLASS_BD": null, "FCLASS_UA": null}, "bbox": [2.691702, 4.240594, 14.577178, 13.865924], "geometry": {"type": "Polygon", "coordinates": [[[2.691702, 6.258817], [3.572216, 11.327939], [6.820442, 13.115091], [11.527803, 13.32898], [14.415379, 11.572369], [11.839309, 7.397042], [8.500288, 4.771983], [3.57418, 6.2583], [2.691702, 6.258817]]]}}, {"type": "Feature", "properties": {"featurecla": "Admin-0 country", "scalerank": 1, "LABELRANK": 3, "SOVEREIGNT": "Cameroon", "SOV_A3": "CMR", "ADM0_DIF": 0, "LEVEL": 2, "TYPE": "Sovereign country", "TLC": "1", "ADMIN": "Cameroon", "ADM0_A3": "CMR", "GEOU_DIF": 0, "GEOUNIT": "Cameroon", "GU_A3": "CMR", "SU_DIF": 0, "SUBUNIT": "Cameroon", "SU_A3": "CMR", "BRK_DIFF": 0, "NAME": "Cameroon", "NAME_LONG": "Cameroon", "BRK_A3": "CMR", "BRK_NAME": "Cameroon", "BRK_GROUP": null, "ABBREV": "Cam.", "POSTAL": "CM", "FORMAL_EN": "Republic of Cameroon", "FORMAL_FR": null, "NAME_CIAWF": "Cameroon", "NOTE_ADM0": null, "NOTE_BRK": null, "NAME_SORT": "Cameroon", "NAME_ALT": null, "MAPCOLOR7": 1, "MAPCOLOR8": 4, "MAPCOLOR9": 1, "MAPCOLOR13": 3, "POP_EST": 25876380, "POP_RANK": 15, "POP_YEAR": 2019, "GDP_MD": 39007, "GDP_YEAR": 2019, "ECONOMY": "6. Developing region", "INCOME_GRP": "4. Lower middle income", "FIPS_10": "CM", "ISO_A2": "CM", "ISO_A2_EH": "CM", "ISO_A3": "CMR", "ISO_A3_EH": "CMR", "ISO_N3": "120", "ISO_N3_EH": "120", "UN_A3": "120", "WB_A2": "CM", "WB_A3": "CMR", "WOE_ID": 23424785, "WOE_ID_EH": 23424785, "WOE_NOTE": "Exact WOE match as country", "ADM0_ISO": "CMR", "ADM0_DIFF": null, "ADM0_TLC": "CMR", "ADM0_A3_US": "CMR", "ADM0_A3_FR": "CMR", "ADM0_A3_RU": "CMR", "ADM0_A3_ES": "CMR", "ADM0_A3_CN": "CMR", "ADM0_A3_TW": "CMR", "ADM0_A3_IN": "CMR", "ADM0_A3_NP": "CMR", "ADM0_A3_PK": "CMR", "ADM0_A3_DE": "CMR", "ADM0_A3_GB": "CMR", "ADM0_A3_BR": "CMR", "ADM0_A3_IL": "CMR", "ADM0_A3_PS": "CMR", "ADM0_A3_SA": "CMR", "ADM0_A3_EG": "CMR", "ADM0_A3_MA": "CMR", "ADM0_A3_PT": "CMR", "ADM0_A3_AR": "CMR", "ADM0_A3_JP": "CMR", "ADM0_A3_KO": "CMR", "ADM0_A3_VN": "CMR", "ADM0_A3_TR": "CMR", "ADM0_A3_ID": "CMR", "ADM0_A3_PL": "CMR", "ADM0_A3_GR": "CMR", "ADM0_A3_IT": "CMR", "ADM0_A3_NL": "CMR", "ADM0_A3_SE": "CMR", "ADM0_A3_BD": "CMR", "ADM0_A3_UA": "CMR", "ADM0_A3_UN": -99, "ADM0_A3_WB": -99, "CONTINENT": "Africa", "REGION_UN": "Africa", "SUBREGION": "Middle Africa", "REGION_WB": "Sub-Saharan Africa", "NAME_LEN": 8, "LONG_LEN": 8, "ABBREV_LEN": 4, "TINY": -99, "HOMEPART": 1, "MIN_ZOOM": 0, "MIN_LABEL": 3, "MAX_LABEL": 8, "LABEL_X": 12.473488, "LABEL_Y": 4.585041, "NE_ID": 1159320509, "WIKIDATAID": "Q1009", "NAME_AR": "\u0627\u0644\u0643\u0627\u0645\u064a\u0631\u0648\u0646", "NAME_BN": "\u0995\u09cd\u09af\u09be\u09ae\u09c7\u09b0\u09c1\u09a8", "NAME_DE": "Kamerun", "NAME_EN": "Cameroon", "NAME_ES": "Camer\u00fan", "NAME_FA": "\u06a9\u0627\u0645\u0631\u0648\u0646", "NAME_FR": "Cameroun", "NAME_EL": "\u039a\u03b1\u03bc\u03b5\u03c1\u03bf\u03cd\u03bd", "NAME_HE": "\u05e7\u05de\u05e8\u05d5\u05df", "NAME_HI": "\u0915\u0948\u092e\u0930\u0941\u0928", "NAME_HU": "Kamerun", "NAME_ID": "Kamerun", "NAME_IT": "Camerun", "NAME_JA": "\u30ab\u30e1\u30eb\u30fc\u30f3", "NAME_KO": "\uce74\uba54\ub8ec", "NAME_NL": "Kameroen", "NAME_PL": "Kamerun", "NAME_PT": "Camar\u00f5es", "NAME_RU": "\u041a\u0430\u043c\u0435\u0440\u0443\u043d", "NAME_SV": "Kamerun", "NAME_TR": "Kamerun", "NAME_UK": "\u041a\u0430\u043c\u0435\u0440\u0443\u043d", "NAME_UR": "\u06a9\u06cc\u0645\u0631\u0648\u0646", "NAME_VI": "Cameroon", "NAME_ZH": "\u5580\u9ea6\u9686", "NAME_ZHT": "\u5580\u9ea5\u9686", "FCLASS_ISO": "Admin-0 country", "TLC_DIFF": null, "FCLASS_TLC": "Admin-0 country", "FCLASS_US": null, "FCLASS_FR": null, "FCLASS_RU": null, "FCLASS_ES": null, "FCLASS_CN": null, "FCLASS_TW": null, "FCLASS_IN": null, "FCLASS_NP": null, "FCLASS_PK": null, "FCLASS_DE": null, "FCLASS_GB": null, "FCLASS_BR": null, "FCLASS_IL": null, "FCLASS_PS": null, "FCLASS_SA": null, "FCLASS_EG": null, "FCLASS_MA": null, "FCLASS_PT": null, "FCLASS_AR": null, "FCLASS_JP": null, "FCLASS_KO": null, "FCLASS_VN": null, "FCLASS_TR": null, "FCLASS_ID": null, "FCLASS_PL": null, "FCLASS_GR": null, "FCLASS_IT": null, "FCLASS_NL": null, "FCLASS_SE": null, "FCLASS_BD": null, "FCLASS_UA": null}, "bbox": [8.488816, 1.727673, 16.012852, 12.859396], "geometry": {"type": "Polygon", "coordinates": [[[14.495787, 12.859396], [13.954218, 9.549495], [14.459407, 5.451761], [16.012852, 2.26764], [11.276449, 2.261051], [8.757533, 5.479666], [12.063946, 7.799808], [14.468192, 11.904752], [14.495787, 12.859396]]]}}, {"type": "Feature", "properties": {"featurecla": "Admin-0 country", "scalerank": 1, "LABELRANK": 6, "SOVEREIGNT": "Togo", "SOV_A3": "TGO", "ADM0_DIF": 0, "LEVEL": 2, "TYPE": "Sovereign country", "TLC": "1", "ADMIN": "Togo", "ADM0_A3": "TGO", "GEOU_DIF": 0, "GEOUNIT": "Togo", "GU_A3": "TGO", "SU_DIF": 0, "SUBUNIT": "Togo", "SU_A3": "TGO", "BRK_DIFF": 0, "NAME": "Togo", "NAME_LONG": "Togo", "BRK_A3": "TGO", "BRK_NAME": "Togo", "BRK_GROUP": null, "ABBREV": "Togo", "POSTAL": "TG", "FORMAL_EN": "Togolese Republic", "FORMAL_FR": "R\u00e9publique Togolaise", "NAME_CIAWF": "Togo", "NOTE_ADM0": null, "NOTE_BRK": null, "NAME_SORT": "Togo", "NAME_ALT": null, "MAPCOLOR7": 3, "MAPCOLOR8": 1, "MAPCOLOR9": 3, "MAPCOLOR13": 5, "POP_EST": 8082366, "POP_RANK": 13, "POP_YEAR": 2019, "GDP_MD": 5490, "GDP_YEAR": 2019, "ECONOMY": "7. Least developed region", "INCOME_GRP": "5. Low income", "FIPS_10": "TO", "ISO_A2": "TG", "ISO_A2_EH": "TG", "ISO_A3": "TGO", "ISO_A3_EH": "TGO", "ISO_N3": "768", "ISO_N3_EH": "768", "UN_A3": "768", "WB_A2": "TG", "WB_A3": "TGO", "WOE_ID": 23424965, "WOE_ID_EH": 23424965, "WOE_NOTE": "Exact WOE match as country", "ADM0_ISO": "TGO", "ADM0_DIFF": null, "ADM0_TLC": "TGO", "ADM0_A3_US": "TGO", "ADM0_A3_FR": "TGO", "ADM0_A3_RU": "TGO", "ADM0_A3_ES": "TGO", "ADM0_A3_CN": "TGO", "ADM0_A3_TW": "TGO", "ADM0_A3_IN": "TGO", "ADM0_A3_NP": "TGO", "ADM0_A3_PK": "TGO", "ADM0_A3_DE": "TGO", "ADM0_A3_GB": "TGO", "ADM0_A3_BR": "TGO", "ADM0_A3_IL": "TGO", "ADM0_A3_PS": "TGO", "ADM0_A3_SA": "TGO", "ADM0_A3_EG": "TGO", "ADM0_A3_MA": "TGO", "ADM0_A3_PT": "TGO", "ADM0_A3_AR": "TGO", "ADM0_A3_JP": "TGO", "ADM0_A3_KO": "TGO", "ADM0_A3_VN": "TGO", "ADM0_A3_TR": "TGO", "ADM0_A3_ID": "TGO", "ADM0_A3_PL": "TGO", "ADM0_A3_GR": "TGO", "ADM0_A3_IT": "TGO", "ADM0_A3_NL": "TGO", "ADM0_A3_SE": "TGO", "ADM0_A3_BD": "TGO", "ADM0_A3_UA": "TGO", "ADM0_A3_UN": -99, "ADM0_A3_WB": -99, "CONTINENT": "Africa", "REGION_UN": "Africa", "SUBREGION": "Western Africa", "REGION_WB": "Sub-Saharan Africa", "NAME_LEN": 4, "LONG_LEN": 4, "ABBREV_LEN": 4, "TINY": -99, "HOMEPART": 1, "MIN_ZOOM": 0, "MIN_LABEL": 5, "MAX_LABEL": 10, "LABEL_X": 1.058113, "LABEL_Y": 8.80722, "NE_ID": 1159321303, "WIKIDATAID": "Q945", "NAME_AR": "\u062a\u0648\u063a\u0648", "NAME_BN": "\u099f\u09cb\u0997\u09cb", "NAME_DE": "Togo", "NAME_EN": "Togo", "NAME_ES": "Togo", "NAME_FA": "\u062a\u0648\u06af\u0648", "NAME_FR": "Togo", "NAME_EL": "\u03a4\u03cc\u03b3\u03ba\u03bf", "NAME_HE": "\u05d8\u05d5\u05d2\u05d5", "NAME_HI": "\u091f\u094b\u0917\u094b", "NAME_HU": "Togo", "NAME_ID": "Togo", "NAME_IT": "Togo", "NAME_JA": "\u30c8\u30fc\u30b4", "NAME_KO": "\ud1a0\uace0", "NAME_NL": "Togo", "NAME_PL": "Togo", "NAME_PT": "Togo", "NAME_RU": "\u0422\u043e\u0433\u043e", "NAME_SV": "Togo", "NAME_TR": "Togo", "NAME_UK": "\u0422\u043e\u0433\u043e", "NAME_UR": "\u0679\u0648\u06af\u0648", "NAME_VI": "Togo", "NAME_ZH": "\u591a\u54e5", "NAME_ZHT": "\u591a\u54e5", "FCLASS_ISO": "Admin-0 country", "TLC_DIFF": null, "FCLASS_TLC": "Admin-0 country", "FCLASS_US": null, "FCLASS_FR": null, "FCLASS_RU": null, "FCLASS_ES": null, "FCLASS_CN": null, "FCLASS_TW": null, "FCLASS_IN": null, "FCLASS_NP": null, "FCLASS_PK": null, "FCLASS_DE": null, "FCLASS_GB": null, "FCLASS_BR": null, "FCLASS_IL": null, "FCLASS_PS": null, "FCLASS_SA": null, "FCLASS_EG": null, "FCLASS_MA": null, "FCLASS_PT": null, "FCLASS_AR": null, "FCLASS_JP": null, "FCLASS_KO": null, "FCLASS_VN": null, "FCLASS_TR": null, "FCLASS_ID": null, "FCLASS_PL": null, "FCLASS_GR": null, "FCLASS_IT": null, "FCLASS_NL": null, "FCLASS_SE": null, "FCLASS_BD": null, "FCLASS_UA": null}, "bbox": [-0.049785, 5.928837, 1.865241, 11.018682], "geometry": {"type": "Polygon", "coordinates": [[[0.899563, 10.997339], [1.060122, 5.928837], [-0.049785, 10.706918], [0.899563, 10.997339]]]}}, {"type": "Feature", "properties": {"featurecla": "Admin-0 country", "scalerank": 1, "LABELRANK": 3, "SOVEREIGNT": "Ghana", "SOV_A3": "GHA", "ADM0_DIF": 0, "LEVEL": 2, "TYPE": "Sovereign country", "TLC": "1", "ADMIN": "Ghana", "ADM0_A3": "GHA", "GEOU_DIF": 0, "GEOUNIT": "Ghana", "GU_A3": "GHA", "SU_DIF": 0, "SUBUNIT": "Ghana", "SU_A3": "GHA", "BRK_DIFF": 0, "NAME": "Ghana", "NAME_LONG": "Ghana", "BRK_A3": "GHA", "BRK_NAME": "Ghana", "BRK_GROUP": null, "ABBREV": "Ghana", "POSTAL": "GH", "FORMAL_EN": "Republic of Ghana", "FORMAL_FR": null, "NAME_CIAWF": "Ghana", "NOTE_ADM0": null, "NOTE_BRK": null, "NAME_SORT": "Ghana", "NAME_ALT": null, "MAPCOLOR7": 5, "MAPCOLOR8": 3, "MAPCOLOR9": 1, "MAPCOLOR13": 4, "POP_EST": 30417856, "POP_RANK": 15, "POP_YEAR": 2019, "GDP_MD": 66983, "GDP_YEAR": 2019, "ECONOMY": "6. Developing region", "INCOME_GRP": "4. Lower middle income", "FIPS_10": "GH", "ISO_A2": "GH", "ISO_A2_EH": "GH", "ISO_A3": "GHA", "ISO_A3_EH": "GHA", "ISO_N3": "288", "ISO_N3_EH": "288", "UN_A3": "288", "WB_A2": "GH", "WB_A3": "GHA", "WOE_ID": 23424824, "WOE_ID_EH": 23424824, "WOE_NOTE": "Exact WOE match as country", "ADM0_ISO": "GHA", "ADM0_DIFF": null, "ADM0_TLC": "GHA", "ADM0_A3_US": "GHA", "ADM0_A3_FR": "GHA", "ADM0_A3_RU": "GHA", "ADM0_A3_ES": "GHA", "ADM0_A3_CN": "GHA", "ADM0_A3_TW": "GHA", "ADM0_A3_IN": "GHA", "ADM0_A3_NP": "GHA", "ADM0_A3_PK": "GHA", "ADM0_A3_DE": "GHA", "ADM0_A3_GB": "GHA", "ADM0_A3_BR": "GHA", "ADM0_A3_IL": "GHA", "ADM0_A3_PS": "GHA", "ADM0_A3_SA": "GHA", "ADM0_A3_EG": "GHA", "ADM0_A3_MA": "GHA", "ADM0_A3_PT": "GHA", "ADM0_A3_AR": "GHA", "ADM0_A3_JP": "GHA", "ADM0_A3_KO": "GHA", "ADM0_A3_VN": "GHA", "ADM0_A3_TR": "GHA", "ADM0_A3_ID": "GHA", "ADM0_A3_PL": "GHA", "ADM0_A3_GR": "GHA", "ADM0_A3_IT": "GHA", "ADM0_A3_NL": "GHA", "ADM0_A3_SE": "GHA", "ADM0_A3_BD": "GHA", "ADM0_A3_UA": "GHA", "ADM0_A3_UN": -99, "ADM0_A3_WB": -99, "CONTINENT": "Africa", "REGION_UN": "Africa", "SUBREGION": "Western Africa", "REGION_WB": "Sub-Saharan Africa", "NAME_LEN": 5, "LONG_LEN": 5, "ABBREV_LEN": 5, "TINY": -99, "HOMEPART": 1, "MIN_ZOOM": 0, "MIN_LABEL": 2.7, "MAX_LABEL": 8, "LABEL_X": -1.036941, "LABEL_Y": 7.717639, "NE_ID": 1159320793, "WIKIDATAID": "Q117", "NAME_AR": "\u063a\u0627\u0646\u0627", "NAME_BN": "\u0998\u09be\u09a8\u09be", "NAME_DE": "Ghana", "NAME_EN": "Ghana", "NAME_ES": "Ghana", "NAME_FA": "\u063a\u0646\u0627", "NAME_FR": "Ghana", "NAME_EL": "\u0393\u03ba\u03ac\u03bd\u03b1", "NAME_HE": "\u05d2\u05d0\u05e0\u05d4", "NAME_HI": "\u0918\u093e\u0928\u093e", "NAME_HU": "Gh\u00e1na", "NAME_ID": "Ghana", "NAME_IT": "Ghana", "NAME_JA": "\u30ac\u30fc\u30ca", "NAME_KO": "\uac00\ub098", "NAME_NL": "Ghana", "NAME_PL": "Ghana", "NAME_PT": "Gana", "NAME_RU": "\u0413\u0430\u043d\u0430", "NAME_SV": "Ghana", "NAME_TR": "Gana", "NAME_UK": "\u0413\u0430\u043d\u0430", "NAME_UR": "\u06af\u06be\u0627\u0646\u0627", "NAME_VI": "Ghana", "NAME_ZH": "\u52a0\u7eb3", "NAME_ZHT": "\u8fe6\u7d0d", "FCLASS_ISO": "Admin-0 country", "TLC_DIFF": null, "FCLASS_TLC": "Admin-0 country", "FCLASS_US": null, "FCLASS_FR": null, "FCLASS_RU": null, "FCLASS_ES": null, "FCLASS_CN": null, "FCLASS_TW": null, "FCLASS_IN": null, "FCLASS_NP": null, "FCLASS_PK": null, "FCLASS_DE": null, "FCLASS_GB": null, "FCLASS_BR": null, "FCLASS_IL": null, "FCLASS_PS": null, "FCLASS_SA": null, "FCLASS_EG": null, "FCLASS_MA": null, "FCLASS_PT": null, "FCLASS_AR": null, "FCLASS_JP": null, "FCLASS_KO": null, "FCLASS_VN": null, "FCLASS_TR": null, "FCLASS_ID": null, "FCLASS_PL": null, "FCLASS_GR": null, "FCLASS_IT": null, "FCLASS_NL": null, "FCLASS_SE": null, "FCLASS_BD": null, "FCLASS_UA": null}, "bbox": [-3.24437, 4.710462, 1.060122, 11.098341], "geometry": {"type": "Polygon", "coordinates": [[[0.023803, 11.018682], [0.836931, 6.279979], [-2.983585, 7.379705], [0.023803, 11.018682]]]}}, {"type": "Feature", "properties": {"featurecla": "Admin-0 country", "scalerank": 1, "LABELRANK": 3, "SOVEREIGNT": "Ivory Coast", "SOV_A3": "CIV", "ADM0_DIF": 0, "LEVEL": 2, "TYPE": "Sovereign country", "TLC": "1", "ADMIN": "Ivory Coast", "ADM0_A3": "CIV", "GEOU_DIF": 0, "GEOUNIT": "Ivory Coast", "GU_A3": "CIV", "SU_DIF": 0, "SUBUNIT": "Ivory Coast", "SU_A3": "CIV", "BRK_DIFF": 0, "NAME": "C\u00f4te d'Ivoire", "NAME_LONG": "C\u00f4te d'Ivoire", "BRK_A3": "CIV", "BRK_NAME": "C\u00f4te d'Ivoire", "BRK_GROUP": null, "ABBREV": "I.C.", "POSTAL": "CI", "FORMAL_EN": "Republic of Ivory Coast", "FORMAL_FR": "Republic of Cote D'Ivoire", "NAME_CIAWF": "Cote D'ivoire", "NOTE_ADM0": null, "NOTE_BRK": null, "NAME_SORT": "C\u00f4te d'Ivoire", "NAME_ALT": null, "MAPCOLOR7": 4, "MAPCOLOR8": 6, "MAPCOLOR9": 3, "MAPCOLOR13": 3, "POP_EST": 25716544, "POP_RANK": 15, "POP_YEAR": 2019, "GDP_MD": 58539, "GDP_YEAR": 2019, "ECONOMY": "6. Developing region", "INCOME_GRP": "4. Lower middle income", "FIPS_10": "IV", "ISO_A2": "CI", "ISO_A2_EH": "CI", "ISO_A3": "CIV", "ISO_A3_EH": "CIV", "ISO_N3": "384", "ISO_N3_EH": "384", "UN_A3": "384", "WB_A2": "CI", "WB_A3": "CIV", "WOE_ID": 23424854, "WOE_ID_EH": 23424854, "WOE_NOTE": "Exact WOE match as country", "ADM0_ISO": "CIV", "ADM0_DIFF": null, "ADM0_TLC": "CIV", "ADM0_A3_US": "CIV", "ADM0_A3_FR": "CIV", "ADM0_A3_RU": "CIV", "ADM0_A3_ES": "CIV", "ADM0_A3_CN": "CIV", "ADM0_A3_TW": "CIV", "ADM0_A3_IN": "CIV", "ADM0_A3_NP": "CIV", "ADM0_A3_PK": "CIV", "ADM0_A3_DE": "CIV", "ADM0_A3_GB": "CIV", "ADM0_A3_BR": "CIV", "ADM0_A3_IL": "CIV", "ADM0_A3_PS": "CIV", "ADM0_A3_SA": "CIV", "ADM0_A3_EG": "CIV", "ADM0_A3_MA": "CIV", "ADM0_A3_PT": "CIV", "ADM0_A3_AR": "CIV", "ADM0_A3_JP": "CIV", "ADM0_A3_KO": "CIV", "ADM0_A3_VN": "CIV", "ADM0_A3_TR": "CIV", "ADM0_A3_ID": "CIV", "ADM0_A3_PL": "CIV", "ADM0_A3_GR": "CIV", "ADM0_A3_IT": "CIV", "ADM0_A3_NL": "CIV", "ADM0_A3_SE": "CIV", "ADM0_A3_BD": "CIV", "ADM0_A3_UA": "CIV", "ADM0_A3_UN": -99, "ADM0_A3_WB": -99, "CONTINENT": "Africa", "REGION_UN": "Africa", "SUBREGION": "Western Africa", "REGION_WB": "Sub-Saharan Africa", "NAME_LEN": 13, "LONG_LEN": 13, "ABBREV_LEN": 4, "TINY": -99, "HOMEPART": 1, "MIN_ZOOM": 0, "MIN_LABEL": 2.5, "MAX_LABEL": 8, "LABEL_X": -5.568618, "LABEL_Y": 7.49139, "NE_ID": 1159320507, "WIKIDATAID": "Q1008", "NAME_AR": "\u0633\u0627\u062d\u0644 \u0627\u0644\u0639\u0627\u062c", "NAME_BN": "\u0995\u09cb\u09a4 \u09a6\u09bf\u09ad\u09cb\u09af\u09bc\u09be\u09b0", "NAME_DE": "Elfenbeink\u00fcste", "NAME_EN": "Ivory Coast", "NAME_ES": "Costa de Marfil", "NAME_FA": "\u0633\u0627\u062d\u0644 \u0639\u0627\u062c", "NAME_FR": "C\u00f4te d'Ivoire", "NAME_EL": "\u0391\u03ba\u03c4\u03ae \u0395\u03bb\u03b5\u03c6\u03b1\u03bd\u03c4\u03bf\u03c3\u03c4\u03bf\u03cd", "NAME_HE": "\u05d7\u05d5\u05e3 \u05d4\u05e9\u05e0\u05d4\u05d1", "NAME_HI": "\u0915\u094b\u0924 \u0926\u093f\u0935\u094d\u0935\u093e\u0930", "NAME_HU": "Elef\u00e1ntcsontpart", "NAME_ID": "Pantai Gading", "NAME_IT": "Costa d'Avorio", "NAME_JA": "\u30b3\u30fc\u30c8\u30b8\u30dc\u30ef\u30fc\u30eb", "NAME_KO": "\ucf54\ud2b8\ub514\ubd80\uc544\ub974", "NAME_NL": "Ivoorkust", "NAME_PL": "Wybrze\u017ce Ko\u015bci S\u0142oniowej", "NAME_PT": "Costa do Marfim", "NAME_RU": "\u041a\u043e\u0442-\u0434\u2019\u0418\u0432\u0443\u0430\u0440", "NAME_SV": "Elfenbenskusten", "NAME_TR": "Fildi\u015fi Sahili", "NAME_UK": "\u041a\u043e\u0442-\u0434'\u0406\u0432\u0443\u0430\u0440", "NAME_UR": "\u06a9\u0648\u062a \u062f\u0627\u0648\u0648\u0627\u063a", "NAME_VI": "B\u1edd Bi\u1ec3n Ng\u00e0", "NAME_ZH": "\u79d1\u7279\u8fea\u74e6", "NAME_ZHT": "\u8c61\u7259\u6d77\u5cb8", "FCLASS_ISO": "Admin-0 country", "TLC_DIFF": null, "FCLASS_TLC": "Admin-0 country", "FCLASS_US": null, "FCLASS_FR": null, "FCLASS_RU": null, "FCLASS_ES": null, "FCLASS_CN": null, "FCLASS_TW": null, "FCLASS_IN": null, "FCLASS_NP": null, "FCLASS_PK": null, "FCLASS_DE": null, "FCLASS_GB": null, "FCLASS_BR": null, "FCLASS_IL": null, "FCLASS_PS": null, "FCLASS_SA": null, "FCLASS_EG": null, "FCLASS_MA": null, "FCLASS_PT": null, "FCLASS_AR": null, "FCLASS_JP": null, "FCLASS_KO": null, "FCLASS_VN": null, "FCLASS_TR": null, "FCLASS_ID": null, "FCLASS_PL": null, "FCLASS_GR": null, "FCLASS_IT": null, "FCLASS_NL": null, "FCLASS_SE": null, "FCLASS_BD": null, "FCLASS_UA": null}, "bbox": [-8.60288, 4.338288, -2.56219, 10.524061], "geometry": {"type": "Polygon", "coordinates": [[[-8.029944, 10.206535], [-5.816926, 10.222555], [-2.56219, 8.219628], [-5.834496, 4.993701], [-8.311348, 6.193033], [-8.203499, 8.455453], [-8.029944, 10.206535]]]}}, {"type": "Feature", "properties": {"featurecla": "Admin-0 country", "scalerank": 1, "LABELRANK": 3, "SOVEREIGNT": "Guinea", "SOV_A3": "GIN", "ADM0_DIF": 0, "LEVEL": 2, "TYPE": "Sovereign country", "TLC": "1", "ADMIN": "Guinea", "ADM0_A3": "GIN", "GEOU_DIF": 0, "GEOUNIT": "Guinea", "GU_A3": "GIN", "SU_DIF": 0, "SUBUNIT": "Guinea", "SU_A3": "GIN", "BRK_DIFF": 0, "NAME": "Guinea", "NAME_LONG": "Guinea", "BRK_A3": "GIN", "BRK_NAME": "Guinea", "BRK_GROUP": null, "ABBREV": "Gin.", "POSTAL": "GN", "FORMAL_EN": "Republic of Guinea", "FORMAL_FR": null, "NAME_CIAWF": "Guinea", "NOTE_ADM0": null, "NOTE_BRK": null, "NAME_SORT": "Guinea", "NAME_ALT": null, "MAPCOLOR7": 6, "MAPCOLOR8": 3, "MAPCOLOR9": 7, "MAPCOLOR13": 2, "POP_EST": 12771246, "POP_RANK": 14, "POP_YEAR": 2019, "GDP_MD": 12296, "GDP_YEAR": 2019, "ECONOMY": "7. Least developed region", "INCOME_GRP": "5. Low income", "FIPS_10": "GV", "ISO_A2": "GN", "ISO_A2_EH": "GN", "ISO_A3": "GIN", "ISO_A3_EH": "GIN", "ISO_N3": "324", "ISO_N3_EH": "324", "UN_A3": "324", "WB_A2": "GN", "WB_A3": "GIN", "WOE_ID": 23424835, "WOE_ID_EH": 23424835, "WOE_NOTE": "Exact WOE match as country", "ADM0_ISO": "GIN", "ADM0_DIFF": null, "ADM0_TLC": "GIN", "ADM0_A3_US": "GIN", "ADM0_A3_FR": "GIN", "ADM0_A3_RU": "GIN", "ADM0_A3_ES": "GIN", "ADM0_A3_CN": "GIN", "ADM0_A3_TW": "GIN", "ADM0_A3_IN": "GIN", "ADM0_A3_NP": "GIN", "ADM0_A3_PK": "GIN", "ADM0_A3_DE": "GIN", "ADM0_A3_GB": "GIN", "ADM0_A3_BR": "GIN", "ADM0_A3_IL": "GIN", "ADM0_A3_PS": "GIN", "ADM0_A3_SA": "GIN", "ADM0_A3_EG": "GIN", "ADM0_A3_MA": "GIN", "ADM0_A3_PT": "GIN", "ADM0_A3_AR": "GIN", "ADM0_A3_JP": "GIN", "ADM0_A3_KO": "GIN", "ADM0_A3_VN": "GIN", "ADM0_A3_TR": "GIN", "ADM0_A3_ID": "GIN", "ADM0_A3_PL": "GIN", "ADM0_A3_GR": "GIN", "ADM0_A3_IT": "GIN", "ADM0_A3_NL": "GIN", "ADM0_A3_SE": "GIN", "ADM0_A3_BD": "GIN", "ADM0_A3_UA": "GIN", "ADM0_A3_UN": -99, "ADM0_A3_WB": -99, "CONTINENT": "Africa", "REGION_UN": "Africa", "SUBREGION": "Western Africa", "REGION_WB": "Sub-Saharan Africa", "NAME_LEN": 6, "LONG_LEN": 6, "ABBREV_LEN": 4, "TINY": -99, "HOMEPART": 1, "MIN_ZOOM": 0, "MIN_LABEL": 3, "MAX_LABEL": 8, "LABEL_X": -10.016402, "LABEL_Y": 10.618516, "NE_ID": 1159320795, "WIKIDATAID": "Q1006", "NAME_AR": "\u063a\u064a\u0646\u064a\u0627", "NAME_BN": "\u0997\u09bf\u09a8\u09bf", "NAME_DE": "Guinea", "NAME_EN": "Guinea", "NAME_ES": "Guinea", "NAME_FA": "\u06af\u06cc\u0646\u0647", "NAME_FR": "Guin\u00e9e", "NAME_EL": "\u0393\u03bf\u03c5\u03b9\u03bd\u03ad\u03b1", "NAME_HE": "\u05d2\u05d9\u05e0\u05d0\u05d4", "NAME_HI": "\u0917\u093f\u0928\u0940", "NAME_HU": "Guinea", "NAME_ID": "Guinea", "NAME_IT": "Guinea", "NAME_JA": "\u30ae\u30cb\u30a2", "NAME_KO": "\uae30\ub2c8", "NAME_NL": "Guinee", "NAME_PL": "Gwinea", "NAME_PT": "Guin\u00e9", "NAME_RU": "\u0413\u0432\u0438\u043d\u0435\u044f", "NAME_SV": "Guinea", "NAME_TR": "Gine", "NAME_UK": "\u0413\u0432\u0456\u043d\u0435\u044f", "NAME_UR": "\u062c\u0645\u06c1\u0648\u0631\u06cc\u06c1 \u06af\u0646\u06cc", "NAME_VI": "Guin\u00e9e", "NAME_ZH": "\u51e0\u5185\u4e9a", "NAME_ZHT": "\u5e7e\u5167\u4e9e", "FCLASS_ISO": "Admin-0 country", "TLC_DIFF": null, "FCLASS_TLC": "Admin-0 country", "FCLASS_US": null, "FCLASS_FR": null, "FCLASS_RU": null, "FCLASS_ES": null, "FCLASS_CN": null, "FCLASS_TW": null, "FCLASS_IN": null, "FCLASS_NP": null, "FCLASS_PK": null, "FCLASS_DE": null, "FCLASS_GB": null, "FCLASS_BR": null, "FCLASS_IL": null, "FCLASS_PS": null, "FCLASS_SA": null, "FCLASS_EG": null, "FCLASS_MA": null, "FCLASS_PT": null, "FCLASS_AR": null, "FCLASS_JP": null, "FCLASS_KO": null, "FCLASS_VN": null, "FCLASS_TR": null, "FCLASS_ID": null, "FCLASS_PL": null, "FCLASS_GR": null, "FCLASS_IT": null, "FCLASS_NL": null, "FCLASS_SE": null, "FCLASS_BD": null, "FCLASS_UA": null}, "bbox": [-15.130311, 7.309037, -7.8321, 12.586183], "geometry": {"type": "Polygon", "coordinates": [[[-13.700476, 12.586183], [-11.297574, 12.077971], [-9.127474, 12.30806], [-8.335377, 10.494812], [-8.221792, 8.123329], [-9.755342, 8.541055], [-11.117481, 10.045873], [-14.074045, 9.886167], [-14.121406, 11.677117], [-13.700476, 12.586183]]]}}, {"type": "Feature", "properties": {"featurecla": "Admin-0 country", "scalerank": 1, "LABELRANK": 6, "SOVEREIGNT": "Guinea-Bissau", "SOV_A3": "GNB", "ADM0_DIF": 0, "LEVEL": 2, "TYPE": "Sovereign country", "TLC": "1", "ADMIN": "Guinea-Bissau", "ADM0_A3": "GNB", "GEOU_DIF": 0, "GEOUNIT": "Guinea-Bissau", "GU_A3": "GNB", "SU_DIF": 0, "SUBUNIT": "Guinea-Bissau", "SU_A3": "GNB", "BRK_DIFF": 0, "NAME": "Guinea-Bissau", "NAME_LONG": "Guinea-Bissau", "BRK_A3": "GNB", "BRK_NAME": "Guinea-Bissau", "BRK_GROUP": null, "ABBREV": "GnB.", "POSTAL": "GW", "FORMAL_EN": "Republic of Guinea-Bissau", "FORMAL_FR": null, "NAME_CIAWF": "Guinea-Bissau", "NOTE_ADM0": null, "NOTE_BRK": null, "NAME_SORT": "Guinea-Bissau", "NAME_ALT": null, "MAPCOLOR7": 3, "MAPCOLOR8": 5, "MAPCOLOR9": 3, "MAPCOLOR13": 4, "POP_EST": 1920922, "POP_RANK": 12, "POP_YEAR": 2019, "GDP_MD": 1339, "GDP_YEAR": 2019, "ECONOMY": "7. Least developed region", "INCOME_GRP": "5. Low income", "FIPS_10": "PU", "ISO_A2": "GW", "ISO_A2_EH": "GW", "ISO_A3": "GNB", "ISO_A3_EH": "GNB", "ISO_N3": "624", "ISO_N3_EH": "624", "UN_A3": "624", "WB_A2": "GW", "WB_A3": "GNB", "WOE_ID": 23424929, "WOE_ID_EH": 23424929, "WOE_NOTE": "Exact WOE match as country", "ADM0_ISO": "GNB", "ADM0_DIFF": null, "ADM0_TLC": "GNB", "ADM0_A3_US": "GNB", "ADM0_A3_FR": "GNB", "ADM0_A3_RU": "GNB", "ADM0_A3_ES": "GNB", "ADM0_A3_CN": "GNB", "ADM0_A3_TW": "GNB", "ADM0_A3_IN": "GNB", "ADM0_A3_NP": "GNB", "ADM0_A3_PK": "GNB", "ADM0_A3_DE": "GNB", "ADM0_A3_GB": "GNB", "ADM0_A3_BR": "GNB", "ADM0_A3_IL": "GNB", "ADM0_A3_PS": "GNB", "ADM0_A3_SA": "GNB", "ADM0_A3_EG": "GNB", "ADM0_A3_MA": "GNB", "ADM0_A3_PT": "GNB", "ADM0_A3_AR": "GNB", "ADM0_A3_JP": "GNB", "ADM0_A3_KO": "GNB", "ADM0_A3_VN": "GNB", "ADM0_A3_TR": "GNB", "ADM0_A3_ID": "GNB", "ADM0_A3_PL": "GNB", "ADM0_A3_GR": "GNB", "ADM0_A3_IT": "GNB", "ADM0_A3_NL": "GNB", "ADM0_A3_SE": "GNB", "ADM0_A3_BD": "GNB", "ADM0_A3_UA": "GNB", "ADM0_A3_UN": -99, "ADM0_A3_WB": -99, "CONTINENT": "Africa", "REGION_UN": "Africa", "SUBREGION": "Western Africa", "REGION_WB": "Sub-Saharan Africa", "NAME_LEN": 13, "LONG_LEN": 13, "ABBREV_LEN": 4, "TINY": -99, "HOMEPART": 1, "MIN_ZOOM": 0, "MIN_LABEL": 5, "MAX_LABEL": 10, "LABEL_X": -14.52413, "LABEL_Y": 12.163712, "NE_ID": 1159320799, "WIKIDATAID": "Q1007", "NAME_AR": "\u063a\u064a\u0646\u064a\u0627 \u0628\u064a\u0633\u0627\u0648", "NAME_BN": "\u0997\u09bf\u09a8\u09bf-\u09ac\u09bf\u09b8\u09be\u0989", "NAME_DE": "Guinea-Bissau", "NAME_EN": "Guinea-Bissau", "NAME_ES": "Guinea-Bis\u00e1u", "NAME_FA": "\u06af\u06cc\u0646\u0647 \u0628\u06cc\u0633\u0627\u0626\u0648", "NAME_FR": "Guin\u00e9e-Bissau", "NAME_EL": "\u0393\u03bf\u03c5\u03b9\u03bd\u03ad\u03b1-\u039c\u03c0\u03b9\u03c3\u03c3\u03ac\u03bf\u03c5", "NAME_HE": "\u05d2\u05d9\u05e0\u05d0\u05d4 \u05d1\u05d9\u05e1\u05d0\u05d5", "NAME_HI": "\u0917\u093f\u0928\u0940-\u092c\u093f\u0938\u093e\u090a", "NAME_HU": "Bissau-Guinea", "NAME_ID": "Guinea-Bissau", "NAME_IT": "Guinea-Bissau", "NAME_JA": "\u30ae\u30cb\u30a2\u30d3\u30b5\u30a6", "NAME_KO": "\uae30\ub2c8\ube44\uc0ac\uc6b0", "NAME_NL": "Guinee-Bissau", "NAME_PL": "Gwinea Bissau", "NAME_PT": "Guin\u00e9-Bissau", "NAME_RU": "\u0413\u0432\u0438\u043d\u0435\u044f-\u0411\u0438\u0441\u0430\u0443", "NAME_SV": "Guinea-Bissau", "NAME_TR": "Gine-Bissau", "NAME_UK": "\u0413\u0432\u0456\u043d\u0435\u044f-\u0411\u0456\u0441\u0430\u0443", "NAME_UR": "\u06af\u0646\u06cc \u0628\u0633\u0627\u0624", "NAME_VI": "Guin\u00e9-Bissau", "NAME_ZH": "\u51e0\u5185\u4e9a\u6bd4\u7ecd", "NAME_ZHT": "\u5e7e\u5167\u4e9e\u6bd4\u7d22", "FCLASS_ISO": "Admin-0 country", "TLC_DIFF": null, "FCLASS_TLC": "Admin-0 country", "FCLASS_US": null, "FCLASS_FR": null, "FCLASS_RU": null, "FCLASS_ES": null, "FCLASS_CN": null, "FCLASS_TW": null, "FCLASS_IN": null, "FCLASS_NP": null, "FCLASS_PK": null, "FCLASS_DE": null, "FCLASS_GB": null, "FCLASS_BR": null, "FCLASS_IL": null, "FCLASS_PS": null, "FCLASS_SA": null, "FCLASS_EG": null, "FCLASS_MA": null, "FCLASS_PT": null, "FCLASS_AR": null, "FCLASS_JP": null, "FCLASS_KO": null, "FCLASS_VN": null, "FCLASS_TR": null, "FCLASS_ID": null, "FCLASS_PL": null, "FCLASS_GR": null, "FCLASS_IT": null, "FCLASS_NL": null, "FCLASS_SE": null, "FCLASS_BD": null, "FCLASS_UA": null}, "bbox": [-16.677452, 11.040412, -13.700476, 12.62817], "geometry": {"type": "Polygon", "coordinates": [[[-16.677452, 12.384852], [-13.9008, 11.678719], [-16.308947, 11.958702], [-16.677452, 12.384852]]]}}, {"type": "Feature", "properties": {"featurecla": "Admin-0 country", "scalerank": 1, "LABELRANK": 4, "SOVEREIGNT": "Liberia", "SOV_A3": "LBR", "ADM0_DIF": 0, "LEVEL": 2, "TYPE": "Sovereign country", "TLC": "1", "ADMIN": "Liberia", "ADM0_A3": "LBR", "GEOU_DIF": 0, "GEOUNIT": "Liberia", "GU_A3": "LBR", "SU_DIF": 0, "SUBUNIT": "Liberia", "SU_A3": "LBR", "BRK_DIFF": 0, "NAME": "Liberia", "NAME_LONG": "Liberia", "BRK_A3": "LBR", "BRK_NAME": "Liberia", "BRK_GROUP": null, "ABBREV": "Liberia", "POSTAL": "LR", "FORMAL_EN": "Republic of Liberia", "FORMAL_FR": null, "NAME_CIAWF": "Liberia", "NOTE_ADM0": null, "NOTE_BRK": null, "NAME_SORT": "Liberia", "NAME_ALT": null, "MAPCOLOR7": 2, "MAPCOLOR8": 3, "MAPCOLOR9": 4, "MAPCOLOR13": 9, "POP_EST": 4937374, "POP_RANK": 12, "POP_YEAR": 2019, "GDP_MD": 3070, "GDP_YEAR": 2019, "ECONOMY": "7. Least developed region", "INCOME_GRP": "5. Low income", "FIPS_10": "LI", "ISO_A2": "LR", "ISO_A2_EH": "LR", "ISO_A3": "LBR", "ISO_A3_EH": "LBR", "ISO_N3": "430", "ISO_N3_EH": "430", "UN_A3": "430", "WB_A2": "LR", "WB_A3": "LBR", "WOE_ID": 23424876, "WOE_ID_EH": 23424876, "WOE_NOTE": "Exact WOE match as country", "ADM0_ISO": "LBR", "ADM0_DIFF": null, "ADM0_TLC": "LBR", "ADM0_A3_US": "LBR", "ADM0_A3_FR": "LBR", "ADM0_A3_RU": "LBR", "ADM0_A3_ES": "LBR", "ADM0_A3_CN": "LBR", "ADM0_A3_TW": "LBR", "ADM0_A3_IN": "LBR", "ADM0_A3_NP": "LBR", "ADM0_A3_PK": "LBR", "ADM0_A3_DE": "LBR", "ADM0_A3_GB": "LBR", "ADM0_A3_BR": "LBR", "ADM0_A3_IL": "LBR", "ADM0_A3_PS": "LBR", "ADM0_A3_SA": "LBR", "ADM0_A3_EG": "LBR", "ADM0_A3_MA": "LBR", "ADM0_A3_PT": "LBR", "ADM0_A3_AR": "LBR", "ADM0_A3_JP": "LBR", "ADM0_A3_KO": "LBR", "ADM0_A3_VN": "LBR", "ADM0_A3_TR": "LBR", "ADM0_A3_ID": "LBR", "ADM0_A3_PL": "LBR", "ADM0_A3_GR": "LBR", "ADM0_A3_IT": "LBR", "ADM0_A3_NL": "LBR", "ADM0_A3_SE": "LBR", "ADM0_A3_BD": "LBR", "ADM0_A3_UA": "LBR", "ADM0_A3_UN": -99, "ADM0_A3_WB": -99, "CONTINENT": "Africa", "REGION_UN": "Africa", "SUBREGION": "Western Africa", "REGION_WB": "Sub-Saharan Africa", "NAME_LEN": 7, "LONG_LEN": 7, "ABBREV_LEN": 7, "TINY": -99, "HOMEPART": 1, "MIN_ZOOM": 0, "MIN_LABEL": 4, "MAX_LABEL": 9, "LABEL_X": -9.460379, "LABEL_Y": 6.447177, "NE_ID": 1159321015, "WIKIDATAID": "Q1014", "NAME_AR": "\u0644\u064a\u0628\u064a\u0631\u064a\u0627", "NAME_BN": "\u09b2\u09be\u0987\u09ac\u09c7\u09b0\u09bf\u09af\u09bc\u09be", "NAME_DE": "Liberia", "NAME_EN": "Liberia", "NAME_ES": "Liberia", "NAME_FA": "\u0644\u06cc\u0628\u0631\u06cc\u0627", "NAME_FR": "Liberia", "NAME_EL": "\u039b\u03b9\u03b2\u03b5\u03c1\u03af\u03b1", "NAME_HE": "\u05dc\u05d9\u05d1\u05e8\u05d9\u05d4", "NAME_HI": "\u0932\u093e\u0907\u092c\u0947\u0930\u093f\u092f\u093e", "NAME_HU": "Lib\u00e9ria", "NAME_ID": "Liberia", "NAME_IT": "Liberia", "NAME_JA": "\u30ea\u30d9\u30ea\u30a2", "NAME_KO": "\ub77c\uc774\ubca0\ub9ac\uc544", "NAME_NL": "Liberia", "NAME_PL": "Liberia", "NAME_PT": "Lib\u00e9ria", "NAME_RU": "\u041b\u0438\u0431\u0435\u0440\u0438\u044f", "NAME_SV": "Liberia", "NAME_TR": "Liberya", "NAME_UK": "\u041b\u0456\u0431\u0435\u0440\u0456\u044f", "NAME_UR": "\u0644\u0627\u0626\u0628\u06cc\u0631\u06cc\u0627", "NAME_VI": "Liberia", "NAME_ZH": "\u5229\u6bd4\u91cc\u4e9a", "NAME_ZHT": "\u8cf4\u6bd4\u745e\u4e9e", "FCLASS_ISO": "Admin-0 country", "TLC_DIFF": null, "FCLASS_TLC": "Admin-0 country", "FCLASS_US": null, "FCLASS_FR": null, "FCLASS_RU": null, "FCLASS_ES": null, "FCLASS_CN": null, "FCLASS_TW": null, "FCLASS_IN": null, "FCLASS_NP": null, "FCLASS_PK": null, "FCLASS_DE": null, "FCLASS_GB": null, "FCLASS_BR": null, "FCLASS_IL": null, "FCLASS_PS": null, "FCLASS_SA": null, "FCLASS_EG": null, "FCLASS_MA": null, "FCLASS_PT": null, "FCLASS_AR": null, "FCLASS_JP": null, "FCLASS_KO": null, "FCLASS_VN": null, "FCLASS_TR": null, "FCLASS_ID": null, "FCLASS_PL": null, "FCLASS_GR": null, "FCLASS_IT": null, "FCLASS_NL": null, "FCLASS_SE": null, "FCLASS_BD": null, "FCLASS_UA": null}, "bbox": [-11.438779, 4.355755, -7.539715, 8.541055], "geometry": {"type": "Polygon", "coordinates": [[[-8.439298, 7.686043], [-7.635368, 5.188159], [-11.146704, 7.396706], [-8.926065, 7.309037], [-8.439298, 7.686043]]]}}, {"type": "Feature", "properties": {"featurecla": "Admin-0 country", "scalerank": 1, "LABELRANK": 4, "SOVEREIGNT": "Sierra Leone", "SOV_A3": "SLE", "ADM0_DIF": 0, "LEVEL": 2, "TYPE": "Sovereign country", "TLC": "1", "ADMIN": "Sierra Leone", "ADM0_A3": "SLE", "GEOU_DIF": 0, "GEOUNIT": "Sierra Leone", "GU_A3": "SLE", "SU_DIF": 0, "SUBUNIT": "Sierra Leone", "SU_A3": "SLE", "BRK_DIFF": 0, "NAME": "Sierra Leone", "NAME_LONG": "Sierra Leone", "BRK_A3": "SLE", "BRK_NAME": "Sierra Leone", "BRK_GROUP": null, "ABBREV": "S.L.", "POSTAL": "SL", "FORMAL_EN": "Republic of Sierra Leone", "FORMAL_FR": null, "NAME_CIAWF": "Sierra Leone", "NOTE_ADM0": null, "NOTE_BRK": null, "NAME_SORT": "Sierra Leone", "NAME_ALT": null, "MAPCOLOR7": 1, "MAPCOLOR8": 4, "MAPCOLOR9": 1, "MAPCOLOR13": 7, "POP_EST": 7813215, "POP_RANK": 13, "POP_YEAR": 2019, "GDP_MD": 4121, "GDP_YEAR": 2019, "ECONOMY": "7. Least developed region", "INCOME_GRP": "5. Low income", "FIPS_10": "SL", "ISO_A2": "SL", "ISO_A2_EH": "SL", "ISO_A3": "SLE", "ISO_A3_EH": "SLE", "ISO_N3": "694", "ISO_N3_EH": "694", "UN_A3": "694", "WB_A2": "SL", "WB_A3": "SLE", "WOE_ID": 23424946, "WOE_ID_EH": 23424946, "WOE_NOTE": "Exact WOE match as country", "ADM0_ISO": "SLE", "ADM0_DIFF": null, "ADM0_TLC": "SLE", "ADM0_A3_US": "SLE", "ADM0_A3_FR": "SLE", "ADM0_A3_RU": "SLE", "ADM0_A3_ES": "SLE", "ADM0_A3_CN": "SLE", "ADM0_A3_TW": "SLE", "ADM0_A3_IN": "SLE", "ADM0_A3_NP": "SLE", "ADM0_A3_PK": "SLE", "ADM0_A3_DE": "SLE", "ADM0_A3_GB": "SLE", "ADM0_A3_BR": "SLE", "ADM0_A3_IL": "SLE", "ADM0_A3_PS": "SLE", "ADM0_A3_SA": "SLE", "ADM0_A3_EG": "SLE", "ADM0_A3_MA": "SLE", "ADM0_A3_PT": "SLE", "ADM0_A3_AR": "SLE", "ADM0_A3_JP": "SLE", "ADM0_A3_KO": "SLE", "ADM0_A3_VN": "SLE", "ADM0_A3_TR": "SLE", "ADM0_A3_ID": "SLE", "ADM0_A3_PL": "SLE", "ADM0_A3_GR": "SLE", "ADM0_A3_IT": "SLE", "ADM0_A3_NL": "SLE", "ADM0_A3_SE": "SLE", "ADM0_A3_BD": "SLE", "ADM0_A3_UA": "SLE", "ADM0_A3_UN": -99, "ADM0_A3_WB": -99, "CONTINENT": "Africa", "REGION_UN": "Africa", "SUBREGION": "Western Africa", "REGION_WB": "Sub-Saharan Africa", "NAME_LEN": 12, "LONG_LEN": 12, "ABBREV_LEN": 4, "TINY": -99, "HOMEPART": 1, "MIN_ZOOM": 0, "MIN_LABEL": 4, "MAX_LABEL": 9, "LABEL_X": -11.763677, "LABEL_Y": 8.617449, "NE_ID": 1159321251, "WIKIDATAID": "Q1044", "NAME_AR": "\u0633\u064a\u0631\u0627\u0644\u064a\u0648\u0646", "NAME_BN": "\u09b8\u09bf\u09af\u09bc\u09c7\u09b0\u09be \u09b2\u09bf\u0993\u09a8", "NAME_DE": "Sierra Leone", "NAME_EN": "Sierra Leone", "NAME_ES": "Sierra Leona", "NAME_FA": "\u0633\u06cc\u0631\u0627\u0644\u0626\u0648\u0646", "NAME_FR": "Sierra Leone", "NAME_EL": "\u03a3\u03b9\u03ad\u03c1\u03b1 \u039b\u03b5\u03cc\u03bd\u03b5", "NAME_HE": "\u05e1\u05d9\u05d9\u05e8\u05d4 \u05dc\u05d0\u05d5\u05df", "NAME_HI": "\u0938\u093f\u090f\u0930\u093e \u0932\u093f\u092f\u094b\u0928", "NAME_HU": "Sierra Leone", "NAME_ID": "Sierra Leone", "NAME_IT": "Sierra Leone", "NAME_JA": "\u30b7\u30a8\u30e9\u30ec\u30aa\u30cd", "NAME_KO": "\uc2dc\uc5d0\ub77c\ub9ac\uc628", "NAME_NL": "Sierra Leone", "NAME_PL": "Sierra Leone", "NAME_PT": "Serra Leoa", "NAME_RU": "\u0421\u044c\u0435\u0440\u0440\u0430-\u041b\u0435\u043e\u043d\u0435", "NAME_SV": "Sierra Leone", "NAME_TR": "Sierra Leone", "NAME_UK": "\u0421\u044c\u0454\u0440\u0440\u0430-\u041b\u0435\u043e\u043d\u0435", "NAME_UR": "\u0633\u06cc\u0631\u0627\u0644\u06cc\u0648\u0646", "NAME_VI": "Sierra Leone", "NAME_ZH": "\u585e\u62c9\u5229\u6602", "NAME_ZHT": "\u7345\u5b50\u5c71", "FCLASS_ISO": "Admin-0 country", "TLC_DIFF": null, "FCLASS_TLC": "Admin-0 country", "FCLASS_US": null, "FCLASS_FR": null, "FCLASS_RU": null, "FCLASS_ES": null, "FCLASS_CN": null, "FCLASS_TW": null, "FCLASS_IN": null, "FCLASS_NP": null, "FCLASS_PK": null, "FCLASS_DE": null, "FCLASS_GB": null, "FCLASS_BR": null, "FCLASS_IL": null, "FCLASS_PS": null, "FCLASS_SA": null, "FCLASS_EG": null, "FCLASS_MA": null, "FCLASS_PT": null, "FCLASS_AR": null, "FCLASS_JP": null, "FCLASS_KO": null, "FCLASS_VN": null, "FCLASS_TR": null, "FCLASS_ID": null, "FCLASS_PL": null, "FCLASS_GR": null, "FCLASS_IT": null, "FCLASS_NL": null, "FCLASS_SE": null, "FCLASS_BD": null, "FCLASS_UA": null}, "bbox": [-13.24655, 6.785917, -10.230094, 10.046984], "geometry": {"type": "Polygon", "coordinates": [[[-13.24655, 8.903049], [-10.622395, 9.26791], [-11.438779, 6.785917], [-13.24655, 8.903049]]]}}, {"type": "Feature", "properties": {"featurecla": "Admin-0 country", "scalerank": 1, "LABELRANK": 3, "SOVEREIGNT": "Burkina Faso", "SOV_A3": "BFA", "ADM0_DIF": 0, "LEVEL": 2, "TYPE": "Sovereign country", "TLC": "1", "ADMIN": "Burkina Faso", "ADM0_A3": "BFA", "GEOU_DIF": 0, "GEOUNIT": "Burkina Faso", "GU_A3": "BFA", "SU_DIF": 0, "SUBUNIT": "Burkina Faso", "SU_A3": "BFA", "BRK_DIFF": 0, "NAME": "Burkina Faso", "NAME_LONG": "Burkina Faso", "BRK_A3": "BFA", "BRK_NAME": "Burkina Faso", "BRK_GROUP": null, "ABBREV": "B.F.", "POSTAL": "BF", "FORMAL_EN": "Burkina Faso", "FORMAL_FR": null, "NAME_CIAWF": "Burkina Faso", "NOTE_ADM0": null, "NOTE_BRK": null, "NAME_SORT": "Burkina Faso", "NAME_ALT": null, "MAPCOLOR7": 2, "MAPCOLOR8": 1, "MAPCOLOR9": 5, "MAPCOLOR13": 11, "POP_EST": 20321378, "POP_RANK": 15, "POP_YEAR": 2019, "GDP_MD": 15990, "GDP_YEAR": 2019, "ECONOMY": "7. Least developed region", "INCOME_GRP": "5. Low income", "FIPS_10": "UV", "ISO_A2": "BF", "ISO_A2_EH": "BF", "ISO_A3": "BFA", "ISO_A3_EH": "BFA", "ISO_N3": "854", "ISO_N3_EH": "854", "UN_A3": "854", "WB_A2": "BF", "WB_A3": "BFA", "WOE_ID": 23424978, "WOE_ID_EH": 23424978, "WOE_NOTE": "Exact WOE match as country", "ADM0_ISO": "BFA", "ADM0_DIFF": null, "ADM0_TLC": "BFA", "ADM0_A3_US": "BFA", "ADM0_A3_FR": "BFA", "ADM0_A3_RU": "BFA", "ADM0_A3_ES": "BFA", "ADM0_A3_CN": "BFA", "ADM0_A3_TW": "BFA", "ADM0_A3_IN": "BFA", "ADM0_A3_NP": "BFA", "ADM0_A3_PK": "BFA", "ADM0_A3_DE": "BFA", "ADM0_A3_GB": "BFA", "ADM0_A3_BR": "BFA", "ADM0_A3_IL": "BFA", "ADM0_A3_PS": "BFA", "ADM0_A3_SA": "BFA", "ADM0_A3_EG": "BFA", "ADM0_A3_MA": "BFA", "ADM0_A3_PT": "BFA", "ADM0_A3_AR": "BFA", "ADM0_A3_JP": "BFA", "ADM0_A3_KO": "BFA", "ADM0_A3_VN": "BFA", "ADM0_A3_TR": "BFA", "ADM0_A3_ID": "BFA", "ADM0_A3_PL": "BFA", "ADM0_A3_GR": "BFA", "ADM0_A3_IT": "BFA", "ADM0_A3_NL": "BFA", "ADM0_A3_SE": "BFA", "ADM0_A3_BD": "BFA", "ADM0_A3_UA": "BFA", "ADM0_A3_UN": -99, "ADM0_A3_WB": -99, "CONTINENT": "Africa", "REGION_UN": "Africa", "SUBREGION": "Western Africa", "REGION_WB": "Sub-Saharan Africa", "NAME_LEN": 12, "LONG_LEN": 12, "ABBREV_LEN": 4, "TINY": -99, "HOMEPART": 1, "MIN_ZOOM": 0, "MIN_LABEL": 3, "MAX_LABEL": 8, "LABEL_X": -1.36388, "LABEL_Y": 12.673048, "NE_ID": 1159320405, "WIKIDATAID": "Q965", "NAME_AR": "\u0628\u0648\u0631\u0643\u064a\u0646\u0627 \u0641\u0627\u0633\u0648", "NAME_BN": "\u09ac\u09c1\u09b0\u09cd\u0995\u09bf\u09a8\u09be \u09ab\u09be\u09b8\u09cb", "NAME_DE": "Burkina Faso", "NAME_EN": "Burkina Faso", "NAME_ES": "Burkina Faso", "NAME_FA": "\u0628\u0648\u0631\u06a9\u06cc\u0646\u0627\u0641\u0627\u0633\u0648", "NAME_FR": "Burkina Faso", "NAME_EL": "\u039c\u03c0\u03bf\u03c5\u03c1\u03ba\u03af\u03bd\u03b1 \u03a6\u03ac\u03c3\u03bf", "NAME_HE": "\u05d1\u05d5\u05e8\u05e7\u05d9\u05e0\u05d4 \u05e4\u05d0\u05e1\u05d5", "NAME_HI": "\u092c\u0941\u0930\u094d\u0915\u093f\u0928\u093e \u092b\u093e\u0938\u094b", "NAME_HU": "Burkina Faso", "NAME_ID": "Burkina Faso", "NAME_IT": "Burkina Faso", "NAME_JA": "\u30d6\u30eb\u30ad\u30ca\u30d5\u30a1\u30bd", "NAME_KO": "\ubd80\ub974\ud0a4\ub098\ud30c\uc18c", "NAME_NL": "Burkina Faso", "NAME_PL": "Burkina Faso", "NAME_PT": "Burkina Faso", "NAME_RU": "\u0411\u0443\u0440\u043a\u0438\u043d\u0430-\u0424\u0430\u0441\u043e", "NAME_SV": "Burkina Faso", "NAME_TR": "Burkina Faso", "NAME_UK": "\u0411\u0443\u0440\u043a\u0456\u043d\u0430-\u0424\u0430\u0441\u043e", "NAME_UR": "\u0628\u0631\u06a9\u06cc\u0646\u0627 \u0641\u0627\u0633\u0648", "NAME_VI": "Burkina Faso", "NAME_ZH": "\u5e03\u57fa\u7eb3\u6cd5\u7d22", "NAME_ZHT": "\u5e03\u57fa\u7d0d\u6cd5\u7d22", "FCLASS_ISO": "Admin-0 country", "TLC_DIFF": null, "FCLASS_TLC": "Admin-0 country", "FCLASS_US": null, "FCLASS_FR": null, "FCLASS_RU": null, "FCLASS_ES": null, "FCLASS_CN": null, "FCLASS_TW": null, "FCLASS_IN": null, "FCLASS_NP": null, "FCLASS_PK": null, "FCLASS_DE": null, "FCLASS_GB": null, "FCLASS_BR": null, "FCLASS_IL": null, "FCLASS_PS": null, "FCLASS_SA": null, "FCLASS_EG": null, "FCLASS_MA": null, "FCLASS_PT": null, "FCLASS_AR": null, "FCLASS_JP": null, "FCLASS_KO": null, "FCLASS_VN": null, "FCLASS_TR": null, "FCLASS_ID": null, "FCLASS_PL": null, "FCLASS_GR": null, "FCLASS_IT": null, "FCLASS_NL": null, "FCLASS_SE": null, "FCLASS_BD": null, "FCLASS_UA": null}, "bbox": [-5.470565, 9.610835, 2.177108, 15.116158], "geometry": {"type": "Polygon", "coordinates": [[[-5.404342, 10.370737], [-3.103707, 13.541267], [0.295646, 14.444235], [1.24347, 11.110511], [-2.827496, 9.642461], [-5.404342, 10.370737]]]}}, {"type": "Feature", "properties": {"featurecla": "Admin-0 country", "scalerank": 1, "LABELRANK": 4, "SOVEREIGNT": "Central African Republic", "SOV_A3": "CAF", "ADM0_DIF": 0, "LEVEL": 2, "TYPE": "Sovereign country", "TLC": "1", "ADMIN": "Central African Republic", "ADM0_A3": "CAF", "GEOU_DIF": 0, "GEOUNIT": "Central African Republic", "GU_A3": "CAF", "SU_DIF": 0, "SUBUNIT": "Central African Republic", "SU_A3": "CAF", "BRK_DIFF": 0, "NAME": "Central African Rep.", "NAME_LONG": "Central African Republic", "BRK_A3": "CAF", "BRK_NAME": "Central African Rep.", "BRK_GROUP": null, "ABBREV": "C.A.R.", "POSTAL": "CF", "FORMAL_EN": "Central African Republic", "FORMAL_FR": null, "NAME_CIAWF": "Central African Republic", "NOTE_ADM0": null, "NOTE_BRK": null, "NAME_SORT": "Central African Republic", "NAME_ALT": null, "MAPCOLOR7": 5, "MAPCOLOR8": 6, "MAPCOLOR9": 6, "MAPCOLOR13": 9, "POP_EST": 4745185, "POP_RANK": 12, "POP_YEAR": 2019, "GDP_MD": 2220, "GDP_YEAR": 2019, "ECONOMY": "7. Least developed region", "INCOME_GRP": "5. Low income", "FIPS_10": "CT", "ISO_A2": "CF", "ISO_A2_EH": "CF", "ISO_A3": "CAF", "ISO_A3_EH": "CAF", "ISO_N3": "140", "ISO_N3_EH": "140", "UN_A3": "140", "WB_A2": "CF", "WB_A3": "CAF", "WOE_ID": 23424792, "WOE_ID_EH": 23424792, "WOE_NOTE": "Exact WOE match as country", "ADM0_ISO": "CAF", "ADM0_DIFF": null, "ADM0_TLC": "CAF", "ADM0_A3_US": "CAF", "ADM0_A3_FR": "CAF", "ADM0_A3_RU": "CAF", "ADM0_A3_ES": "CAF", "ADM0_A3_CN": "CAF", "ADM0_A3_TW": "CAF", "ADM0_A3_IN": "CAF", "ADM0_A3_NP": "CAF", "ADM0_A3_PK": "CAF", "ADM0_A3_DE": "CAF", "ADM0_A3_GB": "CAF", "ADM0_A3_BR": "CAF", "ADM0_A3_IL": "CAF", "ADM0_A3_PS": "CAF", "ADM0_A3_SA": "CAF", "ADM0_A3_EG": "CAF", "ADM0_A3_MA": "CAF", "ADM0_A3_PT": "CAF", "ADM0_A3_AR": "CAF", "ADM0_A3_JP": "CAF", "ADM0_A3_KO": "CAF", "ADM0_A3_VN": "CAF", "ADM0_A3_TR": "CAF", "ADM0_A3_ID": "CAF", "ADM0_A3_PL": "CAF", "ADM0_A3_GR": "CAF", "ADM0_A3_IT": "CAF", "ADM0_A3_NL": "CAF", "ADM0_A3_SE": "CAF", "ADM0_A3_BD": "CAF", "ADM0_A3_UA": "CAF", "ADM0_A3_UN": -99, "ADM0_A3_WB": -99, "CONTINENT": "Africa", "REGION_UN": "Africa", "SUBREGION": "Middle Africa", "REGION_WB": "Sub-Saharan Africa", "NAME_LEN": 20, "LONG_LEN": 24, "ABBREV_LEN": 6, "TINY": -99, "HOMEPART": 1, "MIN_ZOOM": 0, "MIN_LABEL": 4, "MAX_LABEL": 9, "LABEL_X": 20.906897, "LABEL_Y": 6.989681, "NE_ID": 1159320463, "WIKIDATAID": "Q929", "NAME_AR": "\u062c\u0645\u0647\u0648\u0631\u064a\u0629 \u0623\u0641\u0631\u064a\u0642\u064a\u0627 \u0627\u0644\u0648\u0633\u0637\u0649", "NAME_BN": "\u09ae\u09a7\u09cd\u09af \u0986\u09ab\u09cd\u09b0\u09bf\u0995\u09be\u09a8 \u09aa\u09cd\u09b0\u099c\u09be\u09a4\u09a8\u09cd\u09a4\u09cd\u09b0", "NAME_DE": "Zentralafrikanische Republik", "NAME_EN": "Central African Republic", "NAME_ES": "Rep\u00fablica Centroafricana", "NAME_FA": "\u062c\u0645\u0647\u0648\u0631\u06cc \u0622\u0641\u0631\u06cc\u0642\u0627\u06cc \u0645\u0631\u06a9\u0632\u06cc", "NAME_FR": "R\u00e9publique centrafricaine", "NAME_EL": "\u039a\u03b5\u03bd\u03c4\u03c1\u03bf\u03b1\u03c6\u03c1\u03b9\u03ba\u03b1\u03bd\u03b9\u03ba\u03ae \u0394\u03b7\u03bc\u03bf\u03ba\u03c1\u03b1\u03c4\u03af\u03b1", "NAME_HE": "\u05d4\u05e8\u05e4\u05d5\u05d1\u05dc\u05d9\u05e7\u05d4 \u05d4\u05de\u05e8\u05db\u05d6-\u05d0\u05e4\u05e8\u05d9\u05e7\u05d0\u05d9\u05ea", "NAME_HI": "\u092e\u0927\u094d\u092f \u0905\u092b\u093c\u094d\u0930\u0940\u0915\u0940 \u0917\u0923\u0930\u093e\u091c\u094d\u092f", "NAME_HU": "K\u00f6z\u00e9p-afrikai K\u00f6zt\u00e1rsas\u00e1g", "NAME_ID": "Republik Afrika Tengah", "NAME_IT": "Repubblica Centrafricana", "NAME_JA": "\u4e2d\u592e\u30a2\u30d5\u30ea\u30ab\u5171\u548c\u56fd", "NAME_KO": "\uc911\uc559\uc544\ud504\ub9ac\uce74 \uacf5\ud654\uad6d", "NAME_NL": "Centraal-Afrikaanse Republiek", "NAME_PL": "Republika \u015arodkowoafryka\u0144ska", "NAME_PT": "Rep\u00fablica Centro-Africana", "NAME_RU": "\u0426\u0435\u043d\u0442\u0440\u0430\u043b\u044c\u043d\u043e\u0430\u0444\u0440\u0438\u043a\u0430\u043d\u0441\u043a\u0430\u044f \u0420\u0435\u0441\u043f\u0443\u0431\u043b\u0438\u043a\u0430", "NAME_SV": "Centralafrikanska republiken", "NAME_TR": "Orta Afrika Cumhuriyeti", "NAME_UK": "\u0426\u0435\u043d\u0442\u0440\u0430\u043b\u044c\u043d\u043e\u0430\u0444\u0440\u0438\u043a\u0430\u043d\u0441\u044c\u043a\u0430 \u0420\u0435\u0441\u043f\u0443\u0431\u043b\u0456\u043a\u0430", "NAME_UR": "\u0648\u0633\u0637\u06cc \u0627\u0641\u0631\u06cc\u0642\u06cc \u062c\u0645\u06c1\u0648\u0631\u06cc\u06c1", "NAME_VI": "C\u1ed9ng h\u00f2a Trung Phi", "NAME_ZH": "\u4e2d\u975e\u5171\u548c\u56fd", "NAME_ZHT": "\u4e2d\u975e\u5171\u548c\u570b", "FCLASS_ISO": "Admin-0 country", "TLC_DIFF": null, "FCLASS_TLC": "Admin-0 country", "FCLASS_US": null, "FCLASS_FR": null, "FCLASS_RU": null, "FCLASS_ES": null, "FCLASS_CN": null, "FCLASS_TW": null, "FCLASS_IN": null, "FCLASS_NP": null, "FCLASS_PK": null, "FCLASS_DE": null, "FCLASS_GB": null, "FCLASS_BR": null, "FCLASS_IL": null, "FCLASS_PS": null, "FCLASS_SA": null, "FCLASS_EG": null, "FCLASS_MA": null, "FCLASS_PT": null, "FCLASS_AR": null, "FCLASS_JP": null, "FCLASS_KO": null, "FCLASS_VN": null, "FCLASS_TR": null, "FCLASS_ID": null, "FCLASS_PL": null, "FCLASS_GR": null, "FCLASS_IT": null, "FCLASS_NL": null, "FCLASS_SE": null, "FCLASS_BD": null, "FCLASS_UA": null}, "bbox": [14.459407, 2.26764, 27.374226, 11.142395], "geometry": {"type": "Polygon", "coordinates": [[[27.374226, 5.233944], [23.297214, 4.609693], [18.932312, 4.709506], [15.862732, 3.013537], [14.776545, 6.408498], [18.911022, 8.630895], [22.977544, 10.714463], [25.124131, 7.500085], [27.374226, 5.233944]]]}}, {"type": "Feature", "properties": {"featurecla": "Admin-0 country", "scalerank": 1, "LABELRANK": 4, "SOVEREIGNT": "Republic of the Congo", "SOV_A3": "COG", "ADM0_DIF": 0, "LEVEL": 2, "TYPE": "Sovereign country", "TLC": "1", "ADMIN": "Republic of the Congo", "ADM0_A3": "COG", "GEOU_DIF": 0, "GEOUNIT": "Republic of the Congo", "GU_A3": "COG", "SU_DIF": 0, "SUBUNIT": "Republic of the Congo", "SU_A3": "COG", "BRK_DIFF": 0, "NAME": "Congo", "NAME_LONG": "Republic of the Congo", "BRK_A3": "COG", "BRK_NAME": "Republic of the Congo", "BRK_GROUP": null, "ABBREV": "Rep. Congo", "POSTAL": "CG", "FORMAL_EN": "Republic of the Congo", "FORMAL_FR": null, "NAME_CIAWF": "Congo, Republic of the", "NOTE_ADM0": null, "NOTE_BRK": null, "NAME_SORT": "Congo, Rep.", "NAME_ALT": null, "MAPCOLOR7": 2, "MAPCOLOR8": 1, "MAPCOLOR9": 3, "MAPCOLOR13": 10, "POP_EST": 5380508, "POP_RANK": 13, "POP_YEAR": 2019, "GDP_MD": 12267, "GDP_YEAR": 2019, "ECONOMY": "6. Developing region", "INCOME_GRP": "4. Lower middle income", "FIPS_10": "CF", "ISO_A2": "CG", "ISO_A2_EH": "CG", "ISO_A3": "COG", "ISO_A3_EH": "COG", "ISO_N3": "178", "ISO_N3_EH": "178", "UN_A3": "178", "WB_A2": "CG", "WB_A3": "COG", "WOE_ID": 23424779, "WOE_ID_EH": 23424779, "WOE_NOTE": "Exact WOE match as country", "ADM0_ISO": "COG", "ADM0_DIFF": null, "ADM0_TLC": "COG", "ADM0_A3_US": "COG", "ADM0_A3_FR": "COG", "ADM0_A3_RU": "COG", "ADM0_A3_ES": "COG", "ADM0_A3_CN": "COG", "ADM0_A3_TW": "COG", "ADM0_A3_IN": "COG", "ADM0_A3_NP": "COG", "ADM0_A3_PK": "COG", "ADM0_A3_DE": "COG", "ADM0_A3_GB": "COG", "ADM0_A3_BR": "COG", "ADM0_A3_IL": "COG", "ADM0_A3_PS": "COG", "ADM0_A3_SA": "COG", "ADM0_A3_EG": "COG", "ADM0_A3_MA": "COG", "ADM0_A3_PT": "COG", "ADM0_A3_AR": "COG", "ADM0_A3_JP": "COG", "ADM0_A3_KO": "COG", "ADM0_A3_VN": "COG", "ADM0_A3_TR": "COG", "ADM0_A3_ID": "COG", "ADM0_A3_PL": "COG", "ADM0_A3_GR": "COG", "ADM0_A3_IT": "COG", "ADM0_A3_NL": "COG", "ADM0_A3_SE": "COG", "ADM0_A3_BD": "COG", "ADM0_A3_UA": "COG", "ADM0_A3_UN": -99, "ADM0_A3_WB": -99, "CONTINENT": "Africa", "REGION_UN": "Africa", "SUBREGION": "Middle Africa", "REGION_WB": "Sub-Saharan Africa", "NAME_LEN": 5, "LONG_LEN": 21, "ABBREV_LEN": 10, "TINY": -99, "HOMEPART": 1, "MIN_ZOOM": 0, "MIN_LABEL": 4, "MAX_LABEL": 9, "LABEL_X": 15.9005, "LABEL_Y": 0.142331, "NE_ID": 1159320515, "WIKIDATAID": "Q971", "NAME_AR": "\u062c\u0645\u0647\u0648\u0631\u064a\u0629 \u0627\u0644\u0643\u0648\u0646\u063a\u0648", "NAME_BN": "\u0995\u0999\u09cd\u0997\u09cb \u09aa\u09cd\u09b0\u099c\u09be\u09a4\u09a8\u09cd\u09a4\u09cd\u09b0", "NAME_DE": "Republik Kongo", "NAME_EN": "Republic of the Congo", "NAME_ES": "Rep\u00fablica del Congo", "NAME_FA": "\u062c\u0645\u0647\u0648\u0631\u06cc \u06a9\u0646\u06af\u0648", "NAME_FR": "R\u00e9publique du Congo", "NAME_EL": "\u0394\u03b7\u03bc\u03bf\u03ba\u03c1\u03b1\u03c4\u03af\u03b1 \u03c4\u03bf\u03c5 \u039a\u03bf\u03bd\u03b3\u03ba\u03cc", "NAME_HE": "\u05d4\u05e8\u05e4\u05d5\u05d1\u05dc\u05d9\u05e7\u05d4 \u05e9\u05dc \u05e7\u05d5\u05e0\u05d2\u05d5", "NAME_HI": "\u0915\u093e\u0902\u0917\u094b \u0917\u0923\u0930\u093e\u091c\u094d\u092f", "NAME_HU": "Kong\u00f3i K\u00f6zt\u00e1rsas\u00e1g", "NAME_ID": "Republik Kongo", "NAME_IT": "Repubblica del Congo", "NAME_JA": "\u30b3\u30f3\u30b4\u5171\u548c\u56fd", "NAME_KO": "\ucf69\uace0 \uacf5\ud654\uad6d", "NAME_NL": "Congo-Brazzaville", "NAME_PL": "Kongo", "NAME_PT": "Rep\u00fablica do Congo", "NAME_RU": "\u0420\u0435\u0441\u043f\u0443\u0431\u043b\u0438\u043a\u0430 \u041a\u043e\u043d\u0433\u043e", "NAME_SV": "Kongo-Brazzaville", "NAME_TR": "Kongo Cumhuriyeti", "NAME_UK": "\u0420\u0435\u0441\u043f\u0443\u0431\u043b\u0456\u043a\u0430 \u041a\u043e\u043d\u0433\u043e", "NAME_UR": "\u062c\u0645\u06c1\u0648\u0631\u06cc\u06c1 \u06a9\u0627\u0646\u06af\u0648", "NAME_VI": "C\u1ed9ng h\u00f2a Congo", "NAME_ZH": "\u521a\u679c\u5171\u548c\u56fd", "NAME_ZHT": "\u525b\u679c\u5171\u548c\u570b", "FCLASS_ISO": "Admin-0 country", "TLC_DIFF": null, "FCLASS_TLC": "Admin-0 country", "FCLASS_US": null, "FCLASS_FR": null, "FCLASS_RU": null, "FCLASS_ES": null, "FCLASS_CN": null, "FCLASS_TW": null, "FCLASS_IN": null, "FCLASS_NP": null, "FCLASS_PK": null, "FCLASS_DE": null, "FCLASS_GB": null, "FCLASS_BR": null, "FCLASS_IL": null, "FCLASS_PS": null, "FCLASS_SA": null, "FCLASS_EG": null, "FCLASS_MA": null, "FCLASS_PT": null, "FCLASS_AR": null, "FCLASS_JP": null, "FCLASS_KO": null, "FCLASS_VN": null, "FCLASS_TR": null, "FCLASS_ID": null, "FCLASS_PL": null, "FCLASS_GR": null, "FCLASS_IT": null, "FCLASS_NL": null, "FCLASS_SE": null, "FCLASS_BD": null, "FCLASS_UA": null}, "bbox": [11.093773, -5.037987, 18.453065, 3.728197], "geometry": {"type": "Polygon", "coordinates": [[[18.453065, 3.504386], [17.523716, -0.74383], [14.209035, -4.793092], [11.093773, -3.978827], [14.29921, -1.998276], [13.075822, 2.267097], [18.453065, 3.504386]]]}}, {"type": "Feature", "properties": {"featurecla": "Admin-0 country", "scalerank": 1, "LABELRANK": 4, "SOVEREIGNT": "Gabon", "SOV_A3": "GAB", "ADM0_DIF": 0, "LEVEL": 2, "TYPE": "Sovereign country", "TLC": "1", "ADMIN": "Gabon", "ADM0_A3": "GAB", "GEOU_DIF": 0, "GEOUNIT": "Gabon", "GU_A3": "GAB", "SU_DIF": 0, "SUBUNIT": "Gabon", "SU_A3": "GAB", "BRK_DIFF": 0, "NAME": "Gabon", "NAME_LONG": "Gabon", "BRK_A3": "GAB", "BRK_NAME": "Gabon", "BRK_GROUP": null, "ABBREV": "Gabon", "POSTAL": "GA", "FORMAL_EN": "Gabonese Republic", "FORMAL_FR": null, "NAME_CIAWF": "Gabon", "NOTE_ADM0": null, "NOTE_BRK": null, "NAME_SORT": "Gabon", "NAME_ALT": null, "MAPCOLOR7": 6, "MAPCOLOR8": 2, "MAPCOLOR9": 5, "MAPCOLOR13": 5, "POP_EST": 2172579, "POP_RANK": 12, "POP_YEAR": 2019, "GDP_MD": 16874, "GDP_YEAR": 2019, "ECONOMY": "6. Developing region", "INCOME_GRP": "3. Upper middle income", "FIPS_10": "GB", "ISO_A2": "GA", "ISO_A2_EH": "GA", "ISO_A3": "GAB", "ISO_A3_EH": "GAB", "ISO_N3": "266", "ISO_N3_EH": "266", "UN_A3": "266", "WB_A2": "GA", "WB_A3": "GAB", "WOE_ID": 23424822, "WOE_ID_EH": 23424822, "WOE_NOTE": "Exact WOE match as country", "ADM0_ISO": "GAB", "ADM0_DIFF": null, "ADM0_TLC": "GAB", "ADM0_A3_US": "GAB", "ADM0_A3_FR": "GAB", "ADM0_A3_RU": "GAB", "ADM0_A3_ES": "GAB", "ADM0_A3_CN": "GAB", "ADM0_A3_TW": "GAB", "ADM0_A3_IN": "GAB", "ADM0_A3_NP": "GAB", "ADM0_A3_PK": "GAB", "ADM0_A3_DE": "GAB", "ADM0_A3_GB": "GAB", "ADM0_A3_BR": "GAB", "ADM0_A3_IL": "GAB", "ADM0_A3_PS": "GAB", "ADM0_A3_SA": "GAB", "ADM0_A3_EG": "GAB", "ADM0_A3_MA": "GAB", "ADM0_A3_PT": "GAB", "ADM0_A3_AR": "GAB", "ADM0_A3_JP": "GAB", "ADM0_A3_KO": "GAB", "ADM0_A3_VN": "GAB", "ADM0_A3_TR": "GAB", "ADM0_A3_ID": "GAB", "ADM0_A3_PL": "GAB", "ADM0_A3_GR": "GAB", "ADM0_A3_IT": "GAB", "ADM0_A3_NL": "GAB", "ADM0_A3_SE": "GAB", "ADM0_A3_BD": "GAB", "ADM0_A3_UA": "GAB", "ADM0_A3_UN": -99, "ADM0_A3_WB": -99, "CONTINENT": "Africa", "REGION_UN": "Africa", "SUBREGION": "Middle Africa", "REGION_WB": "Sub-Saharan Africa", "NAME_LEN": 5, "LONG_LEN": 5, "ABBREV_LEN": 5, "TINY": 3, "HOMEPART": 1, "MIN_ZOOM": 0, "MIN_LABEL": 3, "MAX_LABEL": 8, "LABEL_X": 11.835939, "LABEL_Y": -0.437739, "NE_ID": 1159320693, "WIKIDATAID": "Q1000", "NAME_AR": "\u0627\u0644\u063a\u0627\u0628\u0648\u0646", "NAME_BN": "\u0997\u09cd\u09af\u09be\u09ac\u09a8", "NAME_DE": "Gabun", "NAME_EN": "Gabon", "NAME_ES": "Gab\u00f3n", "NAME_FA": "\u06af\u0627\u0628\u0646", "NAME_FR": "Gabon", "NAME_EL": "\u0393\u03ba\u03b1\u03bc\u03c0\u03cc\u03bd", "NAME_HE": "\u05d2\u05d1\u05d5\u05df", "NAME_HI": "\u0917\u092c\u0949\u0928", "NAME_HU": "Gabon", "NAME_ID": "Gabon", "NAME_IT": "Gabon", "NAME_JA": "\u30ac\u30dc\u30f3", "NAME_KO": "\uac00\ubd09", "NAME_NL": "Gabon", "NAME_PL": "Gabon", "NAME_PT": "Gab\u00e3o", "NAME_RU": "\u0413\u0430\u0431\u043e\u043d", "NAME_SV": "Gabon", "NAME_TR": "Gabon", "NAME_UK": "\u0413\u0430\u0431\u043e\u043d", "NAME_UR": "\u06af\u06cc\u0628\u0648\u0646", "NAME_VI": "Gabon", "NAME_ZH": "\u52a0\u84ec", "NAME_ZHT": "\u52a0\u5f6d", "FCLASS_ISO": "Admin-0 country", "TLC_DIFF": null, "FCLASS_TLC": "Admin-0 country", "FCLASS_US": null, "FCLASS_FR": null, "FCLASS_RU": null, "FCLASS_ES": null, "FCLASS_CN": null, "FCLASS_TW": null, "FCLASS_IN": null, "FCLASS_NP": null, "FCLASS_PK": null, "FCLASS_DE": null, "FCLASS_GB": null, "FCLASS_BR": null, "FCLASS_IL": null, "FCLASS_PS": null, "FCLASS_SA": null, "FCLASS_EG": null, "FCLASS_MA": null, "FCLASS_PT": null, "FCLASS_AR": null, "FCLASS_JP": null, "FCLASS_KO": null, "FCLASS_VN": null, "FCLASS_TR": null, "FCLASS_ID": null, "FCLASS_PL": null, "FCLASS_GR": null, "FCLASS_IT": null, "FCLASS_NL": null, "FCLASS_SE": null, "FCLASS_BD": null, "FCLASS_UA": null}, "bbox": [8.797996, -3.978827, 14.425456, 2.326758], "geometry": {"type": "Polygon", "coordinates": [[[11.276449, 2.261051], [14.276266, 1.19693], [12.495703, -2.391688], [8.830087, -0.779074], [11.276449, 2.261051]]]}}, {"type": "Feature", "properties": {"featurecla": "Admin-0 country", "scalerank": 1, "LABELRANK": 4, "SOVEREIGNT": "Equatorial Guinea", "SOV_A3": "GNQ", "ADM0_DIF": 0, "LEVEL": 2, "TYPE": "Sovereign country", "TLC": "1", "ADMIN": "Equatorial Guinea", "ADM0_A3": "GNQ", "GEOU_DIF": 0, "GEOUNIT": "Equatorial Guinea", "GU_A3": "GNQ", "SU_DIF": 0, "SUBUNIT": "Equatorial Guinea", "SU_A3": "GNQ", "BRK_DIFF": 0, "NAME": "Eq. Guinea", "NAME_LONG": "Equatorial Guinea", "BRK_A3": "GNQ", "BRK_NAME": "Eq. Guinea", "BRK_GROUP": null, "ABBREV": "Eq. G.", "POSTAL": "GQ", "FORMAL_EN": "Republic of Equatorial Guinea", "FORMAL_FR": null, "NAME_CIAWF": "Equatorial Guinea", "NOTE_ADM0": null, "NOTE_BRK": null, "NAME_SORT": "Equatorial Guinea", "NAME_ALT": null, "MAPCOLOR7": 4, "MAPCOLOR8": 1, "MAPCOLOR9": 4, "MAPCOLOR13": 8, "POP_EST": 1355986, "POP_RANK": 12, "POP_YEAR": 2019, "GDP_MD": 11026, "GDP_YEAR": 2019, "ECONOMY": "7. Least developed region", "INCOME_GRP": "2. High income: nonOECD", "FIPS_10": "EK", "ISO_A2": "GQ", "ISO_A2_EH": "GQ", "ISO_A3": "GNQ", "ISO_A3_EH": "GNQ", "ISO_N3": "226", "ISO_N3_EH": "226", "UN_A3": "226", "WB_A2": "GQ", "WB_A3": "GNQ", "WOE_ID": 23424804, "WOE_ID_EH": 23424804, "WOE_NOTE": "Exact WOE match as country", "ADM0_ISO": "GNQ", "ADM0_DIFF": null, "ADM0_TLC": "GNQ", "ADM0_A3_US": "GNQ", "ADM0_A3_FR": "GNQ", "ADM0_A3_RU": "GNQ", "ADM0_A3_ES": "GNQ", "ADM0_A3_CN": "GNQ", "ADM0_A3_TW": "GNQ", "ADM0_A3_IN": "GNQ", "ADM0_A3_NP": "GNQ", "ADM0_A3_PK": "GNQ", "ADM0_A3_DE": "GNQ", "ADM0_A3_GB": "GNQ", "ADM0_A3_BR": "GNQ", "ADM0_A3_IL": "GNQ", "ADM0_A3_PS": "GNQ", "ADM0_A3_SA": "GNQ", "ADM0_A3_EG": "GNQ", "ADM0_A3_MA": "GNQ", "ADM0_A3_PT": "GNQ", "ADM0_A3_AR": "GNQ", "ADM0_A3_JP": "GNQ", "ADM0_A3_KO": "GNQ", "ADM0_A3_VN": "GNQ", "ADM0_A3_TR": "GNQ", "ADM0_A3_ID": "GNQ", "ADM0_A3_PL": "GNQ", "ADM0_A3_GR": "GNQ", "ADM0_A3_IT": "GNQ", "ADM0_A3_NL": "GNQ", "ADM0_A3_SE": "GNQ", "ADM0_A3_BD": "GNQ", "ADM0_A3_UA": "GNQ", "ADM0_A3_UN": -99, "ADM0_A3_WB": -99, "CONTINENT": "Africa", "REGION_UN": "Africa", "SUBREGION": "Middle Africa", "REGION_WB": "Sub-Saharan Africa", "NAME_LEN": 10, "LONG_LEN": 17, "ABBREV_LEN": 6, "TINY": -99, "HOMEPART": 1, "MIN_ZOOM": 0, "MIN_LABEL": 4, "MAX_LABEL": 9, "LABEL_X": 8.9902, "LABEL_Y": 2.333, "NE_ID": 1159320801, "WIKIDATAID": "Q983", "NAME_AR": "\u063a\u064a\u0646\u064a\u0627 \u0627\u0644\u0627\u0633\u062a\u0648\u0627\u0626\u064a\u0629", "NAME_BN": "\u09ac\u09bf\u09b7\u09c1\u09ac\u09c0\u09af\u09bc \u0997\u09bf\u09a8\u09bf", "NAME_DE": "\u00c4quatorialguinea", "NAME_EN": "Equatorial Guinea", "NAME_ES": "Guinea Ecuatorial", "NAME_FA": "\u06af\u06cc\u0646\u0647 \u0627\u0633\u062a\u0648\u0627\u06cc\u06cc", "NAME_FR": "Guin\u00e9e \u00e9quatoriale", "NAME_EL": "\u0399\u03c3\u03b7\u03bc\u03b5\u03c1\u03b9\u03bd\u03ae \u0393\u03bf\u03c5\u03b9\u03bd\u03ad\u03b1", "NAME_HE": "\u05d2\u05d9\u05e0\u05d0\u05d4 \u05d4\u05de\u05e9\u05d5\u05d5\u05e0\u05d9\u05ea", "NAME_HI": "\u092d\u0942\u092e\u0927\u094d\u092f\u0930\u0947\u0916\u0940\u092f \u0917\u093f\u0928\u0940", "NAME_HU": "Egyenl\u00edt\u0151i-Guinea", "NAME_ID": "Guinea Khatulistiwa", "NAME_IT": "Guinea Equatoriale", "NAME_JA": "\u8d64\u9053\u30ae\u30cb\u30a2", "NAME_KO": "\uc801\ub3c4 \uae30\ub2c8", "NAME_NL": "Equatoriaal-Guinea", "NAME_PL": "Gwinea R\u00f3wnikowa", "NAME_PT": "Guin\u00e9 Equatorial", "NAME_RU": "\u042d\u043a\u0432\u0430\u0442\u043e\u0440\u0438\u0430\u043b\u044c\u043d\u0430\u044f \u0413\u0432\u0438\u043d\u0435\u044f", "NAME_SV": "Ekvatorialguinea", "NAME_TR": "Ekvator Ginesi", "NAME_UK": "\u0415\u043a\u0432\u0430\u0442\u043e\u0440\u0456\u0430\u043b\u044c\u043d\u0430 \u0413\u0432\u0456\u043d\u0435\u044f", "NAME_UR": "\u0627\u0633\u062a\u0648\u0627\u0626\u06cc \u06af\u0646\u06cc", "NAME_VI": "Guinea X\u00edch \u0110\u1ea1o", "NAME_ZH": "\u8d64\u9053\u51e0\u5185\u4e9a", "NAME_ZHT": "\u8d64\u9053\u5e7e\u5167\u4e9e", "FCLASS_ISO": "Admin-0 country", "TLC_DIFF": null, "FCLASS_TLC": "Admin-0 country", "FCLASS_US": null, "FCLASS_FR": null, "FCLASS_RU": null, "FCLASS_ES": null, "FCLASS_CN": null, "FCLASS_TW": null, "FCLASS_IN": null, "FCLASS_NP": null, "FCLASS_PK": null, "FCLASS_DE": null, "FCLASS_GB": null, "FCLASS_BR": null, "FCLASS_IL": null, "FCLASS_PS": null, "FCLASS_SA": null, "FCLASS_EG": null, "FCLASS_MA": null, "FCLASS_PT": null, "FCLASS_AR": null, "FCLASS_JP": null, "FCLASS_KO": null, "FCLASS_VN": null, "FCLASS_TR": null, "FCLASS_ID": null, "FCLASS_PL": null, "FCLASS_GR": null, "FCLASS_IT": null, "FCLASS_NL": null, "FCLASS_SE": null, "FCLASS_BD": null, "FCLASS_UA": null}, "bbox": [9.305613, 1.01012, 11.285079, 2.283866], "geometry": {"type": "Polygon", "coordinates": [[[9.649158, 2.283866], [9.649158, 2.283866]]]}}, {"type": "Feature", "properties": {"featurecla": "Admin-0 country", "scalerank": 1, "LABELRANK": 3, "SOVEREIGNT": "Zambia", "SOV_A3": "ZMB", "ADM0_DIF": 0, "LEVEL": 2, "TYPE": "Sovereign country", "TLC": "1", "ADMIN": "Zambia", "ADM0_A3": "ZMB", "GEOU_DIF": 0, "GEOUNIT": "Zambia", "GU_A3": "ZMB", "SU_DIF": 0, "SUBUNIT": "Zambia", "SU_A3": "ZMB", "BRK_DIFF": 0, "NAME": "Zambia", "NAME_LONG": "Zambia", "BRK_A3": "ZMB", "BRK_NAME": "Zambia", "BRK_GROUP": null, "ABBREV": "Zambia", "POSTAL": "ZM", "FORMAL_EN": "Republic of Zambia", "FORMAL_FR": null, "NAME_CIAWF": "Zambia", "NOTE_ADM0": null, "NOTE_BRK": null, "NAME_SORT": "Zambia", "NAME_ALT": null, "MAPCOLOR7": 5, "MAPCOLOR8": 8, "MAPCOLOR9": 5, "MAPCOLOR13": 13, "POP_EST": 17861030, "POP_RANK": 14, "POP_YEAR": 2019, "GDP_MD": 23309, "GDP_YEAR": 2019, "ECONOMY": "7. Least developed region", "INCOME_GRP": "4. Lower middle income", "FIPS_10": "ZA", "ISO_A2": "ZM", "ISO_A2_EH": "ZM", "ISO_A3": "ZMB", "ISO_A3_EH": "ZMB", "ISO_N3": "894", "ISO_N3_EH": "894", "UN_A3": "894", "WB_A2": "ZM", "WB_A3": "ZMB", "WOE_ID": 23425003, "WOE_ID_EH": 23425003, "WOE_NOTE": "Exact WOE match as country", "ADM0_ISO": "ZMB", "ADM0_DIFF": null, "ADM0_TLC": "ZMB", "ADM0_A3_US": "ZMB", "ADM0_A3_FR": "ZMB", "ADM0_A3_RU": "ZMB", "ADM0_A3_ES": "ZMB", "ADM0_A3_CN": "ZMB", "ADM0_A3_TW": "ZMB", "ADM0_A3_IN": "ZMB", "ADM0_A3_NP": "ZMB", "ADM0_A3_PK": "ZMB", "ADM0_A3_DE": "ZMB", "ADM0_A3_GB": "ZMB", "ADM0_A3_BR": "ZMB", "ADM0_A3_IL": "ZMB", "ADM0_A3_PS": "ZMB", "ADM0_A3_SA": "ZMB", "ADM0_A3_EG": "ZMB", "ADM0_A3_MA": "ZMB", "ADM0_A3_PT": "ZMB", "ADM0_A3_AR": "ZMB", "ADM0_A3_JP": "ZMB", "ADM0_A3_KO": "ZMB", "ADM0_A3_VN": "ZMB", "ADM0_A3_TR": "ZMB", "ADM0_A3_ID": "ZMB", "ADM0_A3_PL": "ZMB", "ADM0_A3_GR": "ZMB", "ADM0_A3_IT": "ZMB", "ADM0_A3_NL": "ZMB", "ADM0_A3_SE": "ZMB", "ADM0_A3_BD": "ZMB", "ADM0_A3_UA": "ZMB", "ADM0_A3_UN": -99, "ADM0_A3_WB": -99, "CONTINENT": "Africa", "REGION_UN": "Africa", "SUBREGION": "Eastern Africa", "REGION_WB": "Sub-Saharan Africa", "NAME_LEN": 6, "LONG_LEN": 6, "ABBREV_LEN": 6, "TINY": -99, "HOMEPART": 1, "MIN_ZOOM": 0, "MIN_LABEL": 3, "MAX_LABEL": 8, "LABEL_X": 26.395298, "LABEL_Y": -14.660804, "NE_ID": 1159321439, "WIKIDATAID": "Q953", "NAME_AR": "\u0632\u0627\u0645\u0628\u064a\u0627", "NAME_BN": "\u099c\u09be\u09ae\u09cd\u09ac\u09bf\u09af\u09bc\u09be", "NAME_DE": "Sambia", "NAME_EN": "Zambia", "NAME_ES": "Zambia", "NAME_FA": "\u0632\u0627\u0645\u0628\u06cc\u0627", "NAME_FR": "Zambie", "NAME_EL": "\u0396\u03ac\u03bc\u03c0\u03b9\u03b1", "NAME_HE": "\u05d6\u05de\u05d1\u05d9\u05d4", "NAME_HI": "\u091c\u093c\u093e\u092e\u094d\u092c\u093f\u092f\u093e", "NAME_HU": "Zambia", "NAME_ID": "Zambia", "NAME_IT": "Zambia", "NAME_JA": "\u30b6\u30f3\u30d3\u30a2", "NAME_KO": "\uc7a0\ube44\uc544", "NAME_NL": "Zambia", "NAME_PL": "Zambia", "NAME_PT": "Z\u00e2mbia", "NAME_RU": "\u0417\u0430\u043c\u0431\u0438\u044f", "NAME_SV": "Zambia", "NAME_TR": "Zambiya", "NAME_UK": "\u0417\u0430\u043c\u0431\u0456\u044f", "NAME_UR": "\u0632\u06cc\u0645\u0628\u06cc\u0627", "NAME_VI": "Zambia", "NAME_ZH": "\u8d5e\u6bd4\u4e9a", "NAME_ZHT": "\u5c1a\u6bd4\u4e9e", "FCLASS_ISO": "Admin-0 country", "TLC_DIFF": null, "FCLASS_TLC": "Admin-0 country", "FCLASS_US": null, "FCLASS_FR": null, "FCLASS_RU": null, "FCLASS_ES": null, "FCLASS_CN": null, "FCLASS_TW": null, "FCLASS_IN": null, "FCLASS_NP": null, "FCLASS_PK": null, "FCLASS_DE": null, "FCLASS_GB": null, "FCLASS_BR": null, "FCLASS_IL": null, "FCLASS_PS": null, "FCLASS_SA": null, "FCLASS_EG": null, "FCLASS_MA": null, "FCLASS_PT": null, "FCLASS_AR": null, "FCLASS_JP": null, "FCLASS_KO": null, "FCLASS_VN": null, "FCLASS_TR": null, "FCLASS_ID": null, "FCLASS_PL": null, "FCLASS_GR": null, "FCLASS_IT": null, "FCLASS_NL": null, "FCLASS_SE": null, "FCLASS_BD": null, "FCLASS_UA": null}, "bbox": [21.887843, -17.961229, 33.485688, -8.238257], "geometry": {"type": "Polygon", "coordinates": [[[30.74001, -8.340006], [33.114289, -11.607198], [28.947463, -16.043051], [25.084443, -17.661816], [24.016137, -12.911046], [24.78317, -11.238694], [28.934286, -13.248958], [28.449871, -9.164918], [30.74001, -8.340006]]]}}, {"type": "Feature", "properties": {"featurecla": "Admin-0 country", "scalerank": 1, "LABELRANK": 6, "SOVEREIGNT": "Malawi", "SOV_A3": "MWI", "ADM0_DIF": 0, "LEVEL": 2, "TYPE": "Sovereign country", "TLC": "1", "ADMIN": "Malawi", "ADM0_A3": "MWI", "GEOU_DIF": 0, "GEOUNIT": "Malawi", "GU_A3": "MWI", "SU_DIF": 0, "SUBUNIT": "Malawi", "SU_A3": "MWI", "BRK_DIFF": 0, "NAME": "Malawi", "NAME_LONG": "Malawi", "BRK_A3": "MWI", "BRK_NAME": "Malawi", "BRK_GROUP": null, "ABBREV": "Mal.", "POSTAL": "MW", "FORMAL_EN": "Republic of Malawi", "FORMAL_FR": null, "NAME_CIAWF": "Malawi", "NOTE_ADM0": null, "NOTE_BRK": null, "NAME_SORT": "Malawi", "NAME_ALT": null, "MAPCOLOR7": 1, "MAPCOLOR8": 3, "MAPCOLOR9": 4, "MAPCOLOR13": 5, "POP_EST": 18628747, "POP_RANK": 14, "POP_YEAR": 2019, "GDP_MD": 7666, "GDP_YEAR": 2019, "ECONOMY": "7. Least developed region", "INCOME_GRP": "5. Low income", "FIPS_10": "MI", "ISO_A2": "MW", "ISO_A2_EH": "MW", "ISO_A3": "MWI", "ISO_A3_EH": "MWI", "ISO_N3": "454", "ISO_N3_EH": "454", "UN_A3": "454", "WB_A2": "MW", "WB_A3": "MWI", "WOE_ID": 23424889, "WOE_ID_EH": 23424889, "WOE_NOTE": "Exact WOE match as country", "ADM0_ISO": "MWI", "ADM0_DIFF": null, "ADM0_TLC": "MWI", "ADM0_A3_US": "MWI", "ADM0_A3_FR": "MWI", "ADM0_A3_RU": "MWI", "ADM0_A3_ES": "MWI", "ADM0_A3_CN": "MWI", "ADM0_A3_TW": "MWI", "ADM0_A3_IN": "MWI", "ADM0_A3_NP": "MWI", "ADM0_A3_PK": "MWI", "ADM0_A3_DE": "MWI", "ADM0_A3_GB": "MWI", "ADM0_A3_BR": "MWI", "ADM0_A3_IL": "MWI", "ADM0_A3_PS": "MWI", "ADM0_A3_SA": "MWI", "ADM0_A3_EG": "MWI", "ADM0_A3_MA": "MWI", "ADM0_A3_PT": "MWI", "ADM0_A3_AR": "MWI", "ADM0_A3_JP": "MWI", "ADM0_A3_KO": "MWI", "ADM0_A3_VN": "MWI", "ADM0_A3_TR": "MWI", "ADM0_A3_ID": "MWI", "ADM0_A3_PL": "MWI", "ADM0_A3_GR": "MWI", "ADM0_A3_IT": "MWI", "ADM0_A3_NL": "MWI", "ADM0_A3_SE": "MWI", "ADM0_A3_BD": "MWI", "ADM0_A3_UA": "MWI", "ADM0_A3_UN": -99, "ADM0_A3_WB": -99, "CONTINENT": "Africa", "REGION_UN": "Africa", "SUBREGION": "Eastern Africa", "REGION_WB": "Sub-Saharan Africa", "NAME_LEN": 6, "LONG_LEN": 6, "ABBREV_LEN": 4, "TINY": -99, "HOMEPART": 1, "MIN_ZOOM": 0, "MIN_LABEL": 4, "MAX_LABEL": 9, "LABEL_X": 33.608082, "LABEL_Y": -13.386737, "NE_ID": 1159321081, "WIKIDATAID": "Q1020", "NAME_AR": "\u0645\u0627\u0644\u0627\u0648\u064a", "NAME_BN": "\u09ae\u09be\u09b2\u09be\u0989\u0987", "NAME_DE": "Malawi", "NAME_EN": "Malawi", "NAME_ES": "Malaui", "NAME_FA": "\u0645\u0627\u0644\u0627\u0648\u06cc", "NAME_FR": "Malawi", "NAME_EL": "\u039c\u03b1\u03bb\u03ac\u03bf\u03c5\u03b9", "NAME_HE": "\u05de\u05dc\u05d0\u05d5\u05d5\u05d9", "NAME_HI": "\u092e\u0932\u093e\u0935\u0940", "NAME_HU": "Malawi", "NAME_ID": "Malawi", "NAME_IT": "Malawi", "NAME_JA": "\u30de\u30e9\u30a6\u30a4", "NAME_KO": "\ub9d0\ub77c\uc704", "NAME_NL": "Malawi", "NAME_PL": "Malawi", "NAME_PT": "Malawi", "NAME_RU": "\u041c\u0430\u043b\u0430\u0432\u0438", "NAME_SV": "Malawi", "NAME_TR": "Malavi", "NAME_UK": "\u041c\u0430\u043b\u0430\u0432\u0456", "NAME_UR": "\u0645\u0644\u0627\u0648\u06cc", "NAME_VI": "Malawi", "NAME_ZH": "\u9a6c\u62c9\u7ef4", "NAME_ZHT": "\u99ac\u62c9\u5a01", "FCLASS_ISO": "Admin-0 country", "TLC_DIFF": null, "FCLASS_TLC": "Admin-0 country", "FCLASS_US": null, "FCLASS_FR": null, "FCLASS_RU": null, "FCLASS_ES": null, "FCLASS_CN": null, "FCLASS_TW": null, "FCLASS_IN": null, "FCLASS_NP": null, "FCLASS_PK": null, "FCLASS_DE": null, "FCLASS_GB": null, "FCLASS_BR": null, "FCLASS_IL": null, "FCLASS_PS": null, "FCLASS_SA": null, "FCLASS_EG": null, "FCLASS_MA": null, "FCLASS_PT": null, "FCLASS_AR": null, "FCLASS_JP": null, "FCLASS_KO": null, "FCLASS_VN": null, "FCLASS_TR": null, "FCLASS_ID": null, "FCLASS_PL": null, "FCLASS_GR": null, "FCLASS_IT": null, "FCLASS_NL": null, "FCLASS_SE": null, "FCLASS_BD": null, "FCLASS_UA": null}, "bbox": [32.688165, -16.8013, 35.771905, -9.230599], "geometry": {"type": "Polygon", "coordinates": [[[32.759375, -9.230599], [35.267956, -13.887834], [34.459633, -14.61301], [33.31531, -10.79655], [32.759375, -9.230599]]]}}, {"type": "Feature", "properties": {"featurecla": "Admin-0 country", "scalerank": 1, "LABELRANK": 3, "SOVEREIGNT": "Mozambique", "SOV_A3": "MOZ", "ADM0_DIF": 0, "LEVEL": 2, "TYPE": "Sovereign country", "TLC": "1", "ADMIN": "Mozambique", "ADM0_A3": "MOZ", "GEOU_DIF": 0, "GEOUNIT": "Mozambique", "GU_A3": "MOZ", "SU_DIF": 0, "SUBUNIT": "Mozambique", "SU_A3": "MOZ", "BRK_DIFF": 0, "NAME": "Mozambique", "NAME_LONG": "Mozambique", "BRK_A3": "MOZ", "BRK_NAME": "Mozambique", "BRK_GROUP": null, "ABBREV": "Moz.", "POSTAL": "MZ", "FORMAL_EN": "Republic of Mozambique", "FORMAL_FR": null, "NAME_CIAWF": "Mozambique", "NOTE_ADM0": null, "NOTE_BRK": null, "NAME_SORT": "Mozambique", "NAME_ALT": null, "MAPCOLOR7": 4, "MAPCOLOR8": 2, "MAPCOLOR9": 1, "MAPCOLOR13": 4, "POP_EST": 30366036, "POP_RANK": 15, "POP_YEAR": 2019, "GDP_MD": 15291, "GDP_YEAR": 2019, "ECONOMY": "7. Least developed region", "INCOME_GRP": "5. Low income", "FIPS_10": "MZ", "ISO_A2": "MZ", "ISO_A2_EH": "MZ", "ISO_A3": "MOZ", "ISO_A3_EH": "MOZ", "ISO_N3": "508", "ISO_N3_EH": "508", "UN_A3": "508", "WB_A2": "MZ", "WB_A3": "MOZ", "WOE_ID": 23424902, "WOE_ID_EH": 23424902, "WOE_NOTE": "Exact WOE match as country", "ADM0_ISO": "MOZ", "ADM0_DIFF": null, "ADM0_TLC": "MOZ", "ADM0_A3_US": "MOZ", "ADM0_A3_FR": "MOZ", "ADM0_A3_RU": "MOZ", "ADM0_A3_ES": "MOZ", "ADM0_A3_CN": "MOZ", "ADM0_A3_TW": "MOZ", "ADM0_A3_IN": "MOZ", "ADM0_A3_NP": "MOZ", "ADM0_A3_PK": "MOZ", "ADM0_A3_DE": "MOZ", "ADM0_A3_GB": "MOZ", "ADM0_A3_BR": "MOZ", "ADM0_A3_IL": "MOZ", "ADM0_A3_PS": "MOZ", "ADM0_A3_SA": "MOZ", "ADM0_A3_EG": "MOZ", "ADM0_A3_MA": "MOZ", "ADM0_A3_PT": "MOZ", "ADM0_A3_AR": "MOZ", "ADM0_A3_JP": "MOZ", "ADM0_A3_KO": "MOZ", "ADM0_A3_VN": "MOZ", "ADM0_A3_TR": "MOZ", "ADM0_A3_ID": "MOZ", "ADM0_A3_PL": "MOZ", "ADM0_A3_GR": "MOZ", "ADM0_A3_IT": "MOZ", "ADM0_A3_NL": "MOZ", "ADM0_A3_SE": "MOZ", "ADM0_A3_BD": "MOZ", "ADM0_A3_UA": "MOZ", "ADM0_A3_UN": -99, "ADM0_A3_WB": -99, "CONTINENT": "Africa", "REGION_UN": "Africa", "SUBREGION": "Eastern Africa", "REGION_WB": "Sub-Saharan Africa", "NAME_LEN": 10, "LONG_LEN": 10, "ABBREV_LEN": 4, "TINY": -99, "HOMEPART": 1, "MIN_ZOOM": 0, "MIN_LABEL": 3, "MAX_LABEL": 8, "LABEL_X": 37.83789, "LABEL_Y": -13.94323, "NE_ID": 1159321073, "WIKIDATAID": "Q1029", "NAME_AR": "\u0645\u0648\u0632\u0645\u0628\u064a\u0642", "NAME_BN": "\u09ae\u09cb\u099c\u09be\u09ae\u09cd\u09ac\u09bf\u0995", "NAME_DE": "Mosambik", "NAME_EN": "Mozambique", "NAME_ES": "Mozambique", "NAME_FA": "\u0645\u0648\u0632\u0627\u0645\u0628\u06cc\u06a9", "NAME_FR": "Mozambique", "NAME_EL": "\u039c\u03bf\u03b6\u03b1\u03bc\u03b2\u03af\u03ba\u03b7", "NAME_HE": "\u05de\u05d5\u05d6\u05de\u05d1\u05d9\u05e7", "NAME_HI": "\u092e\u094b\u091c\u093c\u093e\u092e\u094d\u092c\u0940\u0915", "NAME_HU": "Mozambik", "NAME_ID": "Mozambik", "NAME_IT": "Mozambico", "NAME_JA": "\u30e2\u30b6\u30f3\u30d3\u30fc\u30af", "NAME_KO": "\ubaa8\uc7a0\ube44\ud06c", "NAME_NL": "Mozambique", "NAME_PL": "Mozambik", "NAME_PT": "Mo\u00e7ambique", "NAME_RU": "\u041c\u043e\u0437\u0430\u043c\u0431\u0438\u043a", "NAME_SV": "Mo\u00e7ambique", "NAME_TR": "Mozambik", "NAME_UK": "\u041c\u043e\u0437\u0430\u043c\u0431\u0456\u043a", "NAME_UR": "\u0645\u0648\u0632\u0645\u0628\u06cc\u0642", "NAME_VI": "Mozambique", "NAME_ZH": "\u83ab\u6851\u6bd4\u514b", "NAME_ZHT": "\u83ab\u4e09\u6bd4\u514b", "FCLASS_ISO": "Admin-0 country", "TLC_DIFF": null, "FCLASS_TLC": "Admin-0 country", "FCLASS_US": null, "FCLASS_FR": null, "FCLASS_RU": null, "FCLASS_ES": null, "FCLASS_CN": null, "FCLASS_TW": null, "FCLASS_IN": null, "FCLASS_NP": null, "FCLASS_PK": null, "FCLASS_DE": null, "FCLASS_GB": null, "FCLASS_BR": null, "FCLASS_IL": null, "FCLASS_PS": null, "FCLASS_SA": null, "FCLASS_EG": null, "FCLASS_MA": null, "FCLASS_PT": null, "FCLASS_AR": null, "FCLASS_JP": null, "FCLASS_KO": null, "FCLASS_VN": null, "FCLASS_TR": null, "FCLASS_ID": null, "FCLASS_PL": null, "FCLASS_GR": null, "FCLASS_IT": null, "FCLASS_NL": null, "FCLASS_SE": null, "FCLASS_BD": null, "FCLASS_UA": null}, "bbox": [30.179481, -26.742192, 40.775475, -10.317096], "geometry": {"type": "Polygon", "coordinates": [[[34.559989, -11.52002], [40.31659, -10.3171], [40.477251, -15.406294], [34.786383, -19.784012], [35.60747, -23.706563], [32.83012, -26.742192], [32.244988, -21.116489], [32.328239, -16.392074], [33.7897, -14.451831], [35.771905, -15.896859], [34.559989, -11.52002]]]}}, {"type": "Feature", "properties": {"featurecla": "Admin-0 country", "scalerank": 1, "LABELRANK": 4, "SOVEREIGNT": "eSwatini", "SOV_A3": "SWZ", "ADM0_DIF": 0, "LEVEL": 2, "TYPE": "Sovereign country", "TLC": "1", "ADMIN": "eSwatini", "ADM0_A3": "SWZ", "GEOU_DIF": 0, "GEOUNIT": "eSwatini", "GU_A3": "SWZ", "SU_DIF": 0, "SUBUNIT": "eSwatini", "SU_A3": "SWZ", "BRK_DIFF": 0, "NAME": "eSwatini", "NAME_LONG": "Kingdom of eSwatini", "BRK_A3": "SWZ", "BRK_NAME": "eSwatini", "BRK_GROUP": null, "ABBREV": "eSw.", "POSTAL": "ES", "FORMAL_EN": "Kingdom of eSwatini", "FORMAL_FR": null, "NAME_CIAWF": "eSwatini", "NOTE_ADM0": null, "NOTE_BRK": null, "NAME_SORT": "eSwatini", "NAME_ALT": "Swaziland", "MAPCOLOR7": 3, "MAPCOLOR8": 6, "MAPCOLOR9": 2, "MAPCOLOR13": 5, "POP_EST": 1148130, "POP_RANK": 12, "POP_YEAR": 2019, "GDP_MD": 4471, "GDP_YEAR": 2019, "ECONOMY": "6. Developing region", "INCOME_GRP": "4. Lower middle income", "FIPS_10": "WZ", "ISO_A2": "SZ", "ISO_A2_EH": "SZ", "ISO_A3": "SWZ", "ISO_A3_EH": "SWZ", "ISO_N3": "748", "ISO_N3_EH": "748", "UN_A3": "748", "WB_A2": "SZ", "WB_A3": "SWZ", "WOE_ID": 23424993, "WOE_ID_EH": 23424993, "WOE_NOTE": "Exact WOE match as country", "ADM0_ISO": "SWZ", "ADM0_DIFF": null, "ADM0_TLC": "SWZ", "ADM0_A3_US": "SWZ", "ADM0_A3_FR": "SWZ", "ADM0_A3_RU": "SWZ", "ADM0_A3_ES": "SWZ", "ADM0_A3_CN": "SWZ", "ADM0_A3_TW": "SWZ", "ADM0_A3_IN": "SWZ", "ADM0_A3_NP": "SWZ", "ADM0_A3_PK": "SWZ", "ADM0_A3_DE": "SWZ", "ADM0_A3_GB": "SWZ", "ADM0_A3_BR": "SWZ", "ADM0_A3_IL": "SWZ", "ADM0_A3_PS": "SWZ", "ADM0_A3_SA": "SWZ", "ADM0_A3_EG": "SWZ", "ADM0_A3_MA": "SWZ", "ADM0_A3_PT": "SWZ", "ADM0_A3_AR": "SWZ", "ADM0_A3_JP": "SWZ", "ADM0_A3_KO": "SWZ", "ADM0_A3_VN": "SWZ", "ADM0_A3_TR": "SWZ", "ADM0_A3_ID": "SWZ", "ADM0_A3_PL": "SWZ", "ADM0_A3_GR": "SWZ", "ADM0_A3_IT": "SWZ", "ADM0_A3_NL": "SWZ", "ADM0_A3_SE": "SWZ", "ADM0_A3_BD": "SWZ", "ADM0_A3_UA": "SWZ", "ADM0_A3_UN": -99, "ADM0_A3_WB": -99, "CONTINENT": "Africa", "REGION_UN": "Africa", "SUBREGION": "Southern Africa", "REGION_WB": "Sub-Saharan Africa", "NAME_LEN": 8, "LONG_LEN": 19, "ABBREV_LEN": 4, "TINY": -99, "HOMEPART": 1, "MIN_ZOOM": 0, "MIN_LABEL": 4, "MAX_LABEL": 9, "LABEL_X": 31.467264, "LABEL_Y": -26.533676, "NE_ID": 1159321289, "WIKIDATAID": "Q1050", "NAME_AR": "\u0625\u0633\u0648\u0627\u062a\u064a\u0646\u064a", "NAME_BN": "\u0987\u09b8\u09cb\u09af\u09bc\u09be\u09a4\u09bf\u09a8\u09bf", "NAME_DE": "Eswatini", "NAME_EN": "Eswatini", "NAME_ES": "Suazilandia", "NAME_FA": "\u0627\u0633\u0648\u0627\u062a\u06cc\u0646\u06cc", "NAME_FR": "Eswatini", "NAME_EL": "\u0395\u03c3\u03bf\u03c5\u03b1\u03c4\u03af\u03bd\u03b9", "NAME_HE": "\u05d0\u05e1\u05d5\u05d5\u05d0\u05d8\u05d9\u05e0\u05d9", "NAME_HI": "\u090f\u0938\u094d\u0935\u093e\u0924\u0940\u0928\u0940", "NAME_HU": "Szv\u00e1zif\u00f6ld", "NAME_ID": "Eswatini", "NAME_IT": "eSwatini", "NAME_JA": "\u30a8\u30b9\u30ef\u30c6\u30a3\u30cb", "NAME_KO": "\uc5d0\uc2a4\uc640\ud2f0\ub2c8", "NAME_NL": "Swaziland", "NAME_PL": "Eswatini", "NAME_PT": "Essuat\u00edni", "NAME_RU": "\u042d\u0441\u0432\u0430\u0442\u0438\u043d\u0438", "NAME_SV": "Swaziland", "NAME_TR": "Esvatini", "NAME_UK": "\u0415\u0441\u0432\u0430\u0442\u0456\u043d\u0456", "NAME_UR": "\u0627\u0633\u0648\u0627\u062a\u06cc\u0646\u06cc", "NAME_VI": "Eswatini", "NAME_ZH": "\u65af\u5a01\u58eb\u5170", "NAME_ZHT": "\u53f2\u74e6\u5e1d\u5c3c", "FCLASS_ISO": "Admin-0 country", "TLC_DIFF": null, "FCLASS_TLC": "Admin-0 country", "FCLASS_US": null, "FCLASS_FR": null, "FCLASS_RU": null, "FCLASS_ES": null, "FCLASS_CN": null, "FCLASS_TW": null, "FCLASS_IN": null, "FCLASS_NP": null, "FCLASS_PK": null, "FCLASS_DE": null, "FCLASS_GB": null, "FCLASS_BR": null, "FCLASS_IL": null, "FCLASS_PS": null, "FCLASS_SA": null, "FCLASS_EG": null, "FCLASS_MA": null, "FCLASS_PT": null, "FCLASS_AR": null, "FCLASS_JP": null, "FCLASS_KO": null, "FCLASS_VN": null, "FCLASS_TR": null, "FCLASS_ID": null, "FCLASS_PL": null, "FCLASS_GR": null, "FCLASS_IT": null, "FCLASS_NL": null, "FCLASS_SE": null, "FCLASS_BD": null, "FCLASS_UA": null}, "bbox": [30.676609, -27.285879, 32.071665, -25.660191], "geometry": {"type": "Polygon", "coordinates": [[[32.071665, -26.73382], [31.837778, -25.843332], [32.071665, -26.73382]]]}}, {"type": "Feature", "properties": {"featurecla": "Admin-0 country", "scalerank": 1, "LABELRANK": 3, "SOVEREIGNT": "Angola", "SOV_A3": "AGO", "ADM0_DIF": 0, "LEVEL": 2, "TYPE": "Sovereign country", "TLC": "1", "ADMIN": "Angola", "ADM0_A3": "AGO", "GEOU_DIF": 0, "GEOUNIT": "Angola", "GU_A3": "AGO", "SU_DIF": 0, "SUBUNIT": "Angola", "SU_A3": "AGO", "BRK_DIFF": 0, "NAME": "Angola", "NAME_LONG": "Angola", "BRK_A3": "AGO", "BRK_NAME": "Angola", "BRK_GROUP": null, "ABBREV": "Ang.", "POSTAL": "AO", "FORMAL_EN": "People's Republic of Angola", "FORMAL_FR": null, "NAME_CIAWF": "Angola", "NOTE_ADM0": null, "NOTE_BRK": null, "NAME_SORT": "Angola", "NAME_ALT": null, "MAPCOLOR7": 3, "MAPCOLOR8": 2, "MAPCOLOR9": 6, "MAPCOLOR13": 1, "POP_EST": 31825295, "POP_RANK": 15, "POP_YEAR": 2019, "GDP_MD": 88815, "GDP_YEAR": 2019, "ECONOMY": "7. Least developed region", "INCOME_GRP": "3. Upper middle income", "FIPS_10": "AO", "ISO_A2": "AO", "ISO_A2_EH": "AO", "ISO_A3": "AGO", "ISO_A3_EH": "AGO", "ISO_N3": "024", "ISO_N3_EH": "024", "UN_A3": "024", "WB_A2": "AO", "WB_A3": "AGO", "WOE_ID": 23424745, "WOE_ID_EH": 23424745, "WOE_NOTE": "Exact WOE match as country", "ADM0_ISO": "AGO", "ADM0_DIFF": null, "ADM0_TLC": "AGO", "ADM0_A3_US": "AGO", "ADM0_A3_FR": "AGO", "ADM0_A3_RU": "AGO", "ADM0_A3_ES": "AGO", "ADM0_A3_CN": "AGO", "ADM0_A3_TW": "AGO", "ADM0_A3_IN": "AGO", "ADM0_A3_NP": "AGO", "ADM0_A3_PK": "AGO", "ADM0_A3_DE": "AGO", "ADM0_A3_GB": "AGO", "ADM0_A3_BR": "AGO", "ADM0_A3_IL": "AGO", "ADM0_A3_PS": "AGO", "ADM0_A3_SA": "AGO", "ADM0_A3_EG": "AGO", "ADM0_A3_MA": "AGO", "ADM0_A3_PT": "AGO", "ADM0_A3_AR": "AGO", "ADM0_A3_JP": "AGO", "ADM0_A3_KO": "AGO", "ADM0_A3_VN": "AGO", "ADM0_A3_TR": "AGO", "ADM0_A3_ID": "AGO", "ADM0_A3_PL": "AGO", "ADM0_A3_GR": "AGO", "ADM0_A3_IT": "AGO", "ADM0_A3_NL": "AGO", "ADM0_A3_SE": "AGO", "ADM0_A3_BD": "AGO", "ADM0_A3_UA": "AGO", "ADM0_A3_UN": -99, "ADM0_A3_WB": -99, "CONTINENT": "Africa", "REGION_UN": "Africa", "SUBREGION": "Middle Africa", "REGION_WB": "Sub-Saharan Africa", "NAME_LEN": 6, "LONG_LEN": 6, "ABBREV_LEN": 4, "TINY": -99, "HOMEPART": 1, "MIN_ZOOM": 0, "MIN_LABEL": 3, "MAX_LABEL": 7, "LABEL_X": 17.984249, "LABEL_Y": -12.182762, "NE_ID": 1159320323, "WIKIDATAID": "Q916", "NAME_AR": "\u0623\u0646\u063a\u0648\u0644\u0627", "NAME_BN": "\u0985\u09cd\u09af\u09be\u0999\u09cd\u0997\u09cb\u09b2\u09be", "NAME_DE": "Angola", "NAME_EN": "Angola", "NAME_ES": "Angola", "NAME_FA": "\u0622\u0646\u06af\u0648\u0644\u0627", "NAME_FR": "Angola", "NAME_EL": "\u0391\u03bd\u03b3\u03ba\u03cc\u03bb\u03b1", "NAME_HE": "\u05d0\u05e0\u05d2\u05d5\u05dc\u05d4", "NAME_HI": "\u0905\u0902\u0917\u094b\u0932\u093e", "NAME_HU": "Angola", "NAME_ID": "Angola", "NAME_IT": "Angola", "NAME_JA": "\u30a2\u30f3\u30b4\u30e9", "NAME_KO": "\uc559\uace8\ub77c", "NAME_NL": "Angola", "NAME_PL": "Angola", "NAME_PT": "Angola", "NAME_RU": "\u0410\u043d\u0433\u043e\u043b\u0430", "NAME_SV": "Angola", "NAME_TR": "Angola", "NAME_UK": "\u0410\u043d\u0433\u043e\u043b\u0430", "NAME_UR": "\u0627\u0646\u06af\u0648\u0644\u0627", "NAME_VI": "Angola", "NAME_ZH": "\u5b89\u54e5\u62c9", "NAME_ZHT": "\u5b89\u54e5\u62c9", "FCLASS_ISO": "Admin-0 country", "TLC_DIFF": null, "FCLASS_TLC": "Admin-0 country", "FCLASS_US": null, "FCLASS_FR": null, "FCLASS_RU": null, "FCLASS_ES": null, "FCLASS_CN": null, "FCLASS_TW": null, "FCLASS_IN": null, "FCLASS_NP": null, "FCLASS_PK": null, "FCLASS_DE": null, "FCLASS_GB": null, "FCLASS_BR": null, "FCLASS_IL": null, "FCLASS_PS": null, "FCLASS_SA": null, "FCLASS_EG": null, "FCLASS_MA": null, "FCLASS_PT": null, "FCLASS_AR": null, "FCLASS_JP": null, "FCLASS_KO": null, "FCLASS_VN": null, "FCLASS_TR": null, "FCLASS_ID": null, "FCLASS_PL": null, "FCLASS_GR": null, "FCLASS_IT": null, "FCLASS_NL": null, "FCLASS_SE": null, "FCLASS_BD": null, "FCLASS_UA": null}, "bbox": [11.640096, -17.930636, 24.079905, -4.438023], "geometry": {"type": "MultiPolygon", "coordinates": [[[[12.995517, -4.781103], [12.995517, -4.781103]]], [[[12.322432, -6.100092], [17.47297, -8.068551], [20.601823, -6.939318], [22.155268, -11.084801], [23.930922, -12.565848], [18.263309, -17.309951], [11.778537, -15.793816], [13.686379, -10.731076], [12.227347, -6.294448], [12.322432, -6.100092]]]]}}, {"type": "Feature", "properties": {"featurecla": "Admin-0 country", "scalerank": 1, "LABELRANK": 6, "SOVEREIGNT": "Burundi", "SOV_A3": "BDI", "ADM0_DIF": 0, "LEVEL": 2, "TYPE": "Sovereign country", "TLC": "1", "ADMIN": "Burundi", "ADM0_A3": "BDI", "GEOU_DIF": 0, "GEOUNIT": "Burundi", "GU_A3": "BDI", "SU_DIF": 0, "SUBUNIT": "Burundi", "SU_A3": "BDI", "BRK_DIFF": 0, "NAME": "Burundi", "NAME_LONG": "Burundi", "BRK_A3": "BDI", "BRK_NAME": "Burundi", "BRK_GROUP": null, "ABBREV": "Bur.", "POSTAL": "BI", "FORMAL_EN": "Republic of Burundi", "FORMAL_FR": null, "NAME_CIAWF": "Burundi", "NOTE_ADM0": null, "NOTE_BRK": null, "NAME_SORT": "Burundi", "NAME_ALT": null, "MAPCOLOR7": 2, "MAPCOLOR8": 2, "MAPCOLOR9": 5, "MAPCOLOR13": 8, "POP_EST": 11530580, "POP_RANK": 14, "POP_YEAR": 2019, "GDP_MD": 3012, "GDP_YEAR": 2019, "ECONOMY": "7. Least developed region", "INCOME_GRP": "5. Low income", "FIPS_10": "BY", "ISO_A2": "BI", "ISO_A2_EH": "BI", "ISO_A3": "BDI", "ISO_A3_EH": "BDI", "ISO_N3": "108", "ISO_N3_EH": "108", "UN_A3": "108", "WB_A2": "BI", "WB_A3": "BDI", "WOE_ID": 23424774, "WOE_ID_EH": 23424774, "WOE_NOTE": "Exact WOE match as country", "ADM0_ISO": "BDI", "ADM0_DIFF": null, "ADM0_TLC": "BDI", "ADM0_A3_US": "BDI", "ADM0_A3_FR": "BDI", "ADM0_A3_RU": "BDI", "ADM0_A3_ES": "BDI", "ADM0_A3_CN": "BDI", "ADM0_A3_TW": "BDI", "ADM0_A3_IN": "BDI", "ADM0_A3_NP": "BDI", "ADM0_A3_PK": "BDI", "ADM0_A3_DE": "BDI", "ADM0_A3_GB": "BDI", "ADM0_A3_BR": "BDI", "ADM0_A3_IL": "BDI", "ADM0_A3_PS": "BDI", "ADM0_A3_SA": "BDI", "ADM0_A3_EG": "BDI", "ADM0_A3_MA": "BDI", "ADM0_A3_PT": "BDI", "ADM0_A3_AR": "BDI", "ADM0_A3_JP": "BDI", "ADM0_A3_KO": "BDI", "ADM0_A3_VN": "BDI", "ADM0_A3_TR": "BDI", "ADM0_A3_ID": "BDI", "ADM0_A3_PL": "BDI", "ADM0_A3_GR": "BDI", "ADM0_A3_IT": "BDI", "ADM0_A3_NL": "BDI", "ADM0_A3_SE": "BDI", "ADM0_A3_BD": "BDI", "ADM0_A3_UA": "BDI", "ADM0_A3_UN": -99, "ADM0_A3_WB": -99, "CONTINENT": "Africa", "REGION_UN": "Africa", "SUBREGION": "Eastern Africa", "REGION_WB": "Sub-Saharan Africa", "NAME_LEN": 7, "LONG_LEN": 7, "ABBREV_LEN": 4, "TINY": -99, "HOMEPART": 1, "MIN_ZOOM": 0, "MIN_LABEL": 4, "MAX_LABEL": 9, "LABEL_X": 29.917086, "LABEL_Y": -3.332836, "NE_ID": 1159320387, "WIKIDATAID": "Q967", "NAME_AR": "\u0628\u0648\u0631\u0648\u0646\u062f\u064a", "NAME_BN": "\u09ac\u09c1\u09b0\u09c1\u09a8\u09cd\u09a1\u09bf", "NAME_DE": "Burundi", "NAME_EN": "Burundi", "NAME_ES": "Burundi", "NAME_FA": "\u0628\u0648\u0631\u0648\u0646\u062f\u06cc", "NAME_FR": "Burundi", "NAME_EL": "\u039c\u03c0\u03bf\u03c5\u03c1\u03bf\u03cd\u03bd\u03c4\u03b9", "NAME_HE": "\u05d1\u05d5\u05e8\u05d5\u05e0\u05d3\u05d9", "NAME_HI": "\u092c\u0941\u0930\u0941\u0923\u094d\u0921\u0940", "NAME_HU": "Burundi", "NAME_ID": "Burundi", "NAME_IT": "Burundi", "NAME_JA": "\u30d6\u30eb\u30f3\u30b8", "NAME_KO": "\ubd80\ub8ec\ub514", "NAME_NL": "Burundi", "NAME_PL": "Burundi", "NAME_PT": "Burundi", "NAME_RU": "\u0411\u0443\u0440\u0443\u043d\u0434\u0438", "NAME_SV": "Burundi", "NAME_TR": "Burundi", "NAME_UK": "\u0411\u0443\u0440\u0443\u043d\u0434\u0456", "NAME_UR": "\u0628\u0631\u0648\u0646\u0688\u06cc", "NAME_VI": "Burundi", "NAME_ZH": "\u5e03\u9686\u8fea", "NAME_ZHT": "\u84b2\u9686\u5730", "FCLASS_ISO": "Admin-0 country", "TLC_DIFF": null, "FCLASS_TLC": "Admin-0 country", "FCLASS_US": null, "FCLASS_FR": null, "FCLASS_RU": null, "FCLASS_ES": null, "FCLASS_CN": null, "FCLASS_TW": null, "FCLASS_IN": null, "FCLASS_NP": null, "FCLASS_PK": null, "FCLASS_DE": null, "FCLASS_GB": null, "FCLASS_BR": null, "FCLASS_IL": null, "FCLASS_PS": null, "FCLASS_SA": null, "FCLASS_EG": null, "FCLASS_MA": null, "FCLASS_PT": null, "FCLASS_AR": null, "FCLASS_JP": null, "FCLASS_KO": null, "FCLASS_VN": null, "FCLASS_TR": null, "FCLASS_ID": null, "FCLASS_PL": null, "FCLASS_GR": null, "FCLASS_IT": null, "FCLASS_NL": null, "FCLASS_SE": null, "FCLASS_BD": null, "FCLASS_UA": null}, "bbox": [29.024926, -4.499983, 30.75224, -2.348487], "geometry": {"type": "Polygon", "coordinates": [[[30.469674, -2.413855], [29.276384, -3.293907], [30.469674, -2.413855]]]}}, {"type": "Feature", "properties": {"featurecla": "Admin-0 country", "scalerank": 1, "LABELRANK": 4, "SOVEREIGNT": "Israel", "SOV_A3": "IS1", "ADM0_DIF": 1, "LEVEL": 2, "TYPE": "Disputed", "TLC": "1", "ADMIN": "Israel", "ADM0_A3": "ISR", "GEOU_DIF": 0, "GEOUNIT": "Israel", "GU_A3": "ISR", "SU_DIF": 0, "SUBUNIT": "Israel", "SU_A3": "ISR", "BRK_DIFF": 1, "NAME": "Israel", "NAME_LONG": "Israel", "BRK_A3": "ISR", "BRK_NAME": "Israel", "BRK_GROUP": null, "ABBREV": "Isr.", "POSTAL": "IS", "FORMAL_EN": "State of Israel", "FORMAL_FR": null, "NAME_CIAWF": "Israel", "NOTE_ADM0": null, "NOTE_BRK": null, "NAME_SORT": "Israel", "NAME_ALT": null, "MAPCOLOR7": 3, "MAPCOLOR8": 2, "MAPCOLOR9": 5, "MAPCOLOR13": 9, "POP_EST": 9053300, "POP_RANK": 13, "POP_YEAR": 2019, "GDP_MD": 394652, "GDP_YEAR": 2019, "ECONOMY": "2. Developed region: nonG7", "INCOME_GRP": "1. High income: OECD", "FIPS_10": "-99", "ISO_A2": "IL", "ISO_A2_EH": "IL", "ISO_A3": "ISR", "ISO_A3_EH": "ISR", "ISO_N3": "376", "ISO_N3_EH": "376", "UN_A3": "376", "WB_A2": "IL", "WB_A3": "ISR", "WOE_ID": 23424852, "WOE_ID_EH": 23424852, "WOE_NOTE": "Exact WOE match as country", "ADM0_ISO": "ISR", "ADM0_DIFF": null, "ADM0_TLC": "ISR", "ADM0_A3_US": "ISR", "ADM0_A3_FR": "ISR", "ADM0_A3_RU": "ISR", "ADM0_A3_ES": "ISR", "ADM0_A3_CN": "ISR", "ADM0_A3_TW": "ISR", "ADM0_A3_IN": "ISR", "ADM0_A3_NP": "ISR", "ADM0_A3_PK": "PSX", "ADM0_A3_DE": "ISR", "ADM0_A3_GB": "ISR", "ADM0_A3_BR": "ISR", "ADM0_A3_IL": "ISR", "ADM0_A3_PS": "ISR", "ADM0_A3_SA": "PSX", "ADM0_A3_EG": "ISR", "ADM0_A3_MA": "ISR", "ADM0_A3_PT": "ISR", "ADM0_A3_AR": "ISR", "ADM0_A3_JP": "ISR", "ADM0_A3_KO": "ISR", "ADM0_A3_VN": "ISR", "ADM0_A3_TR": "ISR", "ADM0_A3_ID": "ISR", "ADM0_A3_PL": "ISR", "ADM0_A3_GR": "ISR", "ADM0_A3_IT": "ISR", "ADM0_A3_NL": "ISR", "ADM0_A3_SE": "ISR", "ADM0_A3_BD": "PSX", "ADM0_A3_UA": "ISR", "ADM0_A3_UN": -99, "ADM0_A3_WB": -99, "CONTINENT": "Asia", "REGION_UN": "Asia", "SUBREGION": "Western Asia", "REGION_WB": "Middle East & North Africa", "NAME_LEN": 6, "LONG_LEN": 6, "ABBREV_LEN": 4, "TINY": -99, "HOMEPART": 1, "MIN_ZOOM": 0, "MIN_LABEL": 3, "MAX_LABEL": 8, "LABEL_X": 34.847915, "LABEL_Y": 30.911148, "NE_ID": 1159320895, "WIKIDATAID": "Q801", "NAME_AR": "\u0625\u0633\u0631\u0627\u0626\u064a\u0644", "NAME_BN": "\u0987\u09b8\u09b0\u09be\u09af\u09bc\u09c7\u09b2", "NAME_DE": "Israel", "NAME_EN": "Israel", "NAME_ES": "Israel", "NAME_FA": "\u0627\u0633\u0631\u0627\u0626\u06cc\u0644", "NAME_FR": "Isra\u00ebl", "NAME_EL": "\u0399\u03c3\u03c1\u03b1\u03ae\u03bb", "NAME_HE": "\u05d9\u05e9\u05e8\u05d0\u05dc", "NAME_HI": "\u0907\u091c\u093c\u0930\u093e\u0907\u0932", "NAME_HU": "Izrael", "NAME_ID": "Israel", "NAME_IT": "Israele", "NAME_JA": "\u30a4\u30b9\u30e9\u30a8\u30eb", "NAME_KO": "\uc774\uc2a4\ub77c\uc5d8", "NAME_NL": "Isra\u00ebl", "NAME_PL": "Izrael", "NAME_PT": "Israel", "NAME_RU": "\u0418\u0437\u0440\u0430\u0438\u043b\u044c", "NAME_SV": "Israel", "NAME_TR": "\u0130srail", "NAME_UK": "\u0406\u0437\u0440\u0430\u0457\u043b\u044c", "NAME_UR": "\u0627\u0633\u0631\u0627\u0626\u06cc\u0644", "NAME_VI": "Israel", "NAME_ZH": "\u4ee5\u8272\u5217", "NAME_ZHT": "\u4ee5\u8272\u5217", "FCLASS_ISO": "Admin-0 country", "TLC_DIFF": null, "FCLASS_TLC": "Admin-0 country", "FCLASS_US": null, "FCLASS_FR": null, "FCLASS_RU": null, "FCLASS_ES": null, "FCLASS_CN": null, "FCLASS_TW": null, "FCLASS_IN": null, "FCLASS_NP": null, "FCLASS_PK": "Unrecognized", "FCLASS_DE": null, "FCLASS_GB": null, "FCLASS_BR": null, "FCLASS_IL": null, "FCLASS_PS": null, "FCLASS_SA": "Unrecognized", "FCLASS_EG": null, "FCLASS_MA": null, "FCLASS_PT": null, "FCLASS_AR": null, "FCLASS_JP": null, "FCLASS_KO": null, "FCLASS_VN": null, "FCLASS_TR": null, "FCLASS_ID": null, "FCLASS_PL": null, "FCLASS_GR": null, "FCLASS_IT": null, "FCLASS_NL": null, "FCLASS_SE": null, "FCLASS_BD": "Unrecognized", "FCLASS_UA": null}, "bbox": [34.265433, 29.501326, 35.836397, 33.277426], "geometry": {"type": "Polygon", "coordinates": [[[35.719918, 32.709192], [35.420918, 31.100066], [34.752587, 32.072926], [35.700798, 32.716014], [35.719918, 32.709192]]]}}, {"type": "Feature", "properties": {"featurecla": "Admin-0 country", "scalerank": 1, "LABELRANK": 5, "SOVEREIGNT": "Lebanon", "SOV_A3": "LBN", "ADM0_DIF": 0, "LEVEL": 2, "TYPE": "Sovereign country", "TLC": "1", "ADMIN": "Lebanon", "ADM0_A3": "LBN", "GEOU_DIF": 0, "GEOUNIT": "Lebanon", "GU_A3": "LBN", "SU_DIF": 0, "SUBUNIT": "Lebanon", "SU_A3": "LBN", "BRK_DIFF": 0, "NAME": "Lebanon", "NAME_LONG": "Lebanon", "BRK_A3": "LBN", "BRK_NAME": "Lebanon", "BRK_GROUP": null, "ABBREV": "Leb.", "POSTAL": "LB", "FORMAL_EN": "Lebanese Republic", "FORMAL_FR": null, "NAME_CIAWF": "Lebanon", "NOTE_ADM0": null, "NOTE_BRK": null, "NAME_SORT": "Lebanon", "NAME_ALT": null, "MAPCOLOR7": 4, "MAPCOLOR8": 4, "MAPCOLOR9": 4, "MAPCOLOR13": 12, "POP_EST": 6855713, "POP_RANK": 13, "POP_YEAR": 2019, "GDP_MD": 51991, "GDP_YEAR": 2019, "ECONOMY": "6. Developing region", "INCOME_GRP": "3. Upper middle income", "FIPS_10": "LE", "ISO_A2": "LB", "ISO_A2_EH": "LB", "ISO_A3": "LBN", "ISO_A3_EH": "LBN", "ISO_N3": "422", "ISO_N3_EH": "422", "UN_A3": "422", "WB_A2": "LB", "WB_A3": "LBN", "WOE_ID": 23424873, "WOE_ID_EH": 23424873, "WOE_NOTE": "Exact WOE match as country", "ADM0_ISO": "LBN", "ADM0_DIFF": null, "ADM0_TLC": "LBN", "ADM0_A3_US": "LBN", "ADM0_A3_FR": "LBN", "ADM0_A3_RU": "LBN", "ADM0_A3_ES": "LBN", "ADM0_A3_CN": "LBN", "ADM0_A3_TW": "LBN", "ADM0_A3_IN": "LBN", "ADM0_A3_NP": "LBN", "ADM0_A3_PK": "LBN", "ADM0_A3_DE": "LBN", "ADM0_A3_GB": "LBN", "ADM0_A3_BR": "LBN", "ADM0_A3_IL": "LBN", "ADM0_A3_PS": "LBN", "ADM0_A3_SA": "LBN", "ADM0_A3_EG": "LBN", "ADM0_A3_MA": "LBN", "ADM0_A3_PT": "LBN", "ADM0_A3_AR": "LBN", "ADM0_A3_JP": "LBN", "ADM0_A3_KO": "LBN", "ADM0_A3_VN": "LBN", "ADM0_A3_TR": "LBN", "ADM0_A3_ID": "LBN", "ADM0_A3_PL": "LBN", "ADM0_A3_GR": "LBN", "ADM0_A3_IT": "LBN", "ADM0_A3_NL": "LBN", "ADM0_A3_SE": "LBN", "ADM0_A3_BD": "LBN", "ADM0_A3_UA": "LBN", "ADM0_A3_UN": -99, "ADM0_A3_WB": -99, "CONTINENT": "Asia", "REGION_UN": "Asia", "SUBREGION": "Western Asia", "REGION_WB": "Middle East & North Africa", "NAME_LEN": 7, "LONG_LEN": 7, "ABBREV_LEN": 4, "TINY": 4, "HOMEPART": 1, "MIN_ZOOM": 0, "MIN_LABEL": 4, "MAX_LABEL": 9, "LABEL_X": 35.992892, "LABEL_Y": 34.133368, "NE_ID": 1159321013, "WIKIDATAID": "Q822", "NAME_AR": "\u0644\u0628\u0646\u0627\u0646", "NAME_BN": "\u09b2\u09c7\u09ac\u09be\u09a8\u09a8", "NAME_DE": "Libanon", "NAME_EN": "Lebanon", "NAME_ES": "L\u00edbano", "NAME_FA": "\u0644\u0628\u0646\u0627\u0646", "NAME_FR": "Liban", "NAME_EL": "\u039b\u03af\u03b2\u03b1\u03bd\u03bf\u03c2", "NAME_HE": "\u05dc\u05d1\u05e0\u05d5\u05df", "NAME_HI": "\u0932\u0947\u092c\u0928\u093e\u0928", "NAME_HU": "Libanon", "NAME_ID": "Lebanon", "NAME_IT": "Libano", "NAME_JA": "\u30ec\u30d0\u30ce\u30f3", "NAME_KO": "\ub808\ubc14\ub17c", "NAME_NL": "Libanon", "NAME_PL": "Liban", "NAME_PT": "L\u00edbano", "NAME_RU": "\u041b\u0438\u0432\u0430\u043d", "NAME_SV": "Libanon", "NAME_TR": "L\u00fcbnan", "NAME_UK": "\u041b\u0456\u0432\u0430\u043d", "NAME_UR": "\u0644\u0628\u0646\u0627\u0646", "NAME_VI": "Liban", "NAME_ZH": "\u9ece\u5df4\u5ae9", "NAME_ZHT": "\u9ece\u5df4\u5ae9", "FCLASS_ISO": "Admin-0 country", "TLC_DIFF": null, "FCLASS_TLC": "Admin-0 country", "FCLASS_US": null, "FCLASS_FR": null, "FCLASS_RU": null, "FCLASS_ES": null, "FCLASS_CN": null, "FCLASS_TW": null, "FCLASS_IN": null, "FCLASS_NP": null, "FCLASS_PK": null, "FCLASS_DE": null, "FCLASS_GB": null, "FCLASS_BR": null, "FCLASS_IL": null, "FCLASS_PS": null, "FCLASS_SA": null, "FCLASS_EG": null, "FCLASS_MA": null, "FCLASS_PT": null, "FCLASS_AR": null, "FCLASS_JP": null, "FCLASS_KO": null, "FCLASS_VN": null, "FCLASS_TR": null, "FCLASS_ID": null, "FCLASS_PL": null, "FCLASS_GR": null, "FCLASS_IT": null, "FCLASS_NL": null, "FCLASS_SE": null, "FCLASS_BD": null, "FCLASS_UA": null}, "bbox": [35.126053, 33.08904, 36.61175, 34.644914], "geometry": {"type": "Polygon", "coordinates": [[[35.821101, 33.277426], [36.61175, 34.201789], [35.821101, 33.277426]]]}}, {"type": "Feature", "properties": {"featurecla": "Admin-0 country", "scalerank": 1, "LABELRANK": 3, "SOVEREIGNT": "Madagascar", "SOV_A3": "MDG", "ADM0_DIF": 0, "LEVEL": 2, "TYPE": "Sovereign country", "TLC": "1", "ADMIN": "Madagascar", "ADM0_A3": "MDG", "GEOU_DIF": 0, "GEOUNIT": "Madagascar", "GU_A3": "MDG", "SU_DIF": 0, "SUBUNIT": "Madagascar", "SU_A3": "MDG", "BRK_DIFF": 0, "NAME": "Madagascar", "NAME_LONG": "Madagascar", "BRK_A3": "MDG", "BRK_NAME": "Madagascar", "BRK_GROUP": null, "ABBREV": "Mad.", "POSTAL": "MG", "FORMAL_EN": "Republic of Madagascar", "FORMAL_FR": null, "NAME_CIAWF": "Madagascar", "NOTE_ADM0": null, "NOTE_BRK": null, "NAME_SORT": "Madagascar", "NAME_ALT": null, "MAPCOLOR7": 6, "MAPCOLOR8": 5, "MAPCOLOR9": 2, "MAPCOLOR13": 3, "POP_EST": 26969307, "POP_RANK": 15, "POP_YEAR": 2019, "GDP_MD": 14114, "GDP_YEAR": 2019, "ECONOMY": "7. Least developed region", "INCOME_GRP": "5. Low income", "FIPS_10": "MA", "ISO_A2": "MG", "ISO_A2_EH": "MG", "ISO_A3": "MDG", "ISO_A3_EH": "MDG", "ISO_N3": "450", "ISO_N3_EH": "450", "UN_A3": "450", "WB_A2": "MG", "WB_A3": "MDG", "WOE_ID": 23424883, "WOE_ID_EH": 23424883, "WOE_NOTE": "Exact WOE match as country", "ADM0_ISO": "MDG", "ADM0_DIFF": null, "ADM0_TLC": "MDG", "ADM0_A3_US": "MDG", "ADM0_A3_FR": "MDG", "ADM0_A3_RU": "MDG", "ADM0_A3_ES": "MDG", "ADM0_A3_CN": "MDG", "ADM0_A3_TW": "MDG", "ADM0_A3_IN": "MDG", "ADM0_A3_NP": "MDG", "ADM0_A3_PK": "MDG", "ADM0_A3_DE": "MDG", "ADM0_A3_GB": "MDG", "ADM0_A3_BR": "MDG", "ADM0_A3_IL": "MDG", "ADM0_A3_PS": "MDG", "ADM0_A3_SA": "MDG", "ADM0_A3_EG": "MDG", "ADM0_A3_MA": "MDG", "ADM0_A3_PT": "MDG", "ADM0_A3_AR": "MDG", "ADM0_A3_JP": "MDG", "ADM0_A3_KO": "MDG", "ADM0_A3_VN": "MDG", "ADM0_A3_TR": "MDG", "ADM0_A3_ID": "MDG", "ADM0_A3_PL": "MDG", "ADM0_A3_GR": "MDG", "ADM0_A3_IT": "MDG", "ADM0_A3_NL": "MDG", "ADM0_A3_SE": "MDG", "ADM0_A3_BD": "MDG", "ADM0_A3_UA": "MDG", "ADM0_A3_UN": -99, "ADM0_A3_WB": -99, "CONTINENT": "Africa", "REGION_UN": "Africa", "SUBREGION": "Eastern Africa", "REGION_WB": "Sub-Saharan Africa", "NAME_LEN": 10, "LONG_LEN": 10, "ABBREV_LEN": 4, "TINY": -99, "HOMEPART": 1, "MIN_ZOOM": 0, "MIN_LABEL": 2.7, "MAX_LABEL": 7, "LABEL_X": 46.704241, "LABEL_Y": -18.628288, "NE_ID": 1159321051, "WIKIDATAID": "Q1019", "NAME_AR": "\u0645\u062f\u063a\u0634\u0642\u0631", "NAME_BN": "\u09ae\u09be\u09a6\u09be\u0997\u09be\u09b8\u09cd\u0995\u09be\u09b0", "NAME_DE": "Madagaskar", "NAME_EN": "Madagascar", "NAME_ES": "Madagascar", "NAME_FA": "\u0645\u0627\u062f\u0627\u06af\u0627\u0633\u06a9\u0627\u0631", "NAME_FR": "Madagascar", "NAME_EL": "\u039c\u03b1\u03b4\u03b1\u03b3\u03b1\u03c3\u03ba\u03ac\u03c1\u03b7", "NAME_HE": "\u05de\u05d3\u05d2\u05e1\u05e7\u05e8", "NAME_HI": "\u092e\u0947\u0921\u093e\u0917\u093e\u0938\u094d\u0915\u0930", "NAME_HU": "Madagaszk\u00e1r", "NAME_ID": "Madagaskar", "NAME_IT": "Madagascar", "NAME_JA": "\u30de\u30c0\u30ac\u30b9\u30ab\u30eb", "NAME_KO": "\ub9c8\ub2e4\uac00\uc2a4\uce74\ub974", "NAME_NL": "Madagaskar", "NAME_PL": "Madagaskar", "NAME_PT": "Madag\u00e1scar", "NAME_RU": "\u041c\u0430\u0434\u0430\u0433\u0430\u0441\u043a\u0430\u0440", "NAME_SV": "Madagaskar", "NAME_TR": "Madagaskar", "NAME_UK": "\u041c\u0430\u0434\u0430\u0433\u0430\u0441\u043a\u0430\u0440", "NAME_UR": "\u0645\u0688\u063a\u0627\u0633\u06a9\u0631", "NAME_VI": "Madagascar", "NAME_ZH": "\u9a6c\u8fbe\u52a0\u65af\u52a0", "NAME_ZHT": "\u99ac\u9054\u52a0\u65af\u52a0", "FCLASS_ISO": "Admin-0 country", "TLC_DIFF": null, "FCLASS_TLC": "Admin-0 country", "FCLASS_US": null, "FCLASS_FR": null, "FCLASS_RU": null, "FCLASS_ES": null, "FCLASS_CN": null, "FCLASS_TW": null, "FCLASS_IN": null, "FCLASS_NP": null, "FCLASS_PK": null, "FCLASS_DE": null, "FCLASS_GB": null, "FCLASS_BR": null, "FCLASS_IL": null, "FCLASS_PS": null, "FCLASS_SA": null, "FCLASS_EG": null, "FCLASS_MA": null, "FCLASS_PT": null, "FCLASS_AR": null, "FCLASS_JP": null, "FCLASS_KO": null, "FCLASS_VN": null, "FCLASS_TR": null, "FCLASS_ID": null, "FCLASS_PL": null, "FCLASS_GR": null, "FCLASS_IT": null, "FCLASS_NL": null, "FCLASS_SE": null, "FCLASS_BD": null, "FCLASS_UA": null}, "bbox": [43.254187, -25.601434, 50.476537, -12.040557], "geometry": {"type": "Polygon", "coordinates": [[[49.543519, -12.469833], [49.672607, -15.710204], [47.547723, -23.781959], [43.345654, -22.776904], [44.042976, -18.331387], [46.882183, -15.210182], [49.543519, -12.469833]]]}}, {"type": "Feature", "properties": {"featurecla": "Admin-0 country", "scalerank": 1, "LABELRANK": 5, "SOVEREIGNT": "Israel", "SOV_A3": "IS1", "ADM0_DIF": 1, "LEVEL": 2, "TYPE": "Indeterminate", "TLC": "1", "ADMIN": "Palestine", "ADM0_A3": "PSX", "GEOU_DIF": 0, "GEOUNIT": "Palestine", "GU_A3": "PSX", "SU_DIF": 0, "SUBUNIT": "Palestine", "SU_A3": "PSX", "BRK_DIFF": 0, "NAME": "Palestine", "NAME_LONG": "Palestine", "BRK_A3": "PSX", "BRK_NAME": "Palestine", "BRK_GROUP": null, "ABBREV": "Pal.", "POSTAL": "PAL", "FORMAL_EN": "West Bank and Gaza", "FORMAL_FR": null, "NAME_CIAWF": null, "NOTE_ADM0": null, "NOTE_BRK": "Partial self-admin.", "NAME_SORT": "Palestine (West Bank and Gaza)", "NAME_ALT": null, "MAPCOLOR7": 3, "MAPCOLOR8": 2, "MAPCOLOR9": 5, "MAPCOLOR13": 8, "POP_EST": 4685306, "POP_RANK": 12, "POP_YEAR": 2019, "GDP_MD": 16276, "GDP_YEAR": 2018, "ECONOMY": "6. Developing region", "INCOME_GRP": "4. Lower middle income", "FIPS_10": "-99", "ISO_A2": "PS", "ISO_A2_EH": "PS", "ISO_A3": "PSE", "ISO_A3_EH": "PSE", "ISO_N3": "275", "ISO_N3_EH": "275", "UN_A3": "275", "WB_A2": "GZ", "WB_A3": "WBG", "WOE_ID": 28289408, "WOE_ID_EH": 28289408, "WOE_NOTE": "Exact WOE match as country", "ADM0_ISO": "PSX", "ADM0_DIFF": null, "ADM0_TLC": "PSX", "ADM0_A3_US": "PSX", "ADM0_A3_FR": "PSX", "ADM0_A3_RU": "PSX", "ADM0_A3_ES": "PSX", "ADM0_A3_CN": "PSX", "ADM0_A3_TW": "PSX", "ADM0_A3_IN": "PSX", "ADM0_A3_NP": "PSX", "ADM0_A3_PK": "PSX", "ADM0_A3_DE": "PSX", "ADM0_A3_GB": "PSX", "ADM0_A3_BR": "PSX", "ADM0_A3_IL": "PSX", "ADM0_A3_PS": "PSX", "ADM0_A3_SA": "PSX", "ADM0_A3_EG": "PSX", "ADM0_A3_MA": "PSX", "ADM0_A3_PT": "PSX", "ADM0_A3_AR": "PSX", "ADM0_A3_JP": "PSX", "ADM0_A3_KO": "PSX", "ADM0_A3_VN": "PSX", "ADM0_A3_TR": "PSX", "ADM0_A3_ID": "PSX", "ADM0_A3_PL": "PSX", "ADM0_A3_GR": "PSX", "ADM0_A3_IT": "PSX", "ADM0_A3_NL": "PSX", "ADM0_A3_SE": "PSX", "ADM0_A3_BD": "PSX", "ADM0_A3_UA": "PSX", "ADM0_A3_UN": -99, "ADM0_A3_WB": -99, "CONTINENT": "Asia", "REGION_UN": "Asia", "SUBREGION": "Western Asia", "REGION_WB": "Middle East & North Africa", "NAME_LEN": 9, "LONG_LEN": 9, "ABBREV_LEN": 4, "TINY": -99, "HOMEPART": -99, "MIN_ZOOM": 7, "MIN_LABEL": 4.5, "MAX_LABEL": 9.5, "LABEL_X": 35.291341, "LABEL_Y": 32.047431, "NE_ID": 1159320899, "WIKIDATAID": "Q23792", "NAME_AR": "\u0641\u0644\u0633\u0637\u064a\u0646", "NAME_BN": "\u09ab\u09bf\u09b2\u09bf\u09b8\u09cd\u09a4\u09bf\u09a8 \u0985\u099e\u09cd\u099a\u09b2", "NAME_DE": "Pal\u00e4stina", "NAME_EN": "Palestine", "NAME_ES": "Palestina", "NAME_FA": "\u0641\u0644\u0633\u0637\u06cc\u0646", "NAME_FR": "Palestine", "NAME_EL": "\u03a0\u03b1\u03bb\u03b1\u03b9\u03c3\u03c4\u03af\u03bd\u03b7", "NAME_HE": "\u05d0\u05e8\u05e5 \u05d9\u05e9\u05e8\u05d0\u05dc", "NAME_HI": "\u092b\u093c\u093f\u0932\u093f\u0938\u094d\u0924\u0940\u0928\u0940 \u0930\u093e\u091c\u094d\u092f\u0915\u094d\u0937\u0947\u0924\u094d\u0930", "NAME_HU": "Palesztina", "NAME_ID": "Palestina", "NAME_IT": "Palestina", "NAME_JA": "\u30d1\u30ec\u30b9\u30c1\u30ca", "NAME_KO": "\ud314\ub808\uc2a4\ud0c0\uc778", "NAME_NL": "Palestina", "NAME_PL": "Palestyna", "NAME_PT": "Palestina", "NAME_RU": "\u041f\u0430\u043b\u0435\u0441\u0442\u0438\u043d\u0430", "NAME_SV": "Palestina", "NAME_TR": "Filistin", "NAME_UK": "\u041f\u0430\u043b\u0435\u0441\u0442\u0438\u043d\u0430", "NAME_UR": "\u0641\u0644\u0633\u0637\u06cc\u0646", "NAME_VI": "Palestine", "NAME_ZH": "\u5df4\u52d2\u65af\u5766", "NAME_ZHT": "\u5df4\u52d2\u65af\u5766\u5730\u5340", "FCLASS_ISO": "Admin-0 dependency", "TLC_DIFF": null, "FCLASS_TLC": "Admin-0 dependency", "FCLASS_US": null, "FCLASS_FR": null, "FCLASS_RU": null, "FCLASS_ES": null, "FCLASS_CN": null, "FCLASS_TW": null, "FCLASS_IN": null, "FCLASS_NP": null, "FCLASS_PK": "Admin-0 country", "FCLASS_DE": null, "FCLASS_GB": null, "FCLASS_BR": null, "FCLASS_IL": null, "FCLASS_PS": "Admin-0 country", "FCLASS_SA": "Admin-0 country", "FCLASS_EG": null, "FCLASS_MA": null, "FCLASS_PT": null, "FCLASS_AR": null, "FCLASS_JP": null, "FCLASS_KO": null, "FCLASS_VN": null, "FCLASS_TR": null, "FCLASS_ID": null, "FCLASS_PL": null, "FCLASS_GR": null, "FCLASS_IT": null, "FCLASS_NL": null, "FCLASS_SE": null, "FCLASS_BD": "Admin-0 country", "FCLASS_UA": null}, "bbox": [34.927408, 31.353435, 35.545665, 32.532511], "geometry": {"type": "Polygon", "coordinates": [[[35.397561, 31.489086], [35.397561, 31.489086]]]}}, {"type": "Feature", "properties": {"featurecla": "Admin-0 country", "scalerank": 1, "LABELRANK": 6, "SOVEREIGNT": "Gambia", "SOV_A3": "GMB", "ADM0_DIF": 0, "LEVEL": 2, "TYPE": "Sovereign country", "TLC": "1", "ADMIN": "Gambia", "ADM0_A3": "GMB", "GEOU_DIF": 0, "GEOUNIT": "Gambia", "GU_A3": "GMB", "SU_DIF": 0, "SUBUNIT": "Gambia", "SU_A3": "GMB", "BRK_DIFF": 0, "NAME": "Gambia", "NAME_LONG": "The Gambia", "BRK_A3": "GMB", "BRK_NAME": "Gambia", "BRK_GROUP": null, "ABBREV": "Gambia", "POSTAL": "GM", "FORMAL_EN": "Republic of the Gambia", "FORMAL_FR": null, "NAME_CIAWF": "Gambia, The", "NOTE_ADM0": null, "NOTE_BRK": null, "NAME_SORT": "Gambia, The", "NAME_ALT": null, "MAPCOLOR7": 1, "MAPCOLOR8": 4, "MAPCOLOR9": 1, "MAPCOLOR13": 8, "POP_EST": 2347706, "POP_RANK": 12, "POP_YEAR": 2019, "GDP_MD": 1826, "GDP_YEAR": 2019, "ECONOMY": "7. Least developed region", "INCOME_GRP": "5. Low income", "FIPS_10": "GA", "ISO_A2": "GM", "ISO_A2_EH": "GM", "ISO_A3": "GMB", "ISO_A3_EH": "GMB", "ISO_N3": "270", "ISO_N3_EH": "270", "UN_A3": "270", "WB_A2": "GM", "WB_A3": "GMB", "WOE_ID": 23424821, "WOE_ID_EH": 23424821, "WOE_NOTE": "Exact WOE match as country", "ADM0_ISO": "GMB", "ADM0_DIFF": null, "ADM0_TLC": "GMB", "ADM0_A3_US": "GMB", "ADM0_A3_FR": "GMB", "ADM0_A3_RU": "GMB", "ADM0_A3_ES": "GMB", "ADM0_A3_CN": "GMB", "ADM0_A3_TW": "GMB", "ADM0_A3_IN": "GMB", "ADM0_A3_NP": "GMB", "ADM0_A3_PK": "GMB", "ADM0_A3_DE": "GMB", "ADM0_A3_GB": "GMB", "ADM0_A3_BR": "GMB", "ADM0_A3_IL": "GMB", "ADM0_A3_PS": "GMB", "ADM0_A3_SA": "GMB", "ADM0_A3_EG": "GMB", "ADM0_A3_MA": "GMB", "ADM0_A3_PT": "GMB", "ADM0_A3_AR": "GMB", "ADM0_A3_JP": "GMB", "ADM0_A3_KO": "GMB", "ADM0_A3_VN": "GMB", "ADM0_A3_TR": "GMB", "ADM0_A3_ID": "GMB", "ADM0_A3_PL": "GMB", "ADM0_A3_GR": "GMB", "ADM0_A3_IT": "GMB", "ADM0_A3_NL": "GMB", "ADM0_A3_SE": "GMB", "ADM0_A3_BD": "GMB", "ADM0_A3_UA": "GMB", "ADM0_A3_UN": -99, "ADM0_A3_WB": -99, "CONTINENT": "Africa", "REGION_UN": "Africa", "SUBREGION": "Western Africa", "REGION_WB": "Sub-Saharan Africa", "NAME_LEN": 6, "LONG_LEN": 10, "ABBREV_LEN": 6, "TINY": -99, "HOMEPART": 1, "MIN_ZOOM": 0, "MIN_LABEL": 5, "MAX_LABEL": 10, "LABEL_X": -14.998318, "LABEL_Y": 13.641721, "NE_ID": 1159320797, "WIKIDATAID": "Q1005", "NAME_AR": "\u063a\u0627\u0645\u0628\u064a\u0627", "NAME_BN": "\u0997\u09be\u09ae\u09cd\u09ac\u09bf\u09af\u09bc\u09be", "NAME_DE": "Gambia", "NAME_EN": "The Gambia", "NAME_ES": "Gambia", "NAME_FA": "\u06af\u0627\u0645\u0628\u06cc\u0627", "NAME_FR": "Gambie", "NAME_EL": "\u0393\u03ba\u03ac\u03bc\u03c0\u03b9\u03b1", "NAME_HE": "\u05d2\u05de\u05d1\u05d9\u05d4", "NAME_HI": "\u0917\u093e\u092e\u094d\u092c\u093f\u092f\u093e", "NAME_HU": "Gambia", "NAME_ID": "Gambia", "NAME_IT": "Gambia", "NAME_JA": "\u30ac\u30f3\u30d3\u30a2", "NAME_KO": "\uac10\ube44\uc544", "NAME_NL": "Gambia", "NAME_PL": "Gambia", "NAME_PT": "G\u00e2mbia", "NAME_RU": "\u0413\u0430\u043c\u0431\u0438\u044f", "NAME_SV": "Gambia", "NAME_TR": "Gambiya", "NAME_UK": "\u0413\u0430\u043c\u0431\u0456\u044f", "NAME_UR": "\u06af\u06cc\u0645\u0628\u06cc\u0627", "NAME_VI": "Gambia", "NAME_ZH": "\u5188\u6bd4\u4e9a", "NAME_ZHT": "\u7518\u6bd4\u4e9e", "FCLASS_ISO": "Admin-0 country", "TLC_DIFF": null, "FCLASS_TLC": "Admin-0 country", "FCLASS_US": null, "FCLASS_FR": null, "FCLASS_RU": null, "FCLASS_ES": null, "FCLASS_CN": null, "FCLASS_TW": null, "FCLASS_IN": null, "FCLASS_NP": null, "FCLASS_PK": null, "FCLASS_DE": null, "FCLASS_GB": null, "FCLASS_BR": null, "FCLASS_IL": null, "FCLASS_PS": null, "FCLASS_SA": null, "FCLASS_EG": null, "FCLASS_MA": null, "FCLASS_PT": null, "FCLASS_AR": null, "FCLASS_JP": null, "FCLASS_KO": null, "FCLASS_VN": null, "FCLASS_TR": null, "FCLASS_ID": null, "FCLASS_PL": null, "FCLASS_GR": null, "FCLASS_IT": null, "FCLASS_NL": null, "FCLASS_SE": null, "FCLASS_BD": null, "FCLASS_UA": null}, "bbox": [-16.841525, 13.130284, -13.844963, 13.876492], "geometry": {"type": "Polygon", "coordinates": [[[-16.713729, 13.594959], [-14.277702, 13.280585], [-16.713729, 13.594959]]]}}, {"type": "Feature", "properties": {"featurecla": "Admin-0 country", "scalerank": 1, "LABELRANK": 3, "SOVEREIGNT": "Tunisia", "SOV_A3": "TUN", "ADM0_DIF": 0, "LEVEL": 2, "TYPE": "Sovereign country", "TLC": "1", "ADMIN": "Tunisia", "ADM0_A3": "TUN", "GEOU_DIF": 0, "GEOUNIT": "Tunisia", "GU_A3": "TUN", "SU_DIF": 0, "SUBUNIT": "Tunisia", "SU_A3": "TUN", "BRK_DIFF": 0, "NAME": "Tunisia", "NAME_LONG": "Tunisia", "BRK_A3": "TUN", "BRK_NAME": "Tunisia", "BRK_GROUP": null, "ABBREV": "Tun.", "POSTAL": "TN", "FORMAL_EN": "Republic of Tunisia", "FORMAL_FR": null, "NAME_CIAWF": "Tunisia", "NOTE_ADM0": null, "NOTE_BRK": null, "NAME_SORT": "Tunisia", "NAME_ALT": null, "MAPCOLOR7": 4, "MAPCOLOR8": 3, "MAPCOLOR9": 3, "MAPCOLOR13": 2, "POP_EST": 11694719, "POP_RANK": 14, "POP_YEAR": 2019, "GDP_MD": 38796, "GDP_YEAR": 2019, "ECONOMY": "6. Developing region", "INCOME_GRP": "3. Upper middle income", "FIPS_10": "TS", "ISO_A2": "TN", "ISO_A2_EH": "TN", "ISO_A3": "TUN", "ISO_A3_EH": "TUN", "ISO_N3": "788", "ISO_N3_EH": "788", "UN_A3": "788", "WB_A2": "TN", "WB_A3": "TUN", "WOE_ID": 23424967, "WOE_ID_EH": 23424967, "WOE_NOTE": "Exact WOE match as country", "ADM0_ISO": "TUN", "ADM0_DIFF": null, "ADM0_TLC": "TUN", "ADM0_A3_US": "TUN", "ADM0_A3_FR": "TUN", "ADM0_A3_RU": "TUN", "ADM0_A3_ES": "TUN", "ADM0_A3_CN": "TUN", "ADM0_A3_TW": "TUN", "ADM0_A3_IN": "TUN", "ADM0_A3_NP": "TUN", "ADM0_A3_PK": "TUN", "ADM0_A3_DE": "TUN", "ADM0_A3_GB": "TUN", "ADM0_A3_BR": "TUN", "ADM0_A3_IL": "TUN", "ADM0_A3_PS": "TUN", "ADM0_A3_SA": "TUN", "ADM0_A3_EG": "TUN", "ADM0_A3_MA": "TUN", "ADM0_A3_PT": "TUN", "ADM0_A3_AR": "TUN", "ADM0_A3_JP": "TUN", "ADM0_A3_KO": "TUN", "ADM0_A3_VN": "TUN", "ADM0_A3_TR": "TUN", "ADM0_A3_ID": "TUN", "ADM0_A3_PL": "TUN", "ADM0_A3_GR": "TUN", "ADM0_A3_IT": "TUN", "ADM0_A3_NL": "TUN", "ADM0_A3_SE": "TUN", "ADM0_A3_BD": "TUN", "ADM0_A3_UA": "TUN", "ADM0_A3_UN": -99, "ADM0_A3_WB": -99, "CONTINENT": "Africa", "REGION_UN": "Africa", "SUBREGION": "Northern Africa", "REGION_WB": "Middle East & North Africa", "NAME_LEN": 7, "LONG_LEN": 7, "ABBREV_LEN": 4, "TINY": -99, "HOMEPART": 1, "MIN_ZOOM": 0, "MIN_LABEL": 3, "MAX_LABEL": 8, "LABEL_X": 9.007881, "LABEL_Y": 33.687263, "NE_ID": 1159321327, "WIKIDATAID": "Q948", "NAME_AR": "\u062a\u0648\u0646\u0633", "NAME_BN": "\u09a4\u09bf\u0989\u09a8\u09bf\u09b8\u09bf\u09af\u09bc\u09be", "NAME_DE": "Tunesien", "NAME_EN": "Tunisia", "NAME_ES": "T\u00fanez", "NAME_FA": "\u062a\u0648\u0646\u0633", "NAME_FR": "Tunisie", "NAME_EL": "\u03a4\u03c5\u03bd\u03b7\u03c3\u03af\u03b1", "NAME_HE": "\u05ea\u05d5\u05e0\u05d9\u05e1\u05d9\u05d4", "NAME_HI": "\u091f\u094d\u092f\u0942\u0928\u093f\u0936\u093f\u092f\u093e", "NAME_HU": "Tun\u00e9zia", "NAME_ID": "Tunisia", "NAME_IT": "Tunisia", "NAME_JA": "\u30c1\u30e5\u30cb\u30b8\u30a2", "NAME_KO": "\ud280\ub2c8\uc9c0", "NAME_NL": "Tunesi\u00eb", "NAME_PL": "Tunezja", "NAME_PT": "Tun\u00edsia", "NAME_RU": "\u0422\u0443\u043d\u0438\u0441", "NAME_SV": "Tunisien", "NAME_TR": "Tunus", "NAME_UK": "\u0422\u0443\u043d\u0456\u0441", "NAME_UR": "\u062a\u0648\u0646\u0633", "NAME_VI": "Tuy-ni-di", "NAME_ZH": "\u7a81\u5c3c\u65af", "NAME_ZHT": "\u7a81\u5c3c\u897f\u4e9e", "FCLASS_ISO": "Admin-0 country", "TLC_DIFF": null, "FCLASS_TLC": "Admin-0 country", "FCLASS_US": null, "FCLASS_FR": null, "FCLASS_RU": null, "FCLASS_ES": null, "FCLASS_CN": null, "FCLASS_TW": null, "FCLASS_IN": null, "FCLASS_NP": null, "FCLASS_PK": null, "FCLASS_DE": null, "FCLASS_GB": null, "FCLASS_BR": null, "FCLASS_IL": null, "FCLASS_PS": null, "FCLASS_SA": null, "FCLASS_EG": null, "FCLASS_MA": null, "FCLASS_PT": null, "FCLASS_AR": null, "FCLASS_JP": null, "FCLASS_KO": null, "FCLASS_VN": null, "FCLASS_TR": null, "FCLASS_ID": null, "FCLASS_PL": null, "FCLASS_GR": null, "FCLASS_IT": null, "FCLASS_NL": null, "FCLASS_SE": null, "FCLASS_BD": null, "FCLASS_UA": null}, "bbox": [7.524482, 30.307556, 11.488787, 37.349994], "geometry": {"type": "Polygon", "coordinates": [[[9.48214, 30.307556], [8.217824, 36.433177], [10.593287, 35.947444], [11.432253, 32.368903], [9.48214, 30.307556]]]}}, {"type": "Feature", "properties": {"featurecla": "Admin-0 country", "scalerank": 1, "LABELRANK": 3, "SOVEREIGNT": "Algeria", "SOV_A3": "DZA", "ADM0_DIF": 0, "LEVEL": 2, "TYPE": "Sovereign country", "TLC": "1", "ADMIN": "Algeria", "ADM0_A3": "DZA", "GEOU_DIF": 0, "GEOUNIT": "Algeria", "GU_A3": "DZA", "SU_DIF": 0, "SUBUNIT": "Algeria", "SU_A3": "DZA", "BRK_DIFF": 0, "NAME": "Algeria", "NAME_LONG": "Algeria", "BRK_A3": "DZA", "BRK_NAME": "Algeria", "BRK_GROUP": null, "ABBREV": "Alg.", "POSTAL": "DZ", "FORMAL_EN": "People's Democratic Republic of Algeria", "FORMAL_FR": null, "NAME_CIAWF": "Algeria", "NOTE_ADM0": null, "NOTE_BRK": null, "NAME_SORT": "Algeria", "NAME_ALT": null, "MAPCOLOR7": 5, "MAPCOLOR8": 1, "MAPCOLOR9": 6, "MAPCOLOR13": 3, "POP_EST": 43053054, "POP_RANK": 15, "POP_YEAR": 2019, "GDP_MD": 171091, "GDP_YEAR": 2019, "ECONOMY": "6. Developing region", "INCOME_GRP": "3. Upper middle income", "FIPS_10": "AG", "ISO_A2": "DZ", "ISO_A2_EH": "DZ", "ISO_A3": "DZA", "ISO_A3_EH": "DZA", "ISO_N3": "012", "ISO_N3_EH": "012", "UN_A3": "012", "WB_A2": "DZ", "WB_A3": "DZA", "WOE_ID": 23424740, "WOE_ID_EH": 23424740, "WOE_NOTE": "Exact WOE match as country", "ADM0_ISO": "DZA", "ADM0_DIFF": null, "ADM0_TLC": "DZA", "ADM0_A3_US": "DZA", "ADM0_A3_FR": "DZA", "ADM0_A3_RU": "DZA", "ADM0_A3_ES": "DZA", "ADM0_A3_CN": "DZA", "ADM0_A3_TW": "DZA", "ADM0_A3_IN": "DZA", "ADM0_A3_NP": "DZA", "ADM0_A3_PK": "DZA", "ADM0_A3_DE": "DZA", "ADM0_A3_GB": "DZA", "ADM0_A3_BR": "DZA", "ADM0_A3_IL": "DZA", "ADM0_A3_PS": "DZA", "ADM0_A3_SA": "DZA", "ADM0_A3_EG": "DZA", "ADM0_A3_MA": "DZA", "ADM0_A3_PT": "DZA", "ADM0_A3_AR": "DZA", "ADM0_A3_JP": "DZA", "ADM0_A3_KO": "DZA", "ADM0_A3_VN": "DZA", "ADM0_A3_TR": "DZA", "ADM0_A3_ID": "DZA", "ADM0_A3_PL": "DZA", "ADM0_A3_GR": "DZA", "ADM0_A3_IT": "DZA", "ADM0_A3_NL": "DZA", "ADM0_A3_SE": "DZA", "ADM0_A3_BD": "DZA", "ADM0_A3_UA": "DZA", "ADM0_A3_UN": -99, "ADM0_A3_WB": -99, "CONTINENT": "Africa", "REGION_UN": "Africa", "SUBREGION": "Northern Africa", "REGION_WB": "Middle East & North Africa", "NAME_LEN": 7, "LONG_LEN": 7, "ABBREV_LEN": 4, "TINY": -99, "HOMEPART": 1, "MIN_ZOOM": 0, "MIN_LABEL": 2.5, "MAX_LABEL": 7, "LABEL_X": 2.808241, "LABEL_Y": 27.397406, "NE_ID": 1159320565, "WIKIDATAID": "Q262", "NAME_AR": "\u0627\u0644\u062c\u0632\u0627\u0626\u0631", "NAME_BN": "\u0986\u09b2\u099c\u09c7\u09b0\u09bf\u09af\u09bc\u09be", "NAME_DE": "Algerien", "NAME_EN": "Algeria", "NAME_ES": "Argelia", "NAME_FA": "\u0627\u0644\u062c\u0632\u0627\u06cc\u0631", "NAME_FR": "Alg\u00e9rie", "NAME_EL": "\u0391\u03bb\u03b3\u03b5\u03c1\u03af\u03b1", "NAME_HE": "\u05d0\u05dc\u05d2'\u05d9\u05e8\u05d9\u05d4", "NAME_HI": "\u0905\u0932\u094d\u091c\u0940\u0930\u093f\u092f\u093e", "NAME_HU": "Alg\u00e9ria", "NAME_ID": "Aljazair", "NAME_IT": "Algeria", "NAME_JA": "\u30a2\u30eb\u30b8\u30a7\u30ea\u30a2", "NAME_KO": "\uc54c\uc81c\ub9ac", "NAME_NL": "Algerije", "NAME_PL": "Algieria", "NAME_PT": "Arg\u00e9lia", "NAME_RU": "\u0410\u043b\u0436\u0438\u0440", "NAME_SV": "Algeriet", "NAME_TR": "Cezayir", "NAME_UK": "\u0410\u043b\u0436\u0438\u0440", "NAME_UR": "\u0627\u0644\u062c\u0632\u0627\u0626\u0631", "NAME_VI": "Alg\u00e9rie", "NAME_ZH": "\u963f\u5c14\u53ca\u5229\u4e9a", "NAME_ZHT": "\u963f\u723e\u53ca\u5229\u4e9e", "FCLASS_ISO": "Admin-0 country", "TLC_DIFF": null, "FCLASS_TLC": "Admin-0 country", "FCLASS_US": null, "FCLASS_FR": null, "FCLASS_RU": null, "FCLASS_ES": null, "FCLASS_CN": null, "FCLASS_TW": null, "FCLASS_IN": null, "FCLASS_NP": null, "FCLASS_PK": null, "FCLASS_DE": null, "FCLASS_GB": null, "FCLASS_BR": null, "FCLASS_IL": null, "FCLASS_PS": null, "FCLASS_SA": null, "FCLASS_EG": null, "FCLASS_MA": null, "FCLASS_PT": null, "FCLASS_AR": null, "FCLASS_JP": null, "FCLASS_KO": null, "FCLASS_VN": null, "FCLASS_TR": null, "FCLASS_ID": null, "FCLASS_PL": null, "FCLASS_GR": null, "FCLASS_IT": null, "FCLASS_NL": null, "FCLASS_SE": null, "FCLASS_BD": null, "FCLASS_UA": null}, "bbox": [-8.6844, 19.057364, 11.999506, 37.118381], "geometry": {"type": "Polygon", "coordinates": [[[-8.6844, 27.395744], [-3.690441, 30.896952], [-1.792986, 34.527919], [5.32012, 36.716519], [7.524482, 34.097376], [9.683885, 28.144174], [10.771364, 24.562532], [2.683588, 19.85623], [-8.6844, 27.395744]]]}}, {"type": "Feature", "properties": {"featurecla": "Admin-0 country", "scalerank": 1, "LABELRANK": 4, "SOVEREIGNT": "Jordan", "SOV_A3": "JOR", "ADM0_DIF": 0, "LEVEL": 2, "TYPE": "Sovereign country", "TLC": "1", "ADMIN": "Jordan", "ADM0_A3": "JOR", "GEOU_DIF": 0, "GEOUNIT": "Jordan", "GU_A3": "JOR", "SU_DIF": 0, "SUBUNIT": "Jordan", "SU_A3": "JOR", "BRK_DIFF": 0, "NAME": "Jordan", "NAME_LONG": "Jordan", "BRK_A3": "JOR", "BRK_NAME": "Jordan", "BRK_GROUP": null, "ABBREV": "Jord.", "POSTAL": "J", "FORMAL_EN": "Hashemite Kingdom of Jordan", "FORMAL_FR": null, "NAME_CIAWF": "Jordan", "NOTE_ADM0": null, "NOTE_BRK": null, "NAME_SORT": "Jordan", "NAME_ALT": null, "MAPCOLOR7": 5, "MAPCOLOR8": 3, "MAPCOLOR9": 4, "MAPCOLOR13": 4, "POP_EST": 10101694, "POP_RANK": 14, "POP_YEAR": 2019, "GDP_MD": 44502, "GDP_YEAR": 2019, "ECONOMY": "6. Developing region", "INCOME_GRP": "3. Upper middle income", "FIPS_10": "JO", "ISO_A2": "JO", "ISO_A2_EH": "JO", "ISO_A3": "JOR", "ISO_A3_EH": "JOR", "ISO_N3": "400", "ISO_N3_EH": "400", "UN_A3": "400", "WB_A2": "JO", "WB_A3": "JOR", "WOE_ID": 23424860, "WOE_ID_EH": 23424860, "WOE_NOTE": "Exact WOE match as country", "ADM0_ISO": "JOR", "ADM0_DIFF": null, "ADM0_TLC": "JOR", "ADM0_A3_US": "JOR", "ADM0_A3_FR": "JOR", "ADM0_A3_RU": "JOR", "ADM0_A3_ES": "JOR", "ADM0_A3_CN": "JOR", "ADM0_A3_TW": "JOR", "ADM0_A3_IN": "JOR", "ADM0_A3_NP": "JOR", "ADM0_A3_PK": "JOR", "ADM0_A3_DE": "JOR", "ADM0_A3_GB": "JOR", "ADM0_A3_BR": "JOR", "ADM0_A3_IL": "JOR", "ADM0_A3_PS": "JOR", "ADM0_A3_SA": "JOR", "ADM0_A3_EG": "JOR", "ADM0_A3_MA": "JOR", "ADM0_A3_PT": "JOR", "ADM0_A3_AR": "JOR", "ADM0_A3_JP": "JOR", "ADM0_A3_KO": "JOR", "ADM0_A3_VN": "JOR", "ADM0_A3_TR": "JOR", "ADM0_A3_ID": "JOR", "ADM0_A3_PL": "JOR", "ADM0_A3_GR": "JOR", "ADM0_A3_IT": "JOR", "ADM0_A3_NL": "JOR", "ADM0_A3_SE": "JOR", "ADM0_A3_BD": "JOR", "ADM0_A3_UA": "JOR", "ADM0_A3_UN": -99, "ADM0_A3_WB": -99, "CONTINENT": "Asia", "REGION_UN": "Asia", "SUBREGION": "Western Asia", "REGION_WB": "Middle East & North Africa", "NAME_LEN": 6, "LONG_LEN": 6, "ABBREV_LEN": 5, "TINY": -99, "HOMEPART": 1, "MIN_ZOOM": 0, "MIN_LABEL": 4, "MAX_LABEL": 9, "LABEL_X": 36.375991, "LABEL_Y": 30.805025, "NE_ID": 1159320935, "WIKIDATAID": "Q810", "NAME_AR": "\u0627\u0644\u0623\u0631\u062f\u0646", "NAME_BN": "\u099c\u09b0\u09cd\u09a1\u09be\u09a8", "NAME_DE": "Jordanien", "NAME_EN": "Jordan", "NAME_ES": "Jordania", "NAME_FA": "\u0627\u0631\u062f\u0646", "NAME_FR": "Jordanie", "NAME_EL": "\u0399\u03bf\u03c1\u03b4\u03b1\u03bd\u03af\u03b1", "NAME_HE": "\u05d9\u05e8\u05d3\u05df", "NAME_HI": "\u091c\u0949\u0930\u094d\u0921\u0928", "NAME_HU": "Jord\u00e1nia", "NAME_ID": "Yordania", "NAME_IT": "Giordania", "NAME_JA": "\u30e8\u30eb\u30c0\u30f3", "NAME_KO": "\uc694\ub974\ub2e8", "NAME_NL": "Jordani\u00eb", "NAME_PL": "Jordania", "NAME_PT": "Jord\u00e2nia", "NAME_RU": "\u0418\u043e\u0440\u0434\u0430\u043d\u0438\u044f", "NAME_SV": "Jordanien", "NAME_TR": "\u00dcrd\u00fcn", "NAME_UK": "\u0419\u043e\u0440\u0434\u0430\u043d\u0456\u044f", "NAME_UR": "\u0627\u0631\u062f\u0646", "NAME_VI": "Jordan", "NAME_ZH": "\u7ea6\u65e6", "NAME_ZHT": "\u7d04\u65e6", "FCLASS_ISO": "Admin-0 country", "TLC_DIFF": null, "FCLASS_TLC": "Admin-0 country", "FCLASS_US": null, "FCLASS_FR": null, "FCLASS_RU": null, "FCLASS_ES": null, "FCLASS_CN": null, "FCLASS_TW": null, "FCLASS_IN": null, "FCLASS_NP": null, "FCLASS_PK": null, "FCLASS_DE": null, "FCLASS_GB": null, "FCLASS_BR": null, "FCLASS_IL": null, "FCLASS_PS": null, "FCLASS_SA": null, "FCLASS_EG": null, "FCLASS_MA": null, "FCLASS_PT": null, "FCLASS_AR": null, "FCLASS_JP": null, "FCLASS_KO": null, "FCLASS_VN": null, "FCLASS_TR": null, "FCLASS_ID": null, "FCLASS_PL": null, "FCLASS_GR": null, "FCLASS_IT": null, "FCLASS_NL": null, "FCLASS_SE": null, "FCLASS_BD": null, "FCLASS_UA": null}, "bbox": [34.922603, 29.197495, 39.195468, 33.378686], "geometry": {"type": "Polygon", "coordinates": [[[35.545665, 32.393992], [37.66812, 30.338665], [35.397561, 31.489086], [35.545665, 32.393992]]]}}, {"type": "Feature", "properties": {"featurecla": "Admin-0 country", "scalerank": 1, "LABELRANK": 4, "SOVEREIGNT": "United Arab Emirates", "SOV_A3": "ARE", "ADM0_DIF": 0, "LEVEL": 2, "TYPE": "Sovereign country", "TLC": "1", "ADMIN": "United Arab Emirates", "ADM0_A3": "ARE", "GEOU_DIF": 0, "GEOUNIT": "United Arab Emirates", "GU_A3": "ARE", "SU_DIF": 0, "SUBUNIT": "United Arab Emirates", "SU_A3": "ARE", "BRK_DIFF": 0, "NAME": "United Arab Emirates", "NAME_LONG": "United Arab Emirates", "BRK_A3": "ARE", "BRK_NAME": "United Arab Emirates", "BRK_GROUP": null, "ABBREV": "U.A.E.", "POSTAL": "AE", "FORMAL_EN": "United Arab Emirates", "FORMAL_FR": null, "NAME_CIAWF": "United Arab Emirates", "NOTE_ADM0": null, "NOTE_BRK": null, "NAME_SORT": "United Arab Emirates", "NAME_ALT": null, "MAPCOLOR7": 2, "MAPCOLOR8": 1, "MAPCOLOR9": 3, "MAPCOLOR13": 3, "POP_EST": 9770529, "POP_RANK": 13, "POP_YEAR": 2019, "GDP_MD": 421142, "GDP_YEAR": 2019, "ECONOMY": "6. Developing region", "INCOME_GRP": "2. High income: nonOECD", "FIPS_10": "AE", "ISO_A2": "AE", "ISO_A2_EH": "AE", "ISO_A3": "ARE", "ISO_A3_EH": "ARE", "ISO_N3": "784", "ISO_N3_EH": "784", "UN_A3": "784", "WB_A2": "AE", "WB_A3": "ARE", "WOE_ID": 23424738, "WOE_ID_EH": 23424738, "WOE_NOTE": "Exact WOE match as country", "ADM0_ISO": "ARE", "ADM0_DIFF": null, "ADM0_TLC": "ARE", "ADM0_A3_US": "ARE", "ADM0_A3_FR": "ARE", "ADM0_A3_RU": "ARE", "ADM0_A3_ES": "ARE", "ADM0_A3_CN": "ARE", "ADM0_A3_TW": "ARE", "ADM0_A3_IN": "ARE", "ADM0_A3_NP": "ARE", "ADM0_A3_PK": "ARE", "ADM0_A3_DE": "ARE", "ADM0_A3_GB": "ARE", "ADM0_A3_BR": "ARE", "ADM0_A3_IL": "ARE", "ADM0_A3_PS": "ARE", "ADM0_A3_SA": "ARE", "ADM0_A3_EG": "ARE", "ADM0_A3_MA": "ARE", "ADM0_A3_PT": "ARE", "ADM0_A3_AR": "ARE", "ADM0_A3_JP": "ARE", "ADM0_A3_KO": "ARE", "ADM0_A3_VN": "ARE", "ADM0_A3_TR": "ARE", "ADM0_A3_ID": "ARE", "ADM0_A3_PL": "ARE", "ADM0_A3_GR": "ARE", "ADM0_A3_IT": "ARE", "ADM0_A3_NL": "ARE", "ADM0_A3_SE": "ARE", "ADM0_A3_BD": "ARE", "ADM0_A3_UA": "ARE", "ADM0_A3_UN": -99, "ADM0_A3_WB": -99, "CONTINENT": "Asia", "REGION_UN": "Asia", "SUBREGION": "Western Asia", "REGION_WB": "Middle East & North Africa", "NAME_LEN": 20, "LONG_LEN": 20, "ABBREV_LEN": 6, "TINY": -99, "HOMEPART": 1, "MIN_ZOOM": 0, "MIN_LABEL": 4, "MAX_LABEL": 9, "LABEL_X": 54.547256, "LABEL_Y": 23.466285, "NE_ID": 1159320329, "WIKIDATAID": "Q878", "NAME_AR": "\u0627\u0644\u0625\u0645\u0627\u0631\u0627\u062a \u0627\u0644\u0639\u0631\u0628\u064a\u0629 \u0627\u0644\u0645\u062a\u062d\u062f\u0629", "NAME_BN": "\u09b8\u0982\u09af\u09c1\u0995\u09cd\u09a4 \u0986\u09b0\u09ac \u0986\u09ae\u09bf\u09b0\u09be\u09a4", "NAME_DE": "Vereinigte Arabische Emirate", "NAME_EN": "United Arab Emirates", "NAME_ES": "Emiratos \u00c1rabes Unidos", "NAME_FA": "\u0627\u0645\u0627\u0631\u0627\u062a \u0645\u062a\u062d\u062f\u0647 \u0639\u0631\u0628\u06cc", "NAME_FR": "\u00c9mirats arabes unis", "NAME_EL": "\u0397\u03bd\u03c9\u03bc\u03ad\u03bd\u03b1 \u0391\u03c1\u03b1\u03b2\u03b9\u03ba\u03ac \u0395\u03bc\u03b9\u03c1\u03ac\u03c4\u03b1", "NAME_HE": "\u05d0\u05d9\u05d7\u05d5\u05d3 \u05d4\u05d0\u05de\u05d9\u05e8\u05d5\u05d9\u05d5\u05ea \u05d4\u05e2\u05e8\u05d1\u05d9\u05d5\u05ea", "NAME_HI": "\u0938\u0902\u092f\u0941\u0915\u094d\u0924 \u0905\u0930\u092c \u0905\u092e\u0940\u0930\u093e\u0924", "NAME_HU": "Egyes\u00fclt Arab Em\u00edrs\u00e9gek", "NAME_ID": "Uni Emirat Arab", "NAME_IT": "Emirati Arabi Uniti", "NAME_JA": "\u30a2\u30e9\u30d6\u9996\u9577\u56fd\u9023\u90a6", "NAME_KO": "\uc544\ub78d\uc5d0\ubbf8\ub9ac\ud2b8", "NAME_NL": "Verenigde Arabische Emiraten", "NAME_PL": "Zjednoczone Emiraty Arabskie", "NAME_PT": "Emirados \u00c1rabes Unidos", "NAME_RU": "\u041e\u0431\u044a\u0435\u0434\u0438\u043d\u0451\u043d\u043d\u044b\u0435 \u0410\u0440\u0430\u0431\u0441\u043a\u0438\u0435 \u042d\u043c\u0438\u0440\u0430\u0442\u044b", "NAME_SV": "F\u00f6renade Arabemiraten", "NAME_TR": "Birle\u015fik Arap Emirlikleri", "NAME_UK": "\u041e\u0431'\u0454\u0434\u043d\u0430\u043d\u0456 \u0410\u0440\u0430\u0431\u0441\u044c\u043a\u0456 \u0415\u043c\u0456\u0440\u0430\u0442\u0438", "NAME_UR": "\u0645\u062a\u062d\u062f\u06c1 \u0639\u0631\u0628 \u0627\u0645\u0627\u0631\u0627\u062a", "NAME_VI": "C\u00e1c Ti\u1ec3u v\u01b0\u01a1ng qu\u1ed1c \u1ea2 R\u1eadp Th\u1ed1ng nh\u1ea5t", "NAME_ZH": "\u963f\u62c9\u4f2f\u8054\u5408\u914b\u957f\u56fd", "NAME_ZHT": "\u963f\u62c9\u4f2f\u806f\u5408\u5927\u516c\u570b", "FCLASS_ISO": "Admin-0 country", "TLC_DIFF": null, "FCLASS_TLC": "Admin-0 country", "FCLASS_US": null, "FCLASS_FR": null, "FCLASS_RU": null, "FCLASS_ES": null, "FCLASS_CN": null, "FCLASS_TW": null, "FCLASS_IN": null, "FCLASS_NP": null, "FCLASS_PK": null, "FCLASS_DE": null, "FCLASS_GB": null, "FCLASS_BR": null, "FCLASS_IL": null, "FCLASS_PS": null, "FCLASS_SA": null, "FCLASS_EG": null, "FCLASS_MA": null, "FCLASS_PT": null, "FCLASS_AR": null, "FCLASS_JP": null, "FCLASS_KO": null, "FCLASS_VN": null, "FCLASS_TR": null, "FCLASS_ID": null, "FCLASS_PL": null, "FCLASS_GR": null, "FCLASS_IT": null, "FCLASS_NL": null, "FCLASS_SE": null, "FCLASS_BD": null, "FCLASS_UA": null}, "bbox": [51.579519, 22.496948, 56.396847, 26.055464], "geometry": {"type": "Polygon", "coordinates": [[[51.579519, 24.245497], [56.070821, 26.055464], [55.234489, 23.110993], [51.579519, 24.245497]]]}}, {"type": "Feature", "properties": {"featurecla": "Admin-0 country", "scalerank": 1, "LABELRANK": 5, "SOVEREIGNT": "Qatar", "SOV_A3": "QAT", "ADM0_DIF": 0, "LEVEL": 2, "TYPE": "Sovereign country", "TLC": "1", "ADMIN": "Qatar", "ADM0_A3": "QAT", "GEOU_DIF": 0, "GEOUNIT": "Qatar", "GU_A3": "QAT", "SU_DIF": 0, "SUBUNIT": "Qatar", "SU_A3": "QAT", "BRK_DIFF": 0, "NAME": "Qatar", "NAME_LONG": "Qatar", "BRK_A3": "QAT", "BRK_NAME": "Qatar", "BRK_GROUP": null, "ABBREV": "Qatar", "POSTAL": "QA", "FORMAL_EN": "State of Qatar", "FORMAL_FR": null, "NAME_CIAWF": "Qatar", "NOTE_ADM0": null, "NOTE_BRK": null, "NAME_SORT": "Qatar", "NAME_ALT": null, "MAPCOLOR7": 3, "MAPCOLOR8": 6, "MAPCOLOR9": 2, "MAPCOLOR13": 4, "POP_EST": 2832067, "POP_RANK": 12, "POP_YEAR": 2019, "GDP_MD": 175837, "GDP_YEAR": 2019, "ECONOMY": "6. Developing region", "INCOME_GRP": "2. High income: nonOECD", "FIPS_10": "QA", "ISO_A2": "QA", "ISO_A2_EH": "QA", "ISO_A3": "QAT", "ISO_A3_EH": "QAT", "ISO_N3": "634", "ISO_N3_EH": "634", "UN_A3": "634", "WB_A2": "QA", "WB_A3": "QAT", "WOE_ID": 23424930, "WOE_ID_EH": 23424930, "WOE_NOTE": "Exact WOE match as country", "ADM0_ISO": "QAT", "ADM0_DIFF": null, "ADM0_TLC": "QAT", "ADM0_A3_US": "QAT", "ADM0_A3_FR": "QAT", "ADM0_A3_RU": "QAT", "ADM0_A3_ES": "QAT", "ADM0_A3_CN": "QAT", "ADM0_A3_TW": "QAT", "ADM0_A3_IN": "QAT", "ADM0_A3_NP": "QAT", "ADM0_A3_PK": "QAT", "ADM0_A3_DE": "QAT", "ADM0_A3_GB": "QAT", "ADM0_A3_BR": "QAT", "ADM0_A3_IL": "QAT", "ADM0_A3_PS": "QAT", "ADM0_A3_SA": "QAT", "ADM0_A3_EG": "QAT", "ADM0_A3_MA": "QAT", "ADM0_A3_PT": "QAT", "ADM0_A3_AR": "QAT", "ADM0_A3_JP": "QAT", "ADM0_A3_KO": "QAT", "ADM0_A3_VN": "QAT", "ADM0_A3_TR": "QAT", "ADM0_A3_ID": "QAT", "ADM0_A3_PL": "QAT", "ADM0_A3_GR": "QAT", "ADM0_A3_IT": "QAT", "ADM0_A3_NL": "QAT", "ADM0_A3_SE": "QAT", "ADM0_A3_BD": "QAT", "ADM0_A3_UA": "QAT", "ADM0_A3_UN": -99, "ADM0_A3_WB": -99, "CONTINENT": "Asia", "REGION_UN": "Asia", "SUBREGION": "Western Asia", "REGION_WB": "Middle East & North Africa", "NAME_LEN": 5, "LONG_LEN": 5, "ABBREV_LEN": 5, "TINY": -99, "HOMEPART": 1, "MIN_ZOOM": 0, "MIN_LABEL": 4, "MAX_LABEL": 9, "LABEL_X": 51.143509, "LABEL_Y": 25.237383, "NE_ID": 1159321197, "WIKIDATAID": "Q846", "NAME_AR": "\u0642\u0637\u0631", "NAME_BN": "\u0995\u09be\u09a4\u09be\u09b0", "NAME_DE": "Katar", "NAME_EN": "Qatar", "NAME_ES": "Catar", "NAME_FA": "\u0642\u0637\u0631", "NAME_FR": "Qatar", "NAME_EL": "\u039a\u03b1\u03c4\u03ac\u03c1", "NAME_HE": "\u05e7\u05d8\u05e8", "NAME_HI": "\u0915\u093c\u0924\u0930", "NAME_HU": "Katar", "NAME_ID": "Qatar", "NAME_IT": "Qatar", "NAME_JA": "\u30ab\u30bf\u30fc\u30eb", "NAME_KO": "\uce74\ud0c0\ub974", "NAME_NL": "Qatar", "NAME_PL": "Katar", "NAME_PT": "Catar", "NAME_RU": "\u041a\u0430\u0442\u0430\u0440", "NAME_SV": "Qatar", "NAME_TR": "Katar", "NAME_UK": "\u041a\u0430\u0442\u0430\u0440", "NAME_UR": "\u0642\u0637\u0631", "NAME_VI": "Qatar", "NAME_ZH": "\u5361\u5854\u5c14", "NAME_ZHT": "\u5361\u9054", "FCLASS_ISO": "Admin-0 country", "TLC_DIFF": null, "FCLASS_TLC": "Admin-0 country", "FCLASS_US": null, "FCLASS_FR": null, "FCLASS_RU": null, "FCLASS_ES": null, "FCLASS_CN": null, "FCLASS_TW": null, "FCLASS_IN": null, "FCLASS_NP": null, "FCLASS_PK": null, "FCLASS_DE": null, "FCLASS_GB": null, "FCLASS_BR": null, "FCLASS_IL": null, "FCLASS_PS": null, "FCLASS_SA": null, "FCLASS_EG": null, "FCLASS_MA": null, "FCLASS_PT": null, "FCLASS_AR": null, "FCLASS_JP": null, "FCLASS_KO": null, "FCLASS_VN": null, "FCLASS_TR": null, "FCLASS_ID": null, "FCLASS_PL": null, "FCLASS_GR": null, "FCLASS_IT": null, "FCLASS_NL": null, "FCLASS_SE": null, "FCLASS_BD": null, "FCLASS_UA": null}, "bbox": [50.743911, 24.556331, 51.6067, 26.114582], "geometry": {"type": "Polygon", "coordinates": [[[50.810108, 24.754743], [50.810108, 24.754743]]]}}, {"type": "Feature", "properties": {"featurecla": "Admin-0 country", "scalerank": 1, "LABELRANK": 6, "SOVEREIGNT": "Kuwait", "SOV_A3": "KWT", "ADM0_DIF": 0, "LEVEL": 2, "TYPE": "Sovereign country", "TLC": "1", "ADMIN": "Kuwait", "ADM0_A3": "KWT", "GEOU_DIF": 0, "GEOUNIT": "Kuwait", "GU_A3": "KWT", "SU_DIF": 0, "SUBUNIT": "Kuwait", "SU_A3": "KWT", "BRK_DIFF": 0, "NAME": "Kuwait", "NAME_LONG": "Kuwait", "BRK_A3": "KWT", "BRK_NAME": "Kuwait", "BRK_GROUP": null, "ABBREV": "Kwt.", "POSTAL": "KW", "FORMAL_EN": "State of Kuwait", "FORMAL_FR": null, "NAME_CIAWF": "Kuwait", "NOTE_ADM0": null, "NOTE_BRK": null, "NAME_SORT": "Kuwait", "NAME_ALT": null, "MAPCOLOR7": 2, "MAPCOLOR8": 2, "MAPCOLOR9": 2, "MAPCOLOR13": 2, "POP_EST": 4207083, "POP_RANK": 12, "POP_YEAR": 2019, "GDP_MD": 134628, "GDP_YEAR": 2019, "ECONOMY": "6. Developing region", "INCOME_GRP": "2. High income: nonOECD", "FIPS_10": "KU", "ISO_A2": "KW", "ISO_A2_EH": "KW", "ISO_A3": "KWT", "ISO_A3_EH": "KWT", "ISO_N3": "414", "ISO_N3_EH": "414", "UN_A3": "414", "WB_A2": "KW", "WB_A3": "KWT", "WOE_ID": 23424870, "WOE_ID_EH": 23424870, "WOE_NOTE": "Exact WOE match as country", "ADM0_ISO": "KWT", "ADM0_DIFF": null, "ADM0_TLC": "KWT", "ADM0_A3_US": "KWT", "ADM0_A3_FR": "KWT", "ADM0_A3_RU": "KWT", "ADM0_A3_ES": "KWT", "ADM0_A3_CN": "KWT", "ADM0_A3_TW": "KWT", "ADM0_A3_IN": "KWT", "ADM0_A3_NP": "KWT", "ADM0_A3_PK": "KWT", "ADM0_A3_DE": "KWT", "ADM0_A3_GB": "KWT", "ADM0_A3_BR": "KWT", "ADM0_A3_IL": "KWT", "ADM0_A3_PS": "KWT", "ADM0_A3_SA": "KWT", "ADM0_A3_EG": "KWT", "ADM0_A3_MA": "KWT", "ADM0_A3_PT": "KWT", "ADM0_A3_AR": "KWT", "ADM0_A3_JP": "KWT", "ADM0_A3_KO": "KWT", "ADM0_A3_VN": "KWT", "ADM0_A3_TR": "KWT", "ADM0_A3_ID": "KWT", "ADM0_A3_PL": "KWT", "ADM0_A3_GR": "KWT", "ADM0_A3_IT": "KWT", "ADM0_A3_NL": "KWT", "ADM0_A3_SE": "KWT", "ADM0_A3_BD": "KWT", "ADM0_A3_UA": "KWT", "ADM0_A3_UN": -99, "ADM0_A3_WB": -99, "CONTINENT": "Asia", "REGION_UN": "Asia", "SUBREGION": "Western Asia", "REGION_WB": "Middle East & North Africa", "NAME_LEN": 6, "LONG_LEN": 6, "ABBREV_LEN": 4, "TINY": -99, "HOMEPART": 1, "MIN_ZOOM": 0, "MIN_LABEL": 5, "MAX_LABEL": 10, "LABEL_X": 47.313999, "LABEL_Y": 29.413628, "NE_ID": 1159321009, "WIKIDATAID": "Q817", "NAME_AR": "\u0627\u0644\u0643\u0648\u064a\u062a", "NAME_BN": "\u0995\u09c1\u09af\u09bc\u09c7\u09a4", "NAME_DE": "Kuwait", "NAME_EN": "Kuwait", "NAME_ES": "Kuwait", "NAME_FA": "\u06a9\u0648\u06cc\u062a", "NAME_FR": "Kowe\u00eft", "NAME_EL": "\u039a\u03bf\u03c5\u03b2\u03ad\u03b9\u03c4", "NAME_HE": "\u05db\u05d5\u05d5\u05d9\u05ea", "NAME_HI": "\u0915\u0941\u0935\u0948\u0924", "NAME_HU": "Kuvait", "NAME_ID": "Kuwait", "NAME_IT": "Kuwait", "NAME_JA": "\u30af\u30a6\u30a7\u30fc\u30c8", "NAME_KO": "\ucfe0\uc6e8\uc774\ud2b8", "NAME_NL": "Koeweit", "NAME_PL": "Kuwejt", "NAME_PT": "Kuwait", "NAME_RU": "\u041a\u0443\u0432\u0435\u0439\u0442", "NAME_SV": "Kuwait", "NAME_TR": "Kuveyt", "NAME_UK": "\u041a\u0443\u0432\u0435\u0439\u0442", "NAME_UR": "\u06a9\u0648\u06cc\u062a", "NAME_VI": "Kuwait", "NAME_ZH": "\u79d1\u5a01\u7279", "NAME_ZHT": "\u79d1\u5a01\u7279", "FCLASS_ISO": "Admin-0 country", "TLC_DIFF": null, "FCLASS_TLC": "Admin-0 country", "FCLASS_US": null, "FCLASS_FR": null, "FCLASS_RU": null, "FCLASS_ES": null, "FCLASS_CN": null, "FCLASS_TW": null, "FCLASS_IN": null, "FCLASS_NP": null, "FCLASS_PK": null, "FCLASS_DE": null, "FCLASS_GB": null, "FCLASS_BR": null, "FCLASS_IL": null, "FCLASS_PS": null, "FCLASS_SA": null, "FCLASS_EG": null, "FCLASS_MA": null, "FCLASS_PT": null, "FCLASS_AR": null, "FCLASS_JP": null, "FCLASS_KO": null, "FCLASS_VN": null, "FCLASS_TR": null, "FCLASS_ID": null, "FCLASS_PL": null, "FCLASS_GR": null, "FCLASS_IT": null, "FCLASS_NL": null, "FCLASS_SE": null, "FCLASS_BD": null, "FCLASS_UA": null}, "bbox": [46.568713, 28.526063, 48.416094, 30.05907], "geometry": {"type": "Polygon", "coordinates": [[[47.974519, 29.975819], [47.974519, 29.975819]]]}}, {"type": "Feature", "properties": {"featurecla": "Admin-0 country", "scalerank": 1, "LABELRANK": 3, "SOVEREIGNT": "Iraq", "SOV_A3": "IRQ", "ADM0_DIF": 0, "LEVEL": 2, "TYPE": "Sovereign country", "TLC": "1", "ADMIN": "Iraq", "ADM0_A3": "IRQ", "GEOU_DIF": 0, "GEOUNIT": "Iraq", "GU_A3": "IRQ", "SU_DIF": 0, "SUBUNIT": "Iraq", "SU_A3": "IRQ", "BRK_DIFF": 0, "NAME": "Iraq", "NAME_LONG": "Iraq", "BRK_A3": "IRQ", "BRK_NAME": "Iraq", "BRK_GROUP": null, "ABBREV": "Iraq", "POSTAL": "IRQ", "FORMAL_EN": "Republic of Iraq", "FORMAL_FR": null, "NAME_CIAWF": "Iraq", "NOTE_ADM0": null, "NOTE_BRK": null, "NAME_SORT": "Iraq", "NAME_ALT": null, "MAPCOLOR7": 1, "MAPCOLOR8": 4, "MAPCOLOR9": 3, "MAPCOLOR13": 1, "POP_EST": 39309783, "POP_RANK": 15, "POP_YEAR": 2019, "GDP_MD": 234094, "GDP_YEAR": 2019, "ECONOMY": "6. Developing region", "INCOME_GRP": "4. Lower middle income", "FIPS_10": "IZ", "ISO_A2": "IQ", "ISO_A2_EH": "IQ", "ISO_A3": "IRQ", "ISO_A3_EH": "IRQ", "ISO_N3": "368", "ISO_N3_EH": "368", "UN_A3": "368", "WB_A2": "IQ", "WB_A3": "IRQ", "WOE_ID": 23424855, "WOE_ID_EH": 23424855, "WOE_NOTE": "Exact WOE match as country", "ADM0_ISO": "IRQ", "ADM0_DIFF": null, "ADM0_TLC": "IRQ", "ADM0_A3_US": "IRQ", "ADM0_A3_FR": "IRQ", "ADM0_A3_RU": "IRQ", "ADM0_A3_ES": "IRQ", "ADM0_A3_CN": "IRQ", "ADM0_A3_TW": "IRQ", "ADM0_A3_IN": "IRQ", "ADM0_A3_NP": "IRQ", "ADM0_A3_PK": "IRQ", "ADM0_A3_DE": "IRQ", "ADM0_A3_GB": "IRQ", "ADM0_A3_BR": "IRQ", "ADM0_A3_IL": "IRQ", "ADM0_A3_PS": "IRQ", "ADM0_A3_SA": "IRQ", "ADM0_A3_EG": "IRQ", "ADM0_A3_MA": "IRQ", "ADM0_A3_PT": "IRQ", "ADM0_A3_AR": "IRQ", "ADM0_A3_JP": "IRQ", "ADM0_A3_KO": "IRQ", "ADM0_A3_VN": "IRQ", "ADM0_A3_TR": "IRQ", "ADM0_A3_ID": "IRQ", "ADM0_A3_PL": "IRQ", "ADM0_A3_GR": "IRQ", "ADM0_A3_IT": "IRQ", "ADM0_A3_NL": "IRQ", "ADM0_A3_SE": "IRQ", "ADM0_A3_BD": "IRQ", "ADM0_A3_UA": "IRQ", "ADM0_A3_UN": -99, "ADM0_A3_WB": -99, "CONTINENT": "Asia", "REGION_UN": "Asia", "SUBREGION": "Western Asia", "REGION_WB": "Middle East & North Africa", "NAME_LEN": 4, "LONG_LEN": 4, "ABBREV_LEN": 4, "TINY": -99, "HOMEPART": 1, "MIN_ZOOM": 0, "MIN_LABEL": 3, "MAX_LABEL": 7.5, "LABEL_X": 43.26181, "LABEL_Y": 33.09403, "NE_ID": 1159320887, "WIKIDATAID": "Q796", "NAME_AR": "\u0627\u0644\u0639\u0631\u0627\u0642", "NAME_BN": "\u0987\u09b0\u09be\u0995", "NAME_DE": "Irak", "NAME_EN": "Iraq", "NAME_ES": "Irak", "NAME_FA": "\u0639\u0631\u0627\u0642", "NAME_FR": "Irak", "NAME_EL": "\u0399\u03c1\u03ac\u03ba", "NAME_HE": "\u05e2\u05d9\u05e8\u05d0\u05e7", "NAME_HI": "\u0907\u0930\u093e\u0915", "NAME_HU": "Irak", "NAME_ID": "Irak", "NAME_IT": "Iraq", "NAME_JA": "\u30a4\u30e9\u30af", "NAME_KO": "\uc774\ub77c\ud06c", "NAME_NL": "Irak", "NAME_PL": "Irak", "NAME_PT": "Iraque", "NAME_RU": "\u0418\u0440\u0430\u043a", "NAME_SV": "Irak", "NAME_TR": "Irak", "NAME_UK": "\u0406\u0440\u0430\u043a", "NAME_UR": "\u0639\u0631\u0627\u0642", "NAME_VI": "Iraq", "NAME_ZH": "\u4f0a\u62c9\u514b", "NAME_ZHT": "\u4f0a\u62c9\u514b", "FCLASS_ISO": "Admin-0 country", "TLC_DIFF": null, "FCLASS_TLC": "Admin-0 country", "FCLASS_US": null, "FCLASS_FR": null, "FCLASS_RU": null, "FCLASS_ES": null, "FCLASS_CN": null, "FCLASS_TW": null, "FCLASS_IN": null, "FCLASS_NP": null, "FCLASS_PK": null, "FCLASS_DE": null, "FCLASS_GB": null, "FCLASS_BR": null, "FCLASS_IL": null, "FCLASS_PS": null, "FCLASS_SA": null, "FCLASS_EG": null, "FCLASS_MA": null, "FCLASS_PT": null, "FCLASS_AR": null, "FCLASS_JP": null, "FCLASS_KO": null, "FCLASS_VN": null, "FCLASS_TR": null, "FCLASS_ID": null, "FCLASS_PL": null, "FCLASS_GR": null, "FCLASS_IT": null, "FCLASS_NL": null, "FCLASS_SE": null, "FCLASS_BD": null, "FCLASS_UA": null}, "bbox": [38.792341, 29.099025, 48.567971, 37.385264], "geometry": {"type": "Polygon", "coordinates": [[[39.195468, 32.161009], [43.942259, 37.256228], [46.109362, 33.017287], [47.302622, 30.05907], [39.195468, 32.161009]]]}}, {"type": "Feature", "properties": {"featurecla": "Admin-0 country", "scalerank": 1, "LABELRANK": 4, "SOVEREIGNT": "Oman", "SOV_A3": "OMN", "ADM0_DIF": 0, "LEVEL": 2, "TYPE": "Sovereign country", "TLC": "1", "ADMIN": "Oman", "ADM0_A3": "OMN", "GEOU_DIF": 0, "GEOUNIT": "Oman", "GU_A3": "OMN", "SU_DIF": 0, "SUBUNIT": "Oman", "SU_A3": "OMN", "BRK_DIFF": 0, "NAME": "Oman", "NAME_LONG": "Oman", "BRK_A3": "OMN", "BRK_NAME": "Oman", "BRK_GROUP": null, "ABBREV": "Oman", "POSTAL": "OM", "FORMAL_EN": "Sultanate of Oman", "FORMAL_FR": null, "NAME_CIAWF": "Oman", "NOTE_ADM0": null, "NOTE_BRK": null, "NAME_SORT": "Oman", "NAME_ALT": null, "MAPCOLOR7": 1, "MAPCOLOR8": 4, "MAPCOLOR9": 1, "MAPCOLOR13": 6, "POP_EST": 4974986, "POP_RANK": 12, "POP_YEAR": 2019, "GDP_MD": 76331, "GDP_YEAR": 2019, "ECONOMY": "6. Developing region", "INCOME_GRP": "2. High income: nonOECD", "FIPS_10": "MU", "ISO_A2": "OM", "ISO_A2_EH": "OM", "ISO_A3": "OMN", "ISO_A3_EH": "OMN", "ISO_N3": "512", "ISO_N3_EH": "512", "UN_A3": "512", "WB_A2": "OM", "WB_A3": "OMN", "WOE_ID": 23424898, "WOE_ID_EH": 23424898, "WOE_NOTE": "Exact WOE match as country", "ADM0_ISO": "OMN", "ADM0_DIFF": null, "ADM0_TLC": "OMN", "ADM0_A3_US": "OMN", "ADM0_A3_FR": "OMN", "ADM0_A3_RU": "OMN", "ADM0_A3_ES": "OMN", "ADM0_A3_CN": "OMN", "ADM0_A3_TW": "OMN", "ADM0_A3_IN": "OMN", "ADM0_A3_NP": "OMN", "ADM0_A3_PK": "OMN", "ADM0_A3_DE": "OMN", "ADM0_A3_GB": "OMN", "ADM0_A3_BR": "OMN", "ADM0_A3_IL": "OMN", "ADM0_A3_PS": "OMN", "ADM0_A3_SA": "OMN", "ADM0_A3_EG": "OMN", "ADM0_A3_MA": "OMN", "ADM0_A3_PT": "OMN", "ADM0_A3_AR": "OMN", "ADM0_A3_JP": "OMN", "ADM0_A3_KO": "OMN", "ADM0_A3_VN": "OMN", "ADM0_A3_TR": "OMN", "ADM0_A3_ID": "OMN", "ADM0_A3_PL": "OMN", "ADM0_A3_GR": "OMN", "ADM0_A3_IT": "OMN", "ADM0_A3_NL": "OMN", "ADM0_A3_SE": "OMN", "ADM0_A3_BD": "OMN", "ADM0_A3_UA": "OMN", "ADM0_A3_UN": -99, "ADM0_A3_WB": -99, "CONTINENT": "Asia", "REGION_UN": "Asia", "SUBREGION": "Western Asia", "REGION_WB": "Middle East & North Africa", "NAME_LEN": 4, "LONG_LEN": 4, "ABBREV_LEN": 4, "TINY": -99, "HOMEPART": 1, "MIN_ZOOM": 0, "MIN_LABEL": 4, "MAX_LABEL": 9, "LABEL_X": 57.336553, "LABEL_Y": 22.120427, "NE_ID": 1159321151, "WIKIDATAID": "Q842", "NAME_AR": "\u0633\u0644\u0637\u0646\u0629 \u0639\u0645\u0627\u0646", "NAME_BN": "\u0993\u09ae\u09be\u09a8", "NAME_DE": "Oman", "NAME_EN": "Oman", "NAME_ES": "Om\u00e1n", "NAME_FA": "\u0639\u0645\u0627\u0646", "NAME_FR": "Oman", "NAME_EL": "\u039f\u03bc\u03ac\u03bd", "NAME_HE": "\u05e2\u05d5\u05de\u05d0\u05df", "NAME_HI": "\u0913\u092e\u093e\u0928", "NAME_HU": "Om\u00e1n", "NAME_ID": "Oman", "NAME_IT": "Oman", "NAME_JA": "\u30aa\u30de\u30fc\u30f3", "NAME_KO": "\uc624\ub9cc", "NAME_NL": "Oman", "NAME_PL": "Oman", "NAME_PT": "Om\u00e3", "NAME_RU": "\u041e\u043c\u0430\u043d", "NAME_SV": "Oman", "NAME_TR": "Umman", "NAME_UK": "\u041e\u043c\u0430\u043d", "NAME_UR": "\u0639\u0645\u0627\u0646", "NAME_VI": "Oman", "NAME_ZH": "\u963f\u66fc", "NAME_ZHT": "\u963f\u66fc", "FCLASS_ISO": "Admin-0 country", "TLC_DIFF": null, "FCLASS_TLC": "Admin-0 country", "FCLASS_US": null, "FCLASS_FR": null, "FCLASS_RU": null, "FCLASS_ES": null, "FCLASS_CN": null, "FCLASS_TW": null, "FCLASS_IN": null, "FCLASS_NP": null, "FCLASS_PK": null, "FCLASS_DE": null, "FCLASS_GB": null, "FCLASS_BR": null, "FCLASS_IL": null, "FCLASS_PS": null, "FCLASS_SA": null, "FCLASS_EG": null, "FCLASS_MA": null, "FCLASS_PT": null, "FCLASS_AR": null, "FCLASS_JP": null, "FCLASS_KO": null, "FCLASS_VN": null, "FCLASS_TR": null, "FCLASS_ID": null, "FCLASS_PL": null, "FCLASS_GR": null, "FCLASS_IT": null, "FCLASS_NL": null, "FCLASS_SE": null, "FCLASS_BD": null, "FCLASS_UA": null}, "bbox": [52.00001, 16.651051, 59.80806, 26.395934], "geometry": {"type": "MultiPolygon", "coordinates": [[[[55.208341, 22.70833], [56.84514, 24.241673], [59.442191, 21.714541], [57.694391, 18.94471], [54.791002, 16.950697], [55.208341, 22.70833]]], [[[56.261042, 25.714606], [56.261042, 25.714606]]]]}}, {"type": "Feature", "properties": {"featurecla": "Admin-0 country", "scalerank": 1, "LABELRANK": 4, "SOVEREIGNT": "Vanuatu", "SOV_A3": "VUT", "ADM0_DIF": 0, "LEVEL": 2, "TYPE": "Sovereign country", "TLC": "1", "ADMIN": "Vanuatu", "ADM0_A3": "VUT", "GEOU_DIF": 0, "GEOUNIT": "Vanuatu", "GU_A3": "VUT", "SU_DIF": 0, "SUBUNIT": "Vanuatu", "SU_A3": "VUT", "BRK_DIFF": 0, "NAME": "Vanuatu", "NAME_LONG": "Vanuatu", "BRK_A3": "VUT", "BRK_NAME": "Vanuatu", "BRK_GROUP": null, "ABBREV": "Van.", "POSTAL": "VU", "FORMAL_EN": "Republic of Vanuatu", "FORMAL_FR": null, "NAME_CIAWF": "Vanuatu", "NOTE_ADM0": null, "NOTE_BRK": null, "NAME_SORT": "Vanuatu", "NAME_ALT": null, "MAPCOLOR7": 6, "MAPCOLOR8": 3, "MAPCOLOR9": 7, "MAPCOLOR13": 3, "POP_EST": 299882, "POP_RANK": 10, "POP_YEAR": 2019, "GDP_MD": 934, "GDP_YEAR": 2019, "ECONOMY": "7. Least developed region", "INCOME_GRP": "4. Lower middle income", "FIPS_10": "NH", "ISO_A2": "VU", "ISO_A2_EH": "VU", "ISO_A3": "VUT", "ISO_A3_EH": "VUT", "ISO_N3": "548", "ISO_N3_EH": "548", "UN_A3": "548", "WB_A2": "VU", "WB_A3": "VUT", "WOE_ID": 23424907, "WOE_ID_EH": 23424907, "WOE_NOTE": "Exact WOE match as country", "ADM0_ISO": "VUT", "ADM0_DIFF": null, "ADM0_TLC": "VUT", "ADM0_A3_US": "VUT", "ADM0_A3_FR": "VUT", "ADM0_A3_RU": "VUT", "ADM0_A3_ES": "VUT", "ADM0_A3_CN": "VUT", "ADM0_A3_TW": "VUT", "ADM0_A3_IN": "VUT", "ADM0_A3_NP": "VUT", "ADM0_A3_PK": "VUT", "ADM0_A3_DE": "VUT", "ADM0_A3_GB": "VUT", "ADM0_A3_BR": "VUT", "ADM0_A3_IL": "VUT", "ADM0_A3_PS": "VUT", "ADM0_A3_SA": "VUT", "ADM0_A3_EG": "VUT", "ADM0_A3_MA": "VUT", "ADM0_A3_PT": "VUT", "ADM0_A3_AR": "VUT", "ADM0_A3_JP": "VUT", "ADM0_A3_KO": "VUT", "ADM0_A3_VN": "VUT", "ADM0_A3_TR": "VUT", "ADM0_A3_ID": "VUT", "ADM0_A3_PL": "VUT", "ADM0_A3_GR": "VUT", "ADM0_A3_IT": "VUT", "ADM0_A3_NL": "VUT", "ADM0_A3_SE": "VUT", "ADM0_A3_BD": "VUT", "ADM0_A3_UA": "VUT", "ADM0_A3_UN": -99, "ADM0_A3_WB": -99, "CONTINENT": "Oceania", "REGION_UN": "Oceania", "SUBREGION": "Melanesia", "REGION_WB": "East Asia & Pacific", "NAME_LEN": 7, "LONG_LEN": 7, "ABBREV_LEN": 4, "TINY": 2, "HOMEPART": 1, "MIN_ZOOM": 0, "MIN_LABEL": 4, "MAX_LABEL": 9, "LABEL_X": 166.908762, "LABEL_Y": -15.37153, "NE_ID": 1159321421, "WIKIDATAID": "Q686", "NAME_AR": "\u0641\u0627\u0646\u0648\u0627\u062a\u0648", "NAME_BN": "\u09ad\u09be\u09a8\u09c1\u09af\u09bc\u09be\u09a4\u09c1", "NAME_DE": "Vanuatu", "NAME_EN": "Vanuatu", "NAME_ES": "Vanuatu", "NAME_FA": "\u0648\u0627\u0646\u0648\u0627\u062a\u0648", "NAME_FR": "Vanuatu", "NAME_EL": "\u0392\u03b1\u03bd\u03bf\u03c5\u03ac\u03c4\u03bf\u03c5", "NAME_HE": "\u05d5\u05e0\u05d5\u05d0\u05d8\u05d5", "NAME_HI": "\u0935\u093e\u0928\u0942\u0906\u091f\u0942", "NAME_HU": "Vanuatu", "NAME_ID": "Vanuatu", "NAME_IT": "Vanuatu", "NAME_JA": "\u30d0\u30cc\u30a2\u30c4", "NAME_KO": "\ubc14\ub204\uc544\ud22c", "NAME_NL": "Vanuatu", "NAME_PL": "Vanuatu", "NAME_PT": "Vanuatu", "NAME_RU": "\u0412\u0430\u043d\u0443\u0430\u0442\u0443", "NAME_SV": "Vanuatu", "NAME_TR": "Vanuatu", "NAME_UK": "\u0412\u0430\u043d\u0443\u0430\u0442\u0443", "NAME_UR": "\u0648\u0627\u0646\u0648\u0627\u062a\u0648", "NAME_VI": "Vanuatu", "NAME_ZH": "\u74e6\u52aa\u963f\u56fe", "NAME_ZHT": "\u842c\u90a3\u675c", "FCLASS_ISO": "Admin-0 country", "TLC_DIFF": null, "FCLASS_TLC": "Admin-0 country", "FCLASS_US": null, "FCLASS_FR": null, "FCLASS_RU": null, "FCLASS_ES": null, "FCLASS_CN": null, "FCLASS_TW": null, "FCLASS_IN": null, "FCLASS_NP": null, "FCLASS_PK": null, "FCLASS_DE": null, "FCLASS_GB": null, "FCLASS_BR": null, "FCLASS_IL": null, "FCLASS_PS": null, "FCLASS_SA": null, "FCLASS_EG": null, "FCLASS_MA": null, "FCLASS_PT": null, "FCLASS_AR": null, "FCLASS_JP": null, "FCLASS_KO": null, "FCLASS_VN": null, "FCLASS_TR": null, "FCLASS_ID": null, "FCLASS_PL": null, "FCLASS_GR": null, "FCLASS_IT": null, "FCLASS_NL": null, "FCLASS_SE": null, "FCLASS_BD": null, "FCLASS_UA": null}, "bbox": [166.629137, -16.59785, 167.844877, -14.626497], "geometry": {"type": "MultiPolygon", "coordinates": [[[[167.216801, -15.891846], [167.216801, -15.891846]]], [[[166.793158, -15.668811], [166.793158, -15.668811]]]]}}, {"type": "Feature", "properties": {"featurecla": "Admin-0 country", "scalerank": 1, "LABELRANK": 3, "SOVEREIGNT": "Cambodia", "SOV_A3": "KHM", "ADM0_DIF": 0, "LEVEL": 2, "TYPE": "Sovereign country", "TLC": "1", "ADMIN": "Cambodia", "ADM0_A3": "KHM", "GEOU_DIF": 0, "GEOUNIT": "Cambodia", "GU_A3": "KHM", "SU_DIF": 0, "SUBUNIT": "Cambodia", "SU_A3": "KHM", "BRK_DIFF": 0, "NAME": "Cambodia", "NAME_LONG": "Cambodia", "BRK_A3": "KHM", "BRK_NAME": "Cambodia", "BRK_GROUP": null, "ABBREV": "Camb.", "POSTAL": "KH", "FORMAL_EN": "Kingdom of Cambodia", "FORMAL_FR": null, "NAME_CIAWF": "Cambodia", "NOTE_ADM0": null, "NOTE_BRK": null, "NAME_SORT": "Cambodia", "NAME_ALT": null, "MAPCOLOR7": 6, "MAPCOLOR8": 3, "MAPCOLOR9": 6, "MAPCOLOR13": 5, "POP_EST": 16486542, "POP_RANK": 14, "POP_YEAR": 2019, "GDP_MD": 27089, "GDP_YEAR": 2019, "ECONOMY": "7. Least developed region", "INCOME_GRP": "5. Low income", "FIPS_10": "CB", "ISO_A2": "KH", "ISO_A2_EH": "KH", "ISO_A3": "KHM", "ISO_A3_EH": "KHM", "ISO_N3": "116", "ISO_N3_EH": "116", "UN_A3": "116", "WB_A2": "KH", "WB_A3": "KHM", "WOE_ID": 23424776, "WOE_ID_EH": 23424776, "WOE_NOTE": "Exact WOE match as country", "ADM0_ISO": "KHM", "ADM0_DIFF": null, "ADM0_TLC": "KHM", "ADM0_A3_US": "KHM", "ADM0_A3_FR": "KHM", "ADM0_A3_RU": "KHM", "ADM0_A3_ES": "KHM", "ADM0_A3_CN": "KHM", "ADM0_A3_TW": "KHM", "ADM0_A3_IN": "KHM", "ADM0_A3_NP": "KHM", "ADM0_A3_PK": "KHM", "ADM0_A3_DE": "KHM", "ADM0_A3_GB": "KHM", "ADM0_A3_BR": "KHM", "ADM0_A3_IL": "KHM", "ADM0_A3_PS": "KHM", "ADM0_A3_SA": "KHM", "ADM0_A3_EG": "KHM", "ADM0_A3_MA": "KHM", "ADM0_A3_PT": "KHM", "ADM0_A3_AR": "KHM", "ADM0_A3_JP": "KHM", "ADM0_A3_KO": "KHM", "ADM0_A3_VN": "KHM", "ADM0_A3_TR": "KHM", "ADM0_A3_ID": "KHM", "ADM0_A3_PL": "KHM", "ADM0_A3_GR": "KHM", "ADM0_A3_IT": "KHM", "ADM0_A3_NL": "KHM", "ADM0_A3_SE": "KHM", "ADM0_A3_BD": "KHM", "ADM0_A3_UA": "KHM", "ADM0_A3_UN": -99, "ADM0_A3_WB": -99, "CONTINENT": "Asia", "REGION_UN": "Asia", "SUBREGION": "South-Eastern Asia", "REGION_WB": "East Asia & Pacific", "NAME_LEN": 8, "LONG_LEN": 8, "ABBREV_LEN": 5, "TINY": -99, "HOMEPART": 1, "MIN_ZOOM": 0, "MIN_LABEL": 3, "MAX_LABEL": 8, "LABEL_X": 104.50487, "LABEL_Y": 12.647584, "NE_ID": 1159320979, "WIKIDATAID": "Q424", "NAME_AR": "\u0643\u0645\u0628\u0648\u062f\u064a\u0627", "NAME_BN": "\u0995\u09ae\u09cd\u09ac\u09cb\u09a1\u09bf\u09af\u09bc\u09be", "NAME_DE": "Kambodscha", "NAME_EN": "Cambodia", "NAME_ES": "Camboya", "NAME_FA": "\u06a9\u0627\u0645\u0628\u0648\u062c", "NAME_FR": "Cambodge", "NAME_EL": "\u039a\u03b1\u03bc\u03c0\u03cc\u03c4\u03b6\u03b7", "NAME_HE": "\u05e7\u05de\u05d1\u05d5\u05d3\u05d9\u05d4", "NAME_HI": "\u0915\u092e\u094d\u092c\u094b\u0921\u093f\u092f\u093e", "NAME_HU": "Kambodzsa", "NAME_ID": "Kamboja", "NAME_IT": "Cambogia", "NAME_JA": "\u30ab\u30f3\u30dc\u30b8\u30a2", "NAME_KO": "\uce84\ubcf4\ub514\uc544", "NAME_NL": "Cambodja", "NAME_PL": "Kambod\u017ca", "NAME_PT": "Camboja", "NAME_RU": "\u041a\u0430\u043c\u0431\u043e\u0434\u0436\u0430", "NAME_SV": "Kambodja", "NAME_TR": "Kambo\u00e7ya", "NAME_UK": "\u041a\u0430\u043c\u0431\u043e\u0434\u0436\u0430", "NAME_UR": "\u06a9\u0645\u0628\u0648\u0688\u06cc\u0627", "NAME_VI": "Campuchia", "NAME_ZH": "\u67ec\u57d4\u5be8", "NAME_ZHT": "\u67ec\u57d4\u5be8", "FCLASS_ISO": "Admin-0 country", "TLC_DIFF": null, "FCLASS_TLC": "Admin-0 country", "FCLASS_US": null, "FCLASS_FR": null, "FCLASS_RU": null, "FCLASS_ES": null, "FCLASS_CN": null, "FCLASS_TW": null, "FCLASS_IN": null, "FCLASS_NP": null, "FCLASS_PK": null, "FCLASS_DE": null, "FCLASS_GB": null, "FCLASS_BR": null, "FCLASS_IL": null, "FCLASS_PS": null, "FCLASS_SA": null, "FCLASS_EG": null, "FCLASS_MA": null, "FCLASS_PT": null, "FCLASS_AR": null, "FCLASS_JP": null, "FCLASS_KO": null, "FCLASS_VN": null, "FCLASS_TR": null, "FCLASS_ID": null, "FCLASS_PL": null, "FCLASS_GR": null, "FCLASS_IT": null, "FCLASS_NL": null, "FCLASS_SE": null, "FCLASS_BD": null, "FCLASS_UA": null}, "bbox": [102.348099, 10.486544, 107.614548, 14.570584], "geometry": {"type": "Polygon", "coordinates": [[[102.584932, 12.186595], [107.614548, 13.535531], [102.584932, 12.186595]]]}}, {"type": "Feature", "properties": {"featurecla": "Admin-0 country", "scalerank": 1, "LABELRANK": 3, "SOVEREIGNT": "Thailand", "SOV_A3": "THA", "ADM0_DIF": 0, "LEVEL": 2, "TYPE": "Sovereign country", "TLC": "1", "ADMIN": "Thailand", "ADM0_A3": "THA", "GEOU_DIF": 0, "GEOUNIT": "Thailand", "GU_A3": "THA", "SU_DIF": 0, "SUBUNIT": "Thailand", "SU_A3": "THA", "BRK_DIFF": 0, "NAME": "Thailand", "NAME_LONG": "Thailand", "BRK_A3": "THA", "BRK_NAME": "Thailand", "BRK_GROUP": null, "ABBREV": "Thai.", "POSTAL": "TH", "FORMAL_EN": "Kingdom of Thailand", "FORMAL_FR": null, "NAME_CIAWF": "Thailand", "NOTE_ADM0": null, "NOTE_BRK": null, "NAME_SORT": "Thailand", "NAME_ALT": null, "MAPCOLOR7": 3, "MAPCOLOR8": 6, "MAPCOLOR9": 8, "MAPCOLOR13": 1, "POP_EST": 69625582, "POP_RANK": 16, "POP_YEAR": 2019, "GDP_MD": 543548, "GDP_YEAR": 2019, "ECONOMY": "5. Emerging region: G20", "INCOME_GRP": "3. Upper middle income", "FIPS_10": "TH", "ISO_A2": "TH", "ISO_A2_EH": "TH", "ISO_A3": "THA", "ISO_A3_EH": "THA", "ISO_N3": "764", "ISO_N3_EH": "764", "UN_A3": "764", "WB_A2": "TH", "WB_A3": "THA", "WOE_ID": 23424960, "WOE_ID_EH": 23424960, "WOE_NOTE": "Exact WOE match as country", "ADM0_ISO": "THA", "ADM0_DIFF": null, "ADM0_TLC": "THA", "ADM0_A3_US": "THA", "ADM0_A3_FR": "THA", "ADM0_A3_RU": "THA", "ADM0_A3_ES": "THA", "ADM0_A3_CN": "THA", "ADM0_A3_TW": "THA", "ADM0_A3_IN": "THA", "ADM0_A3_NP": "THA", "ADM0_A3_PK": "THA", "ADM0_A3_DE": "THA", "ADM0_A3_GB": "THA", "ADM0_A3_BR": "THA", "ADM0_A3_IL": "THA", "ADM0_A3_PS": "THA", "ADM0_A3_SA": "THA", "ADM0_A3_EG": "THA", "ADM0_A3_MA": "THA", "ADM0_A3_PT": "THA", "ADM0_A3_AR": "THA", "ADM0_A3_JP": "THA", "ADM0_A3_KO": "THA", "ADM0_A3_VN": "THA", "ADM0_A3_TR": "THA", "ADM0_A3_ID": "THA", "ADM0_A3_PL": "THA", "ADM0_A3_GR": "THA", "ADM0_A3_IT": "THA", "ADM0_A3_NL": "THA", "ADM0_A3_SE": "THA", "ADM0_A3_BD": "THA", "ADM0_A3_UA": "THA", "ADM0_A3_UN": -99, "ADM0_A3_WB": -99, "CONTINENT": "Asia", "REGION_UN": "Asia", "SUBREGION": "South-Eastern Asia", "REGION_WB": "East Asia & Pacific", "NAME_LEN": 8, "LONG_LEN": 8, "ABBREV_LEN": 5, "TINY": -99, "HOMEPART": 1, "MIN_ZOOM": 0, "MIN_LABEL": 2.7, "MAX_LABEL": 8, "LABEL_X": 101.073198, "LABEL_Y": 15.45974, "NE_ID": 1159321305, "WIKIDATAID": "Q869", "NAME_AR": "\u062a\u0627\u064a\u0644\u0627\u0646\u062f", "NAME_BN": "\u09a5\u09be\u0987\u09b2\u09cd\u09af\u09be\u09a8\u09cd\u09a1", "NAME_DE": "Thailand", "NAME_EN": "Thailand", "NAME_ES": "Tailandia", "NAME_FA": "\u062a\u0627\u06cc\u0644\u0646\u062f", "NAME_FR": "Tha\u00eflande", "NAME_EL": "\u03a4\u03b1\u03ca\u03bb\u03ac\u03bd\u03b4\u03b7", "NAME_HE": "\u05ea\u05d0\u05d9\u05dc\u05e0\u05d3", "NAME_HI": "\u0925\u093e\u0908\u0932\u0948\u0923\u094d\u0921", "NAME_HU": "Thaif\u00f6ld", "NAME_ID": "Thailand", "NAME_IT": "Thailandia", "NAME_JA": "\u30bf\u30a4\u738b\u56fd", "NAME_KO": "\ud0dc\uad6d", "NAME_NL": "Thailand", "NAME_PL": "Tajlandia", "NAME_PT": "Tail\u00e2ndia", "NAME_RU": "\u0422\u0430\u0438\u043b\u0430\u043d\u0434", "NAME_SV": "Thailand", "NAME_TR": "Tayland", "NAME_UK": "\u0422\u0430\u0457\u043b\u0430\u043d\u0434", "NAME_UR": "\u062a\u06be\u0627\u0626\u06cc \u0644\u06cc\u0646\u0688", "NAME_VI": "Th\u00e1i Lan", "NAME_ZH": "\u6cf0\u56fd", "NAME_ZHT": "\u6cf0\u570b", "FCLASS_ISO": "Admin-0 country", "TLC_DIFF": null, "FCLASS_TLC": "Admin-0 country", "FCLASS_US": null, "FCLASS_FR": null, "FCLASS_RU": null, "FCLASS_ES": null, "FCLASS_CN": null, "FCLASS_TW": null, "FCLASS_IN": null, "FCLASS_NP": null, "FCLASS_PK": null, "FCLASS_DE": null, "FCLASS_GB": null, "FCLASS_BR": null, "FCLASS_IL": null, "FCLASS_PS": null, "FCLASS_SA": null, "FCLASS_EG": null, "FCLASS_MA": null, "FCLASS_PT": null, "FCLASS_AR": null, "FCLASS_JP": null, "FCLASS_KO": null, "FCLASS_VN": null, "FCLASS_TR": null, "FCLASS_ID": null, "FCLASS_PL": null, "FCLASS_GR": null, "FCLASS_IT": null, "FCLASS_NL": null, "FCLASS_SE": null, "FCLASS_BD": null, "FCLASS_UA": null}, "bbox": [97.375896, 5.691384, 105.589039, 20.41785], "geometry": {"type": "Polygon", "coordinates": [[[105.218777, 14.273212], [100.097797, 13.406856], [101.017328, 6.856869], [99.690691, 6.848213], [99.038121, 10.960546], [98.903348, 16.177824], [100.115988, 20.41785], [102.998706, 17.961695], [105.218777, 14.273212]]]}}, {"type": "Feature", "properties": {"featurecla": "Admin-0 country", "scalerank": 1, "LABELRANK": 4, "SOVEREIGNT": "Laos", "SOV_A3": "LAO", "ADM0_DIF": 0, "LEVEL": 2, "TYPE": "Sovereign country", "TLC": "1", "ADMIN": "Laos", "ADM0_A3": "LAO", "GEOU_DIF": 0, "GEOUNIT": "Laos", "GU_A3": "LAO", "SU_DIF": 0, "SUBUNIT": "Laos", "SU_A3": "LAO", "BRK_DIFF": 0, "NAME": "Laos", "NAME_LONG": "Lao PDR", "BRK_A3": "LAO", "BRK_NAME": "Laos", "BRK_GROUP": null, "ABBREV": "Laos", "POSTAL": "LA", "FORMAL_EN": "Lao People's Democratic Republic", "FORMAL_FR": null, "NAME_CIAWF": "Laos", "NOTE_ADM0": null, "NOTE_BRK": null, "NAME_SORT": "Lao PDR", "NAME_ALT": null, "MAPCOLOR7": 1, "MAPCOLOR8": 1, "MAPCOLOR9": 1, "MAPCOLOR13": 9, "POP_EST": 7169455, "POP_RANK": 13, "POP_YEAR": 2019, "GDP_MD": 18173, "GDP_YEAR": 2019, "ECONOMY": "7. Least developed region", "INCOME_GRP": "4. Lower middle income", "FIPS_10": "LA", "ISO_A2": "LA", "ISO_A2_EH": "LA", "ISO_A3": "LAO", "ISO_A3_EH": "LAO", "ISO_N3": "418", "ISO_N3_EH": "418", "UN_A3": "418", "WB_A2": "LA", "WB_A3": "LAO", "WOE_ID": 23424872, "WOE_ID_EH": 23424872, "WOE_NOTE": "Exact WOE match as country", "ADM0_ISO": "LAO", "ADM0_DIFF": null, "ADM0_TLC": "LAO", "ADM0_A3_US": "LAO", "ADM0_A3_FR": "LAO", "ADM0_A3_RU": "LAO", "ADM0_A3_ES": "LAO", "ADM0_A3_CN": "LAO", "ADM0_A3_TW": "LAO", "ADM0_A3_IN": "LAO", "ADM0_A3_NP": "LAO", "ADM0_A3_PK": "LAO", "ADM0_A3_DE": "LAO", "ADM0_A3_GB": "LAO", "ADM0_A3_BR": "LAO", "ADM0_A3_IL": "LAO", "ADM0_A3_PS": "LAO", "ADM0_A3_SA": "LAO", "ADM0_A3_EG": "LAO", "ADM0_A3_MA": "LAO", "ADM0_A3_PT": "LAO", "ADM0_A3_AR": "LAO", "ADM0_A3_JP": "LAO", "ADM0_A3_KO": "LAO", "ADM0_A3_VN": "LAO", "ADM0_A3_TR": "LAO", "ADM0_A3_ID": "LAO", "ADM0_A3_PL": "LAO", "ADM0_A3_GR": "LAO", "ADM0_A3_IT": "LAO", "ADM0_A3_NL": "LAO", "ADM0_A3_SE": "LAO", "ADM0_A3_BD": "LAO", "ADM0_A3_UA": "LAO", "ADM0_A3_UN": -99, "ADM0_A3_WB": -99, "CONTINENT": "Asia", "REGION_UN": "Asia", "SUBREGION": "South-Eastern Asia", "REGION_WB": "East Asia & Pacific", "NAME_LEN": 4, "LONG_LEN": 7, "ABBREV_LEN": 4, "TINY": -99, "HOMEPART": 1, "MIN_ZOOM": 0, "MIN_LABEL": 4, "MAX_LABEL": 9, "LABEL_X": 102.533912, "LABEL_Y": 19.431821, "NE_ID": 1159321011, "WIKIDATAID": "Q819", "NAME_AR": "\u0644\u0627\u0648\u0633", "NAME_BN": "\u09b2\u09be\u0993\u09b8", "NAME_DE": "Laos", "NAME_EN": "Laos", "NAME_ES": "Laos", "NAME_FA": "\u0644\u0627\u0626\u0648\u0633", "NAME_FR": "Laos", "NAME_EL": "\u039b\u03ac\u03bf\u03c2", "NAME_HE": "\u05dc\u05d0\u05d5\u05e1", "NAME_HI": "\u0932\u093e\u0913\u0938", "NAME_HU": "Laosz", "NAME_ID": "Laos", "NAME_IT": "Laos", "NAME_JA": "\u30e9\u30aa\u30b9", "NAME_KO": "\ub77c\uc624\uc2a4", "NAME_NL": "Laos", "NAME_PL": "Laos", "NAME_PT": "Laos", "NAME_RU": "\u041b\u0430\u043e\u0441", "NAME_SV": "Laos", "NAME_TR": "Laos", "NAME_UK": "\u041b\u0430\u043e\u0441", "NAME_UR": "\u0644\u0627\u0624\u0633", "NAME_VI": "L\u00e0o", "NAME_ZH": "\u8001\u631d", "NAME_ZHT": "\u5bee\u570b", "FCLASS_ISO": "Admin-0 country", "TLC_DIFF": null, "FCLASS_TLC": "Admin-0 country", "FCLASS_US": null, "FCLASS_FR": null, "FCLASS_RU": null, "FCLASS_ES": null, "FCLASS_CN": null, "FCLASS_TW": null, "FCLASS_IN": null, "FCLASS_NP": null, "FCLASS_PK": null, "FCLASS_DE": null, "FCLASS_GB": null, "FCLASS_BR": null, "FCLASS_IL": null, "FCLASS_PS": null, "FCLASS_SA": null, "FCLASS_EG": null, "FCLASS_MA": null, "FCLASS_PT": null, "FCLASS_AR": null, "FCLASS_JP": null, "FCLASS_KO": null, "FCLASS_VN": null, "FCLASS_TR": null, "FCLASS_ID": null, "FCLASS_PL": null, "FCLASS_GR": null, "FCLASS_IT": null, "FCLASS_NL": null, "FCLASS_SE": null, "FCLASS_BD": null, "FCLASS_UA": null}, "bbox": [100.115988, 13.881091, 107.564525, 22.464753], "geometry": {"type": "Polygon", "coordinates": [[[107.382727, 14.202441], [103.956477, 18.240954], [100.606294, 19.508344], [102.170436, 22.464753], [105.925762, 17.485315], [107.382727, 14.202441]]]}}, {"type": "Feature", "properties": {"featurecla": "Admin-0 country", "scalerank": 1, "LABELRANK": 3, "SOVEREIGNT": "Myanmar", "SOV_A3": "MMR", "ADM0_DIF": 0, "LEVEL": 2, "TYPE": "Sovereign country", "TLC": "1", "ADMIN": "Myanmar", "ADM0_A3": "MMR", "GEOU_DIF": 0, "GEOUNIT": "Myanmar", "GU_A3": "MMR", "SU_DIF": 0, "SUBUNIT": "Myanmar", "SU_A3": "MMR", "BRK_DIFF": 0, "NAME": "Myanmar", "NAME_LONG": "Myanmar", "BRK_A3": "MMR", "BRK_NAME": "Myanmar", "BRK_GROUP": null, "ABBREV": "Myan.", "POSTAL": "MM", "FORMAL_EN": "Republic of the Union of Myanmar", "FORMAL_FR": null, "NAME_CIAWF": "Burma", "NOTE_ADM0": null, "NOTE_BRK": null, "NAME_SORT": "Myanmar", "NAME_ALT": null, "MAPCOLOR7": 2, "MAPCOLOR8": 2, "MAPCOLOR9": 5, "MAPCOLOR13": 13, "POP_EST": 54045420, "POP_RANK": 16, "POP_YEAR": 2019, "GDP_MD": 76085, "GDP_YEAR": 2019, "ECONOMY": "7. Least developed region", "INCOME_GRP": "5. Low income", "FIPS_10": "BM", "ISO_A2": "MM", "ISO_A2_EH": "MM", "ISO_A3": "MMR", "ISO_A3_EH": "MMR", "ISO_N3": "104", "ISO_N3_EH": "104", "UN_A3": "104", "WB_A2": "MM", "WB_A3": "MMR", "WOE_ID": 23424763, "WOE_ID_EH": 23424763, "WOE_NOTE": "Exact WOE match as country", "ADM0_ISO": "MMR", "ADM0_DIFF": null, "ADM0_TLC": "MMR", "ADM0_A3_US": "MMR", "ADM0_A3_FR": "MMR", "ADM0_A3_RU": "MMR", "ADM0_A3_ES": "MMR", "ADM0_A3_CN": "MMR", "ADM0_A3_TW": "MMR", "ADM0_A3_IN": "MMR", "ADM0_A3_NP": "MMR", "ADM0_A3_PK": "MMR", "ADM0_A3_DE": "MMR", "ADM0_A3_GB": "MMR", "ADM0_A3_BR": "MMR", "ADM0_A3_IL": "MMR", "ADM0_A3_PS": "MMR", "ADM0_A3_SA": "MMR", "ADM0_A3_EG": "MMR", "ADM0_A3_MA": "MMR", "ADM0_A3_PT": "MMR", "ADM0_A3_AR": "MMR", "ADM0_A3_JP": "MMR", "ADM0_A3_KO": "MMR", "ADM0_A3_VN": "MMR", "ADM0_A3_TR": "MMR", "ADM0_A3_ID": "MMR", "ADM0_A3_PL": "MMR", "ADM0_A3_GR": "MMR", "ADM0_A3_IT": "MMR", "ADM0_A3_NL": "MMR", "ADM0_A3_SE": "MMR", "ADM0_A3_BD": "MMR", "ADM0_A3_UA": "MMR", "ADM0_A3_UN": -99, "ADM0_A3_WB": -99, "CONTINENT": "Asia", "REGION_UN": "Asia", "SUBREGION": "South-Eastern Asia", "REGION_WB": "East Asia & Pacific", "NAME_LEN": 7, "LONG_LEN": 7, "ABBREV_LEN": 5, "TINY": -99, "HOMEPART": 1, "MIN_ZOOM": 0, "MIN_LABEL": 3, "MAX_LABEL": 8, "LABEL_X": 95.804497, "LABEL_Y": 21.573855, "NE_ID": 1159321067, "WIKIDATAID": "Q836", "NAME_AR": "\u0645\u064a\u0627\u0646\u0645\u0627\u0631", "NAME_BN": "\u09ae\u09bf\u09af\u09bc\u09be\u09a8\u09ae\u09be\u09b0", "NAME_DE": "Myanmar", "NAME_EN": "Myanmar", "NAME_ES": "Birmania", "NAME_FA": "\u0645\u06cc\u0627\u0646\u0645\u0627\u0631", "NAME_FR": "Birmanie", "NAME_EL": "\u039c\u03b9\u03b1\u03bd\u03bc\u03ac\u03c1", "NAME_HE": "\u05de\u05d9\u05d0\u05e0\u05de\u05e8", "NAME_HI": "\u092e\u094d\u092f\u093e\u0928\u094d\u092e\u093e\u0930", "NAME_HU": "Mianmar", "NAME_ID": "Myanmar", "NAME_IT": "Birmania", "NAME_JA": "\u30df\u30e3\u30f3\u30de\u30fc", "NAME_KO": "\ubbf8\uc580\ub9c8", "NAME_NL": "Myanmar", "NAME_PL": "Mjanma", "NAME_PT": "Myanmar", "NAME_RU": "\u041c\u044c\u044f\u043d\u043c\u0430", "NAME_SV": "Myanmar", "NAME_TR": "Myanmar", "NAME_UK": "\u041c'\u044f\u043d\u043c\u0430", "NAME_UR": "\u0645\u06cc\u0627\u0646\u0645\u0627\u0631", "NAME_VI": "Myanma", "NAME_ZH": "\u7f05\u7538", "NAME_ZHT": "\u7dec\u7538", "FCLASS_ISO": "Admin-0 country", "TLC_DIFF": null, "FCLASS_TLC": "Admin-0 country", "FCLASS_US": null, "FCLASS_FR": null, "FCLASS_RU": null, "FCLASS_ES": null, "FCLASS_CN": null, "FCLASS_TW": null, "FCLASS_IN": null, "FCLASS_NP": null, "FCLASS_PK": null, "FCLASS_DE": null, "FCLASS_GB": null, "FCLASS_BR": null, "FCLASS_IL": null, "FCLASS_PS": null, "FCLASS_SA": null, "FCLASS_EG": null, "FCLASS_MA": null, "FCLASS_PT": null, "FCLASS_AR": null, "FCLASS_JP": null, "FCLASS_KO": null, "FCLASS_VN": null, "FCLASS_TR": null, "FCLASS_ID": null, "FCLASS_PL": null, "FCLASS_GR": null, "FCLASS_IT": null, "FCLASS_NL": null, "FCLASS_SE": null, "FCLASS_BD": null, "FCLASS_UA": null}, "bbox": [92.303234, 9.93296, 101.180005, 28.335945], "geometry": {"type": "Polygon", "coordinates": [[[100.115988, 20.41785], [98.903348, 16.177824], [99.038121, 10.960546], [97.597072, 16.100568], [93.540988, 19.366493], [93.060294, 22.703111], [96.419366, 27.264589], [98.712094, 26.743536], [99.983489, 21.742937], [100.115988, 20.41785]]]}}, {"type": "Feature", "properties": {"featurecla": "Admin-0 country", "scalerank": 1, "LABELRANK": 2, "SOVEREIGNT": "Vietnam", "SOV_A3": "VNM", "ADM0_DIF": 0, "LEVEL": 2, "TYPE": "Sovereign country", "TLC": "1", "ADMIN": "Vietnam", "ADM0_A3": "VNM", "GEOU_DIF": 0, "GEOUNIT": "Vietnam", "GU_A3": "VNM", "SU_DIF": 0, "SUBUNIT": "Vietnam", "SU_A3": "VNM", "BRK_DIFF": 0, "NAME": "Vietnam", "NAME_LONG": "Vietnam", "BRK_A3": "VNM", "BRK_NAME": "Vietnam", "BRK_GROUP": null, "ABBREV": "Viet.", "POSTAL": "VN", "FORMAL_EN": "Socialist Republic of Vietnam", "FORMAL_FR": null, "NAME_CIAWF": "Vietnam", "NOTE_ADM0": null, "NOTE_BRK": null, "NAME_SORT": "Vietnam", "NAME_ALT": null, "MAPCOLOR7": 5, "MAPCOLOR8": 6, "MAPCOLOR9": 5, "MAPCOLOR13": 4, "POP_EST": 96462106, "POP_RANK": 16, "POP_YEAR": 2019, "GDP_MD": 261921, "GDP_YEAR": 2019, "ECONOMY": "5. Emerging region: G20", "INCOME_GRP": "4. Lower middle income", "FIPS_10": "VM", "ISO_A2": "VN", "ISO_A2_EH": "VN", "ISO_A3": "VNM", "ISO_A3_EH": "VNM", "ISO_N3": "704", "ISO_N3_EH": "704", "UN_A3": "704", "WB_A2": "VN", "WB_A3": "VNM", "WOE_ID": 23424984, "WOE_ID_EH": 23424984, "WOE_NOTE": "Exact WOE match as country", "ADM0_ISO": "VNM", "ADM0_DIFF": null, "ADM0_TLC": "VNM", "ADM0_A3_US": "VNM", "ADM0_A3_FR": "VNM", "ADM0_A3_RU": "VNM", "ADM0_A3_ES": "VNM", "ADM0_A3_CN": "VNM", "ADM0_A3_TW": "VNM", "ADM0_A3_IN": "VNM", "ADM0_A3_NP": "VNM", "ADM0_A3_PK": "VNM", "ADM0_A3_DE": "VNM", "ADM0_A3_GB": "VNM", "ADM0_A3_BR": "VNM", "ADM0_A3_IL": "VNM", "ADM0_A3_PS": "VNM", "ADM0_A3_SA": "VNM", "ADM0_A3_EG": "VNM", "ADM0_A3_MA": "VNM", "ADM0_A3_PT": "VNM", "ADM0_A3_AR": "VNM", "ADM0_A3_JP": "VNM", "ADM0_A3_KO": "VNM", "ADM0_A3_VN": "VNM", "ADM0_A3_TR": "VNM", "ADM0_A3_ID": "VNM", "ADM0_A3_PL": "VNM", "ADM0_A3_GR": "VNM", "ADM0_A3_IT": "VNM", "ADM0_A3_NL": "VNM", "ADM0_A3_SE": "VNM", "ADM0_A3_BD": "VNM", "ADM0_A3_UA": "VNM", "ADM0_A3_UN": -99, "ADM0_A3_WB": -99, "CONTINENT": "Asia", "REGION_UN": "Asia", "SUBREGION": "South-Eastern Asia", "REGION_WB": "East Asia & Pacific", "NAME_LEN": 7, "LONG_LEN": 7, "ABBREV_LEN": 5, "TINY": 2, "HOMEPART": 1, "MIN_ZOOM": 0, "MIN_LABEL": 2, "MAX_LABEL": 7, "LABEL_X": 105.387292, "LABEL_Y": 21.715416, "NE_ID": 1159321417, "WIKIDATAID": "Q881", "NAME_AR": "\u0641\u064a\u062a\u0646\u0627\u0645", "NAME_BN": "\u09ad\u09bf\u09af\u09bc\u09c7\u09a4\u09a8\u09be\u09ae", "NAME_DE": "Vietnam", "NAME_EN": "Vietnam", "NAME_ES": "Vietnam", "NAME_FA": "\u0648\u06cc\u062a\u0646\u0627\u0645", "NAME_FR": "Vi\u00eat Nam", "NAME_EL": "\u0392\u03b9\u03b5\u03c4\u03bd\u03ac\u03bc", "NAME_HE": "\u05d5\u05d9\u05d9\u05d8\u05e0\u05d0\u05dd", "NAME_HI": "\u0935\u093f\u092f\u0924\u0928\u093e\u092e", "NAME_HU": "Vietn\u00e1m", "NAME_ID": "Vietnam", "NAME_IT": "Vietnam", "NAME_JA": "\u30d9\u30c8\u30ca\u30e0", "NAME_KO": "\ubca0\ud2b8\ub0a8", "NAME_NL": "Vietnam", "NAME_PL": "Wietnam", "NAME_PT": "Vietname", "NAME_RU": "\u0412\u044c\u0435\u0442\u043d\u0430\u043c", "NAME_SV": "Vietnam", "NAME_TR": "Vietnam", "NAME_UK": "\u0412'\u0454\u0442\u043d\u0430\u043c", "NAME_UR": "\u0648\u06cc\u062a\u0646\u0627\u0645", "NAME_VI": "Vi\u1ec7t Nam", "NAME_ZH": "\u8d8a\u5357", "NAME_ZHT": "\u8d8a\u5357", "FCLASS_ISO": "Admin-0 country", "TLC_DIFF": null, "FCLASS_TLC": "Admin-0 country", "FCLASS_US": null, "FCLASS_FR": null, "FCLASS_RU": null, "FCLASS_ES": null, "FCLASS_CN": null, "FCLASS_TW": null, "FCLASS_IN": null, "FCLASS_NP": null, "FCLASS_PK": null, "FCLASS_DE": null, "FCLASS_GB": null, "FCLASS_BR": null, "FCLASS_IL": null, "FCLASS_PS": null, "FCLASS_SA": null, "FCLASS_EG": null, "FCLASS_MA": null, "FCLASS_PT": null, "FCLASS_AR": null, "FCLASS_JP": null, "FCLASS_KO": null, "FCLASS_VN": null, "FCLASS_TR": null, "FCLASS_ID": null, "FCLASS_PL": null, "FCLASS_GR": null, "FCLASS_IT": null, "FCLASS_NL": null, "FCLASS_SE": null, "FCLASS_BD": null, "FCLASS_UA": null}, "bbox": [102.170436, 8.59976, 109.33527, 23.352063], "geometry": {"type": "Polygon", "coordinates": [[[104.334335, 10.486544], [107.312706, 15.908538], [103.203861, 20.766562], [106.725403, 22.794268], [107.361954, 16.697457], [105.158264, 8.59976], [104.334335, 10.486544]]]}}, {"type": "Feature", "properties": {"featurecla": "Admin-0 country", "scalerank": 1, "LABELRANK": 3, "SOVEREIGNT": "North Korea", "SOV_A3": "PRK", "ADM0_DIF": 0, "LEVEL": 2, "TYPE": "Sovereign country", "TLC": "1", "ADMIN": "North Korea", "ADM0_A3": "PRK", "GEOU_DIF": 0, "GEOUNIT": "North Korea", "GU_A3": "PRK", "SU_DIF": 0, "SUBUNIT": "North Korea", "SU_A3": "PRK", "BRK_DIFF": 0, "NAME": "North Korea", "NAME_LONG": "Dem. Rep. Korea", "BRK_A3": "PRK", "BRK_NAME": "Dem. Rep. Korea", "BRK_GROUP": null, "ABBREV": "N.K.", "POSTAL": "KP", "FORMAL_EN": "Democratic People's Republic of Korea", "FORMAL_FR": null, "NAME_CIAWF": "Korea, North", "NOTE_ADM0": null, "NOTE_BRK": null, "NAME_SORT": "Korea, Dem. Rep.", "NAME_ALT": null, "MAPCOLOR7": 3, "MAPCOLOR8": 5, "MAPCOLOR9": 3, "MAPCOLOR13": 9, "POP_EST": 25666161, "POP_RANK": 15, "POP_YEAR": 2019, "GDP_MD": 40000, "GDP_YEAR": 2016, "ECONOMY": "7. Least developed region", "INCOME_GRP": "5. Low income", "FIPS_10": "KN", "ISO_A2": "KP", "ISO_A2_EH": "KP", "ISO_A3": "PRK", "ISO_A3_EH": "PRK", "ISO_N3": "408", "ISO_N3_EH": "408", "UN_A3": "408", "WB_A2": "KP", "WB_A3": "PRK", "WOE_ID": 23424865, "WOE_ID_EH": 23424865, "WOE_NOTE": "Exact WOE match as country", "ADM0_ISO": "PRK", "ADM0_DIFF": null, "ADM0_TLC": "PRK", "ADM0_A3_US": "PRK", "ADM0_A3_FR": "PRK", "ADM0_A3_RU": "PRK", "ADM0_A3_ES": "PRK", "ADM0_A3_CN": "PRK", "ADM0_A3_TW": "PRK", "ADM0_A3_IN": "PRK", "ADM0_A3_NP": "PRK", "ADM0_A3_PK": "PRK", "ADM0_A3_DE": "PRK", "ADM0_A3_GB": "PRK", "ADM0_A3_BR": "PRK", "ADM0_A3_IL": "PRK", "ADM0_A3_PS": "PRK", "ADM0_A3_SA": "PRK", "ADM0_A3_EG": "PRK", "ADM0_A3_MA": "PRK", "ADM0_A3_PT": "PRK", "ADM0_A3_AR": "PRK", "ADM0_A3_JP": "PRK", "ADM0_A3_KO": "PRK", "ADM0_A3_VN": "PRK", "ADM0_A3_TR": "PRK", "ADM0_A3_ID": "PRK", "ADM0_A3_PL": "PRK", "ADM0_A3_GR": "PRK", "ADM0_A3_IT": "PRK", "ADM0_A3_NL": "PRK", "ADM0_A3_SE": "PRK", "ADM0_A3_BD": "PRK", "ADM0_A3_UA": "PRK", "ADM0_A3_UN": -99, "ADM0_A3_WB": -99, "CONTINENT": "Asia", "REGION_UN": "Asia", "SUBREGION": "Eastern Asia", "REGION_WB": "East Asia & Pacific", "NAME_LEN": 11, "LONG_LEN": 15, "ABBREV_LEN": 4, "TINY": -99, "HOMEPART": 1, "MIN_ZOOM": 0, "MIN_LABEL": 3, "MAX_LABEL": 8, "LABEL_X": 126.444516, "LABEL_Y": 39.885252, "NE_ID": 1159321181, "WIKIDATAID": "Q423", "NAME_AR": "\u0643\u0648\u0631\u064a\u0627 \u0627\u0644\u0634\u0645\u0627\u0644\u064a\u0629", "NAME_BN": "\u0989\u09a4\u09cd\u09a4\u09b0 \u0995\u09cb\u09b0\u09bf\u09af\u09bc\u09be", "NAME_DE": "Nordkorea", "NAME_EN": "North Korea", "NAME_ES": "Corea del Norte", "NAME_FA": "\u06a9\u0631\u0647 \u0634\u0645\u0627\u0644\u06cc", "NAME_FR": "Cor\u00e9e du Nord", "NAME_EL": "\u0392\u03cc\u03c1\u03b5\u03b9\u03b1 \u039a\u03bf\u03c1\u03ad\u03b1", "NAME_HE": "\u05e7\u05d5\u05e8\u05d9\u05d0\u05d4 \u05d4\u05e6\u05e4\u05d5\u05e0\u05d9\u05ea", "NAME_HI": "\u0909\u0924\u094d\u0924\u0930 \u0915\u094b\u0930\u093f\u092f\u093e", "NAME_HU": "\u00c9szak-Korea", "NAME_ID": "Korea Utara", "NAME_IT": "Corea del Nord", "NAME_JA": "\u671d\u9bae\u6c11\u4e3b\u4e3b\u7fa9\u4eba\u6c11\u5171\u548c\u56fd", "NAME_KO": "\uc870\uc120\ubbfc\uc8fc\uc8fc\uc758\uc778\ubbfc\uacf5\ud654\uad6d", "NAME_NL": "Noord-Korea", "NAME_PL": "Korea P\u00f3\u0142nocna", "NAME_PT": "Coreia do Norte", "NAME_RU": "\u041a\u041d\u0414\u0420", "NAME_SV": "Nordkorea", "NAME_TR": "Kuzey Kore", "NAME_UK": "\u041a\u043e\u0440\u0435\u0439\u0441\u044c\u043a\u0430 \u041d\u0430\u0440\u043e\u0434\u043d\u043e-\u0414\u0435\u043c\u043e\u043a\u0440\u0430\u0442\u0438\u0447\u043d\u0430 \u0420\u0435\u0441\u043f\u0443\u0431\u043b\u0456\u043a\u0430", "NAME_UR": "\u0634\u0645\u0627\u0644\u06cc \u06a9\u0648\u0631\u06cc\u0627", "NAME_VI": "C\u1ed9ng h\u00f2a D\u00e2n ch\u1ee7 Nh\u00e2n d\u00e2n Tri\u1ec1u Ti\u00ean", "NAME_ZH": "\u671d\u9c9c\u6c11\u4e3b\u4e3b\u4e49\u4eba\u6c11\u5171\u548c\u56fd", "NAME_ZHT": "\u671d\u9bae\u6c11\u4e3b\u4e3b\u7fa9\u4eba\u6c11\u5171\u548c\u570b", "FCLASS_ISO": "Admin-0 country", "TLC_DIFF": null, "FCLASS_TLC": "Admin-0 country", "FCLASS_US": null, "FCLASS_FR": null, "FCLASS_RU": null, "FCLASS_ES": null, "FCLASS_CN": null, "FCLASS_TW": null, "FCLASS_IN": null, "FCLASS_NP": null, "FCLASS_PK": null, "FCLASS_DE": null, "FCLASS_GB": null, "FCLASS_BR": null, "FCLASS_IL": null, "FCLASS_PS": null, "FCLASS_SA": null, "FCLASS_EG": null, "FCLASS_MA": null, "FCLASS_PT": null, "FCLASS_AR": null, "FCLASS_JP": null, "FCLASS_KO": null, "FCLASS_VN": null, "FCLASS_TR": null, "FCLASS_ID": null, "FCLASS_PL": null, "FCLASS_GR": null, "FCLASS_IT": null, "FCLASS_NL": null, "FCLASS_SE": null, "FCLASS_BD": null, "FCLASS_UA": null}, "bbox": [124.265625, 37.669071, 130.780007, 42.985387], "geometry": {"type": "MultiPolygon", "coordinates": [[[[130.780004, 42.220008], [130.780005, 42.22001], [130.780007, 42.220007], [130.780004, 42.220008]]], [[[130.64, 42.395024], [129.0104, 40.485436], [128.205746, 38.370397], [125.27533, 37.669071], [125.321116, 39.551385], [128.052215, 41.994285], [130.64, 42.395024]]]]}}, {"type": "Feature", "properties": {"featurecla": "Admin-0 country", "scalerank": 1, "LABELRANK": 2, "SOVEREIGNT": "South Korea", "SOV_A3": "KOR", "ADM0_DIF": 0, "LEVEL": 2, "TYPE": "Sovereign country", "TLC": "1", "ADMIN": "South Korea", "ADM0_A3": "KOR", "GEOU_DIF": 0, "GEOUNIT": "South Korea", "GU_A3": "KOR", "SU_DIF": 0, "SUBUNIT": "South Korea", "SU_A3": "KOR", "BRK_DIFF": 0, "NAME": "South Korea", "NAME_LONG": "Republic of Korea", "BRK_A3": "KOR", "BRK_NAME": "Republic of Korea", "BRK_GROUP": null, "ABBREV": "S.K.", "POSTAL": "KR", "FORMAL_EN": "Republic of Korea", "FORMAL_FR": null, "NAME_CIAWF": "Korea, South", "NOTE_ADM0": null, "NOTE_BRK": null, "NAME_SORT": "Korea, Rep.", "NAME_ALT": null, "MAPCOLOR7": 4, "MAPCOLOR8": 1, "MAPCOLOR9": 1, "MAPCOLOR13": 5, "POP_EST": 51709098, "POP_RANK": 16, "POP_YEAR": 2019, "GDP_MD": 1646739, "GDP_YEAR": 2019, "ECONOMY": "4. Emerging region: MIKT", "INCOME_GRP": "1. High income: OECD", "FIPS_10": "KS", "ISO_A2": "KR", "ISO_A2_EH": "KR", "ISO_A3": "KOR", "ISO_A3_EH": "KOR", "ISO_N3": "410", "ISO_N3_EH": "410", "UN_A3": "410", "WB_A2": "KR", "WB_A3": "KOR", "WOE_ID": 23424868, "WOE_ID_EH": 23424868, "WOE_NOTE": "Exact WOE match as country", "ADM0_ISO": "KOR", "ADM0_DIFF": null, "ADM0_TLC": "KOR", "ADM0_A3_US": "KOR", "ADM0_A3_FR": "KOR", "ADM0_A3_RU": "KOR", "ADM0_A3_ES": "KOR", "ADM0_A3_CN": "KOR", "ADM0_A3_TW": "KOR", "ADM0_A3_IN": "KOR", "ADM0_A3_NP": "KOR", "ADM0_A3_PK": "KOR", "ADM0_A3_DE": "KOR", "ADM0_A3_GB": "KOR", "ADM0_A3_BR": "KOR", "ADM0_A3_IL": "KOR", "ADM0_A3_PS": "KOR", "ADM0_A3_SA": "KOR", "ADM0_A3_EG": "KOR", "ADM0_A3_MA": "KOR", "ADM0_A3_PT": "KOR", "ADM0_A3_AR": "KOR", "ADM0_A3_JP": "KOR", "ADM0_A3_KO": "KOR", "ADM0_A3_VN": "KOR", "ADM0_A3_TR": "KOR", "ADM0_A3_ID": "KOR", "ADM0_A3_PL": "KOR", "ADM0_A3_GR": "KOR", "ADM0_A3_IT": "KOR", "ADM0_A3_NL": "KOR", "ADM0_A3_SE": "KOR", "ADM0_A3_BD": "KOR", "ADM0_A3_UA": "KOR", "ADM0_A3_UN": -99, "ADM0_A3_WB": -99, "CONTINENT": "Asia", "REGION_UN": "Asia", "SUBREGION": "Eastern Asia", "REGION_WB": "East Asia & Pacific", "NAME_LEN": 11, "LONG_LEN": 17, "ABBREV_LEN": 4, "TINY": -99, "HOMEPART": 1, "MIN_ZOOM": 0, "MIN_LABEL": 2.5, "MAX_LABEL": 7, "LABEL_X": 128.129504, "LABEL_Y": 36.384924, "NE_ID": 1159320985, "WIKIDATAID": "Q884", "NAME_AR": "\u0643\u0648\u0631\u064a\u0627 \u0627\u0644\u062c\u0646\u0648\u0628\u064a\u0629", "NAME_BN": "\u09a6\u0995\u09cd\u09b7\u09bf\u09a3 \u0995\u09cb\u09b0\u09bf\u09af\u09bc\u09be", "NAME_DE": "S\u00fcdkorea", "NAME_EN": "South Korea", "NAME_ES": "Corea del Sur", "NAME_FA": "\u06a9\u0631\u0647 \u062c\u0646\u0648\u0628\u06cc", "NAME_FR": "Cor\u00e9e du Sud", "NAME_EL": "\u039d\u03cc\u03c4\u03b9\u03b1 \u039a\u03bf\u03c1\u03ad\u03b1", "NAME_HE": "\u05e7\u05d5\u05e8\u05d9\u05d0\u05d4 \u05d4\u05d3\u05e8\u05d5\u05de\u05d9\u05ea", "NAME_HI": "\u0926\u0915\u094d\u0937\u093f\u0923 \u0915\u094b\u0930\u093f\u092f\u093e", "NAME_HU": "D\u00e9l-Korea", "NAME_ID": "Korea Selatan", "NAME_IT": "Corea del Sud", "NAME_JA": "\u5927\u97d3\u6c11\u56fd", "NAME_KO": "\ub300\ud55c\ubbfc\uad6d", "NAME_NL": "Zuid-Korea", "NAME_PL": "Korea Po\u0142udniowa", "NAME_PT": "Coreia do Sul", "NAME_RU": "\u0420\u0435\u0441\u043f\u0443\u0431\u043b\u0438\u043a\u0430 \u041a\u043e\u0440\u0435\u044f", "NAME_SV": "Sydkorea", "NAME_TR": "G\u00fcney Kore", "NAME_UK": "\u041f\u0456\u0432\u0434\u0435\u043d\u043d\u0430 \u041a\u043e\u0440\u0435\u044f", "NAME_UR": "\u062c\u0646\u0648\u0628\u06cc \u06a9\u0648\u0631\u06cc\u0627", "NAME_VI": "H\u00e0n Qu\u1ed1c", "NAME_ZH": "\u5927\u97e9\u6c11\u56fd", "NAME_ZHT": "\u5927\u97d3\u6c11\u570b", "FCLASS_ISO": "Admin-0 country", "TLC_DIFF": null, "FCLASS_TLC": "Admin-0 country", "FCLASS_US": null, "FCLASS_FR": null, "FCLASS_RU": null, "FCLASS_ES": null, "FCLASS_CN": null, "FCLASS_TW": null, "FCLASS_IN": null, "FCLASS_NP": null, "FCLASS_PK": null, "FCLASS_DE": null, "FCLASS_GB": null, "FCLASS_BR": null, "FCLASS_IL": null, "FCLASS_PS": null, "FCLASS_SA": null, "FCLASS_EG": null, "FCLASS_MA": null, "FCLASS_PT": null, "FCLASS_AR": null, "FCLASS_JP": null, "FCLASS_KO": null, "FCLASS_VN": null, "FCLASS_TR": null, "FCLASS_ID": null, "FCLASS_PL": null, "FCLASS_GR": null, "FCLASS_IT": null, "FCLASS_NL": null, "FCLASS_SE": null, "FCLASS_BD": null, "FCLASS_UA": null}, "bbox": [126.117398, 34.390046, 129.468304, 38.612243], "geometry": {"type": "Polygon", "coordinates": [[[126.174759, 37.749686], [129.46045, 36.784189], [126.117398, 36.725485], [126.174759, 37.749686]]]}}, {"type": "Feature", "properties": {"featurecla": "Admin-0 country", "scalerank": 1, "LABELRANK": 3, "SOVEREIGNT": "Mongolia", "SOV_A3": "MNG", "ADM0_DIF": 0, "LEVEL": 2, "TYPE": "Sovereign country", "TLC": "1", "ADMIN": "Mongolia", "ADM0_A3": "MNG", "GEOU_DIF": 0, "GEOUNIT": "Mongolia", "GU_A3": "MNG", "SU_DIF": 0, "SUBUNIT": "Mongolia", "SU_A3": "MNG", "BRK_DIFF": 0, "NAME": "Mongolia", "NAME_LONG": "Mongolia", "BRK_A3": "MNG", "BRK_NAME": "Mongolia", "BRK_GROUP": null, "ABBREV": "Mong.", "POSTAL": "MN", "FORMAL_EN": "Mongolia", "FORMAL_FR": null, "NAME_CIAWF": "Mongolia", "NOTE_ADM0": null, "NOTE_BRK": null, "NAME_SORT": "Mongolia", "NAME_ALT": null, "MAPCOLOR7": 3, "MAPCOLOR8": 5, "MAPCOLOR9": 5, "MAPCOLOR13": 6, "POP_EST": 3225167, "POP_RANK": 12, "POP_YEAR": 2019, "GDP_MD": 13996, "GDP_YEAR": 2019, "ECONOMY": "6. Developing region", "INCOME_GRP": "4. Lower middle income", "FIPS_10": "MG", "ISO_A2": "MN", "ISO_A2_EH": "MN", "ISO_A3": "MNG", "ISO_A3_EH": "MNG", "ISO_N3": "496", "ISO_N3_EH": "496", "UN_A3": "496", "WB_A2": "MN", "WB_A3": "MNG", "WOE_ID": 23424887, "WOE_ID_EH": 23424887, "WOE_NOTE": "Exact WOE match as country", "ADM0_ISO": "MNG", "ADM0_DIFF": null, "ADM0_TLC": "MNG", "ADM0_A3_US": "MNG", "ADM0_A3_FR": "MNG", "ADM0_A3_RU": "MNG", "ADM0_A3_ES": "MNG", "ADM0_A3_CN": "MNG", "ADM0_A3_TW": "MNG", "ADM0_A3_IN": "MNG", "ADM0_A3_NP": "MNG", "ADM0_A3_PK": "MNG", "ADM0_A3_DE": "MNG", "ADM0_A3_GB": "MNG", "ADM0_A3_BR": "MNG", "ADM0_A3_IL": "MNG", "ADM0_A3_PS": "MNG", "ADM0_A3_SA": "MNG", "ADM0_A3_EG": "MNG", "ADM0_A3_MA": "MNG", "ADM0_A3_PT": "MNG", "ADM0_A3_AR": "MNG", "ADM0_A3_JP": "MNG", "ADM0_A3_KO": "MNG", "ADM0_A3_VN": "MNG", "ADM0_A3_TR": "MNG", "ADM0_A3_ID": "MNG", "ADM0_A3_PL": "MNG", "ADM0_A3_GR": "MNG", "ADM0_A3_IT": "MNG", "ADM0_A3_NL": "MNG", "ADM0_A3_SE": "MNG", "ADM0_A3_BD": "MNG", "ADM0_A3_UA": "MNG", "ADM0_A3_UN": -99, "ADM0_A3_WB": -99, "CONTINENT": "Asia", "REGION_UN": "Asia", "SUBREGION": "Eastern Asia", "REGION_WB": "East Asia & Pacific", "NAME_LEN": 8, "LONG_LEN": 8, "ABBREV_LEN": 5, "TINY": -99, "HOMEPART": 1, "MIN_ZOOM": 0, "MIN_LABEL": 3, "MAX_LABEL": 7, "LABEL_X": 104.150405, "LABEL_Y": 45.997488, "NE_ID": 1159321071, "WIKIDATAID": "Q711", "NAME_AR": "\u0645\u0646\u063a\u0648\u0644\u064a\u0627", "NAME_BN": "\u09ae\u0999\u09cd\u0997\u09cb\u09b2\u09bf\u09af\u09bc\u09be", "NAME_DE": "Mongolei", "NAME_EN": "Mongolia", "NAME_ES": "Mongolia", "NAME_FA": "\u0645\u063a\u0648\u0644\u0633\u062a\u0627\u0646", "NAME_FR": "Mongolie", "NAME_EL": "\u039c\u03bf\u03b3\u03b3\u03bf\u03bb\u03af\u03b1", "NAME_HE": "\u05de\u05d5\u05e0\u05d2\u05d5\u05dc\u05d9\u05d4", "NAME_HI": "\u092e\u0902\u0917\u094b\u0932\u093f\u092f\u093e", "NAME_HU": "Mong\u00f3lia", "NAME_ID": "Mongolia", "NAME_IT": "Mongolia", "NAME_JA": "\u30e2\u30f3\u30b4\u30eb\u56fd", "NAME_KO": "\ubabd\uace8", "NAME_NL": "Mongoli\u00eb", "NAME_PL": "Mongolia", "NAME_PT": "Mong\u00f3lia", "NAME_RU": "\u041c\u043e\u043d\u0433\u043e\u043b\u0438\u044f", "NAME_SV": "Mongoliet", "NAME_TR": "Mo\u011folistan", "NAME_UK": "\u041c\u043e\u043d\u0433\u043e\u043b\u0456\u044f", "NAME_UR": "\u0645\u0646\u06af\u0648\u0644\u06cc\u0627", "NAME_VI": "M\u00f4ng C\u1ed5", "NAME_ZH": "\u8499\u53e4\u56fd", "NAME_ZHT": "\u8499\u53e4\u570b", "FCLASS_ISO": "Admin-0 country", "TLC_DIFF": null, "FCLASS_TLC": "Admin-0 country", "FCLASS_US": null, "FCLASS_FR": null, "FCLASS_RU": null, "FCLASS_ES": null, "FCLASS_CN": null, "FCLASS_TW": null, "FCLASS_IN": null, "FCLASS_NP": null, "FCLASS_PK": null, "FCLASS_DE": null, "FCLASS_GB": null, "FCLASS_BR": null, "FCLASS_IL": null, "FCLASS_PS": null, "FCLASS_SA": null, "FCLASS_EG": null, "FCLASS_MA": null, "FCLASS_PT": null, "FCLASS_AR": null, "FCLASS_JP": null, "FCLASS_KO": null, "FCLASS_VN": null, "FCLASS_TR": null, "FCLASS_ID": null, "FCLASS_PL": null, "FCLASS_GR": null, "FCLASS_IT": null, "FCLASS_NL": null, "FCLASS_SE": null, "FCLASS_BD": null, "FCLASS_UA": null}, "bbox": [87.751264, 41.59741, 119.772824, 52.047366], "geometry": {"type": "Polygon", "coordinates": [[[87.751264, 49.297198], [97.25976, 49.72605], [103.676545, 50.089966], [111.581231, 49.377968], [115.742837, 47.726545], [117.421701, 46.672733], [111.667737, 44.073176], [104.522282, 41.908347], [95.306875, 44.241331], [88.854298, 48.069082], [87.751264, 49.297198]]]}}, {"type": "Feature", "properties": {"featurecla": "Admin-0 country", "scalerank": 1, "LABELRANK": 2, "SOVEREIGNT": "India", "SOV_A3": "IND", "ADM0_DIF": 0, "LEVEL": 2, "TYPE": "Sovereign country", "TLC": "1", "ADMIN": "India", "ADM0_A3": "IND", "GEOU_DIF": 0, "GEOUNIT": "India", "GU_A3": "IND", "SU_DIF": 0, "SUBUNIT": "India", "SU_A3": "IND", "BRK_DIFF": 0, "NAME": "India", "NAME_LONG": "India", "BRK_A3": "IND", "BRK_NAME": "India", "BRK_GROUP": null, "ABBREV": "India", "POSTAL": "IND", "FORMAL_EN": "Republic of India", "FORMAL_FR": null, "NAME_CIAWF": "India", "NOTE_ADM0": null, "NOTE_BRK": null, "NAME_SORT": "India", "NAME_ALT": null, "MAPCOLOR7": 1, "MAPCOLOR8": 3, "MAPCOLOR9": 2, "MAPCOLOR13": 2, "POP_EST": 1366417754, "POP_RANK": 18, "POP_YEAR": 2019, "GDP_MD": 2868929, "GDP_YEAR": 2019, "ECONOMY": "3. Emerging region: BRIC", "INCOME_GRP": "4. Lower middle income", "FIPS_10": "IN", "ISO_A2": "IN", "ISO_A2_EH": "IN", "ISO_A3": "IND", "ISO_A3_EH": "IND", "ISO_N3": "356", "ISO_N3_EH": "356", "UN_A3": "356", "WB_A2": "IN", "WB_A3": "IND", "WOE_ID": 23424848, "WOE_ID_EH": 23424848, "WOE_NOTE": "Exact WOE match as country", "ADM0_ISO": "IND", "ADM0_DIFF": null, "ADM0_TLC": "IND", "ADM0_A3_US": "IND", "ADM0_A3_FR": "IND", "ADM0_A3_RU": "IND", "ADM0_A3_ES": "IND", "ADM0_A3_CN": "IND", "ADM0_A3_TW": "IND", "ADM0_A3_IN": "IND", "ADM0_A3_NP": "IND", "ADM0_A3_PK": "IND", "ADM0_A3_DE": "IND", "ADM0_A3_GB": "IND", "ADM0_A3_BR": "IND", "ADM0_A3_IL": "IND", "ADM0_A3_PS": "IND", "ADM0_A3_SA": "IND", "ADM0_A3_EG": "IND", "ADM0_A3_MA": "IND", "ADM0_A3_PT": "IND", "ADM0_A3_AR": "IND", "ADM0_A3_JP": "IND", "ADM0_A3_KO": "IND", "ADM0_A3_VN": "IND", "ADM0_A3_TR": "IND", "ADM0_A3_ID": "IND", "ADM0_A3_PL": "IND", "ADM0_A3_GR": "IND", "ADM0_A3_IT": "IND", "ADM0_A3_NL": "IND", "ADM0_A3_SE": "IND", "ADM0_A3_BD": "IND", "ADM0_A3_UA": "IND", "ADM0_A3_UN": -99, "ADM0_A3_WB": -99, "CONTINENT": "Asia", "REGION_UN": "Asia", "SUBREGION": "Southern Asia", "REGION_WB": "South Asia", "NAME_LEN": 5, "LONG_LEN": 5, "ABBREV_LEN": 5, "TINY": -99, "HOMEPART": 1, "MIN_ZOOM": 0, "MIN_LABEL": 1.7, "MAX_LABEL": 6.7, "LABEL_X": 79.358105, "LABEL_Y": 22.686852, "NE_ID": 1159320847, "WIKIDATAID": "Q668", "NAME_AR": "\u0627\u0644\u0647\u0646\u062f", "NAME_BN": "\u09ad\u09be\u09b0\u09a4", "NAME_DE": "Indien", "NAME_EN": "India", "NAME_ES": "India", "NAME_FA": "\u0647\u0646\u062f", "NAME_FR": "Inde", "NAME_EL": "\u0399\u03bd\u03b4\u03af\u03b1", "NAME_HE": "\u05d4\u05d5\u05d3\u05d5", "NAME_HI": "\u092d\u093e\u0930\u0924", "NAME_HU": "India", "NAME_ID": "India", "NAME_IT": "India", "NAME_JA": "\u30a4\u30f3\u30c9", "NAME_KO": "\uc778\ub3c4", "NAME_NL": "India", "NAME_PL": "Indie", "NAME_PT": "\u00cdndia", "NAME_RU": "\u0418\u043d\u0434\u0438\u044f", "NAME_SV": "Indien", "NAME_TR": "Hindistan", "NAME_UK": "\u0406\u043d\u0434\u0456\u044f", "NAME_UR": "\u0628\u06be\u0627\u0631\u062a", "NAME_VI": "\u1ea4n \u0110\u1ed9", "NAME_ZH": "\u5370\u5ea6", "NAME_ZHT": "\u5370\u5ea6", "FCLASS_ISO": "Admin-0 country", "TLC_DIFF": null, "FCLASS_TLC": "Admin-0 country", "FCLASS_US": null, "FCLASS_FR": null, "FCLASS_RU": null, "FCLASS_ES": null, "FCLASS_CN": null, "FCLASS_TW": null, "FCLASS_IN": null, "FCLASS_NP": null, "FCLASS_PK": null, "FCLASS_DE": null, "FCLASS_GB": null, "FCLASS_BR": null, "FCLASS_IL": null, "FCLASS_PS": null, "FCLASS_SA": null, "FCLASS_EG": null, "FCLASS_MA": null, "FCLASS_PT": null, "FCLASS_AR": null, "FCLASS_JP": null, "FCLASS_KO": null, "FCLASS_VN": null, "FCLASS_TR": null, "FCLASS_ID": null, "FCLASS_PL": null, "FCLASS_GR": null, "FCLASS_IT": null, "FCLASS_NL": null, "FCLASS_SE": null, "FCLASS_BD": null, "FCLASS_UA": null}, "bbox": [68.176645, 7.965535, 97.402561, 35.49401], "geometry": {"type": "Polygon", "coordinates": [[[97.327114, 28.261583], [94.552658, 24.675238], [91.869928, 23.624346], [89.920693, 25.26975], [88.69994, 24.233715], [86.499351, 20.151638], [80.324896, 15.899185], [79.18972, 9.216544], [74.864816, 12.741936], [71.175273, 20.757441], [70.844699, 25.215102], [74.42138, 30.979815], [76.871722, 34.653544], [79.721367, 30.882715], [85.251779, 26.726198], [88.814248, 27.299316], [92.503119, 27.896876], [97.327114, 28.261583]]]}}, {"type": "Feature", "properties": {"featurecla": "Admin-0 country", "scalerank": 1, "LABELRANK": 3, "SOVEREIGNT": "Bangladesh", "SOV_A3": "BGD", "ADM0_DIF": 0, "LEVEL": 2, "TYPE": "Sovereign country", "TLC": "1", "ADMIN": "Bangladesh", "ADM0_A3": "BGD", "GEOU_DIF": 0, "GEOUNIT": "Bangladesh", "GU_A3": "BGD", "SU_DIF": 0, "SUBUNIT": "Bangladesh", "SU_A3": "BGD", "BRK_DIFF": 0, "NAME": "Bangladesh", "NAME_LONG": "Bangladesh", "BRK_A3": "BGD", "BRK_NAME": "Bangladesh", "BRK_GROUP": null, "ABBREV": "Bang.", "POSTAL": "BD", "FORMAL_EN": "People's Republic of Bangladesh", "FORMAL_FR": null, "NAME_CIAWF": "Bangladesh", "NOTE_ADM0": null, "NOTE_BRK": null, "NAME_SORT": "Bangladesh", "NAME_ALT": null, "MAPCOLOR7": 3, "MAPCOLOR8": 4, "MAPCOLOR9": 7, "MAPCOLOR13": 7, "POP_EST": 163046161, "POP_RANK": 17, "POP_YEAR": 2019, "GDP_MD": 302571, "GDP_YEAR": 2019, "ECONOMY": "7. Least developed region", "INCOME_GRP": "5. Low income", "FIPS_10": "BG", "ISO_A2": "BD", "ISO_A2_EH": "BD", "ISO_A3": "BGD", "ISO_A3_EH": "BGD", "ISO_N3": "050", "ISO_N3_EH": "050", "UN_A3": "050", "WB_A2": "BD", "WB_A3": "BGD", "WOE_ID": 23424759, "WOE_ID_EH": 23424759, "WOE_NOTE": "Exact WOE match as country", "ADM0_ISO": "BGD", "ADM0_DIFF": null, "ADM0_TLC": "BGD", "ADM0_A3_US": "BGD", "ADM0_A3_FR": "BGD", "ADM0_A3_RU": "BGD", "ADM0_A3_ES": "BGD", "ADM0_A3_CN": "BGD", "ADM0_A3_TW": "BGD", "ADM0_A3_IN": "BGD", "ADM0_A3_NP": "BGD", "ADM0_A3_PK": "BGD", "ADM0_A3_DE": "BGD", "ADM0_A3_GB": "BGD", "ADM0_A3_BR": "BGD", "ADM0_A3_IL": "BGD", "ADM0_A3_PS": "BGD", "ADM0_A3_SA": "BGD", "ADM0_A3_EG": "BGD", "ADM0_A3_MA": "BGD", "ADM0_A3_PT": "BGD", "ADM0_A3_AR": "BGD", "ADM0_A3_JP": "BGD", "ADM0_A3_KO": "BGD", "ADM0_A3_VN": "BGD", "ADM0_A3_TR": "BGD", "ADM0_A3_ID": "BGD", "ADM0_A3_PL": "BGD", "ADM0_A3_GR": "BGD", "ADM0_A3_IT": "BGD", "ADM0_A3_NL": "BGD", "ADM0_A3_SE": "BGD", "ADM0_A3_BD": "BGD", "ADM0_A3_UA": "BGD", "ADM0_A3_UN": -99, "ADM0_A3_WB": -99, "CONTINENT": "Asia", "REGION_UN": "Asia", "SUBREGION": "Southern Asia", "REGION_WB": "South Asia", "NAME_LEN": 10, "LONG_LEN": 10, "ABBREV_LEN": 5, "TINY": -99, "HOMEPART": 1, "MIN_ZOOM": 0, "MIN_LABEL": 3, "MAX_LABEL": 8, "LABEL_X": 89.684963, "LABEL_Y": 24.214956, "NE_ID": 1159320407, "WIKIDATAID": "Q902", "NAME_AR": "\u0628\u0646\u063a\u0644\u0627\u062f\u064a\u0634", "NAME_BN": "\u09ac\u09be\u0982\u09b2\u09be\u09a6\u09c7\u09b6", "NAME_DE": "Bangladesch", "NAME_EN": "Bangladesh", "NAME_ES": "Banglad\u00e9s", "NAME_FA": "\u0628\u0646\u06af\u0644\u0627\u062f\u0634", "NAME_FR": "Bangladesh", "NAME_EL": "\u039c\u03c0\u03b1\u03bd\u03b3\u03ba\u03bb\u03b1\u03bd\u03c4\u03ad\u03c2", "NAME_HE": "\u05d1\u05e0\u05d2\u05dc\u05d3\u05e9", "NAME_HI": "\u092c\u093e\u0902\u0917\u094d\u0932\u093e\u0926\u0947\u0936", "NAME_HU": "Banglades", "NAME_ID": "Bangladesh", "NAME_IT": "Bangladesh", "NAME_JA": "\u30d0\u30f3\u30b0\u30e9\u30c7\u30b7\u30e5", "NAME_KO": "\ubc29\uae00\ub77c\ub370\uc2dc", "NAME_NL": "Bangladesh", "NAME_PL": "Bangladesz", "NAME_PT": "Bangladesh", "NAME_RU": "\u0411\u0430\u043d\u0433\u043b\u0430\u0434\u0435\u0448", "NAME_SV": "Bangladesh", "NAME_TR": "Banglade\u015f", "NAME_UK": "\u0411\u0430\u043d\u0433\u043b\u0430\u0434\u0435\u0448", "NAME_UR": "\u0628\u0646\u06af\u0644\u06c1 \u062f\u06cc\u0634", "NAME_VI": "Bangladesh", "NAME_ZH": "\u5b5f\u52a0\u62c9\u56fd", "NAME_ZHT": "\u5b5f\u52a0\u62c9", "FCLASS_ISO": "Admin-0 country", "TLC_DIFF": null, "FCLASS_TLC": "Admin-0 country", "FCLASS_US": null, "FCLASS_FR": null, "FCLASS_RU": null, "FCLASS_ES": null, "FCLASS_CN": null, "FCLASS_TW": null, "FCLASS_IN": null, "FCLASS_NP": null, "FCLASS_PK": null, "FCLASS_DE": null, "FCLASS_GB": null, "FCLASS_BR": null, "FCLASS_IL": null, "FCLASS_PS": null, "FCLASS_SA": null, "FCLASS_EG": null, "FCLASS_MA": null, "FCLASS_PT": null, "FCLASS_AR": null, "FCLASS_JP": null, "FCLASS_KO": null, "FCLASS_VN": null, "FCLASS_TR": null, "FCLASS_ID": null, "FCLASS_PL": null, "FCLASS_GR": null, "FCLASS_IT": null, "FCLASS_NL": null, "FCLASS_SE": null, "FCLASS_BD": null, "FCLASS_UA": null}, "bbox": [88.084422, 20.670883, 92.672721, 26.446526], "geometry": {"type": "Polygon", "coordinates": [[[92.672721, 22.041239], [90.496006, 22.805017], [88.52977, 23.631142], [89.832481, 25.965082], [91.706475, 22.985264], [92.672721, 22.041239]]]}}, {"type": "Feature", "properties": {"featurecla": "Admin-0 country", "scalerank": 1, "LABELRANK": 5, "SOVEREIGNT": "Bhutan", "SOV_A3": "BTN", "ADM0_DIF": 0, "LEVEL": 2, "TYPE": "Sovereign country", "TLC": "1", "ADMIN": "Bhutan", "ADM0_A3": "BTN", "GEOU_DIF": 0, "GEOUNIT": "Bhutan", "GU_A3": "BTN", "SU_DIF": 0, "SUBUNIT": "Bhutan", "SU_A3": "BTN", "BRK_DIFF": 0, "NAME": "Bhutan", "NAME_LONG": "Bhutan", "BRK_A3": "BTN", "BRK_NAME": "Bhutan", "BRK_GROUP": null, "ABBREV": "Bhutan", "POSTAL": "BT", "FORMAL_EN": "Kingdom of Bhutan", "FORMAL_FR": null, "NAME_CIAWF": "Bhutan", "NOTE_ADM0": null, "NOTE_BRK": null, "NAME_SORT": "Bhutan", "NAME_ALT": null, "MAPCOLOR7": 5, "MAPCOLOR8": 6, "MAPCOLOR9": 1, "MAPCOLOR13": 8, "POP_EST": 763092, "POP_RANK": 11, "POP_YEAR": 2019, "GDP_MD": 2530, "GDP_YEAR": 2019, "ECONOMY": "7. Least developed region", "INCOME_GRP": "4. Lower middle income", "FIPS_10": "BT", "ISO_A2": "BT", "ISO_A2_EH": "BT", "ISO_A3": "BTN", "ISO_A3_EH": "BTN", "ISO_N3": "064", "ISO_N3_EH": "064", "UN_A3": "064", "WB_A2": "BT", "WB_A3": "BTN", "WOE_ID": 23424770, "WOE_ID_EH": 23424770, "WOE_NOTE": "Exact WOE match as country", "ADM0_ISO": "BTN", "ADM0_DIFF": null, "ADM0_TLC": "BTN", "ADM0_A3_US": "BTN", "ADM0_A3_FR": "BTN", "ADM0_A3_RU": "BTN", "ADM0_A3_ES": "BTN", "ADM0_A3_CN": "BTN", "ADM0_A3_TW": "BTN", "ADM0_A3_IN": "BTN", "ADM0_A3_NP": "BTN", "ADM0_A3_PK": "BTN", "ADM0_A3_DE": "BTN", "ADM0_A3_GB": "BTN", "ADM0_A3_BR": "BTN", "ADM0_A3_IL": "BTN", "ADM0_A3_PS": "BTN", "ADM0_A3_SA": "BTN", "ADM0_A3_EG": "BTN", "ADM0_A3_MA": "BTN", "ADM0_A3_PT": "BTN", "ADM0_A3_AR": "BTN", "ADM0_A3_JP": "BTN", "ADM0_A3_KO": "BTN", "ADM0_A3_VN": "BTN", "ADM0_A3_TR": "BTN", "ADM0_A3_ID": "BTN", "ADM0_A3_PL": "BTN", "ADM0_A3_GR": "BTN", "ADM0_A3_IT": "BTN", "ADM0_A3_NL": "BTN", "ADM0_A3_SE": "BTN", "ADM0_A3_BD": "BTN", "ADM0_A3_UA": "BTN", "ADM0_A3_UN": -99, "ADM0_A3_WB": -99, "CONTINENT": "Asia", "REGION_UN": "Asia", "SUBREGION": "Southern Asia", "REGION_WB": "South Asia", "NAME_LEN": 6, "LONG_LEN": 6, "ABBREV_LEN": 6, "TINY": -99, "HOMEPART": 1, "MIN_ZOOM": 0, "MIN_LABEL": 4, "MAX_LABEL": 9, "LABEL_X": 90.040294, "LABEL_Y": 27.536685, "NE_ID": 1159320453, "WIKIDATAID": "Q917", "NAME_AR": "\u0628\u0648\u062a\u0627\u0646", "NAME_BN": "\u09ad\u09c1\u099f\u09be\u09a8", "NAME_DE": "Bhutan", "NAME_EN": "Bhutan", "NAME_ES": "But\u00e1n", "NAME_FA": "\u0628\u0648\u062a\u0627\u0646", "NAME_FR": "Bhoutan", "NAME_EL": "\u039c\u03c0\u03bf\u03c5\u03c4\u03ac\u03bd", "NAME_HE": "\u05d1\u05d4\u05d5\u05d8\u05df", "NAME_HI": "\u092d\u0942\u091f\u093e\u0928", "NAME_HU": "Bhut\u00e1n", "NAME_ID": "Bhutan", "NAME_IT": "Bhutan", "NAME_JA": "\u30d6\u30fc\u30bf\u30f3", "NAME_KO": "\ubd80\ud0c4", "NAME_NL": "Bhutan", "NAME_PL": "Bhutan", "NAME_PT": "But\u00e3o", "NAME_RU": "\u0411\u0443\u0442\u0430\u043d", "NAME_SV": "Bhutan", "NAME_TR": "Bhutan", "NAME_UK": "\u0411\u0443\u0442\u0430\u043d", "NAME_UR": "\u0628\u06be\u0648\u0679\u0627\u0646", "NAME_VI": "Bhutan", "NAME_ZH": "\u4e0d\u4e39", "NAME_ZHT": "\u4e0d\u4e39", "FCLASS_ISO": "Admin-0 country", "TLC_DIFF": null, "FCLASS_TLC": "Admin-0 country", "FCLASS_US": null, "FCLASS_FR": null, "FCLASS_RU": null, "FCLASS_ES": null, "FCLASS_CN": null, "FCLASS_TW": null, "FCLASS_IN": null, "FCLASS_NP": null, "FCLASS_PK": null, "FCLASS_DE": null, "FCLASS_GB": null, "FCLASS_BR": null, "FCLASS_IL": null, "FCLASS_PS": null, "FCLASS_SA": null, "FCLASS_EG": null, "FCLASS_MA": null, "FCLASS_PT": null, "FCLASS_AR": null, "FCLASS_JP": null, "FCLASS_KO": null, "FCLASS_VN": null, "FCLASS_TR": null, "FCLASS_ID": null, "FCLASS_PL": null, "FCLASS_GR": null, "FCLASS_IT": null, "FCLASS_NL": null, "FCLASS_SE": null, "FCLASS_BD": null, "FCLASS_UA": null}, "bbox": [88.814248, 26.719403, 92.103712, 28.296439], "geometry": {"type": "Polygon", "coordinates": [[[91.696657, 27.771742], [89.47581, 28.042759], [91.696657, 27.771742]]]}}, {"type": "Feature", "properties": {"featurecla": "Admin-0 country", "scalerank": 1, "LABELRANK": 3, "SOVEREIGNT": "Nepal", "SOV_A3": "NPL", "ADM0_DIF": 0, "LEVEL": 2, "TYPE": "Sovereign country", "TLC": "1", "ADMIN": "Nepal", "ADM0_A3": "NPL", "GEOU_DIF": 0, "GEOUNIT": "Nepal", "GU_A3": "NPL", "SU_DIF": 0, "SUBUNIT": "Nepal", "SU_A3": "NPL", "BRK_DIFF": 0, "NAME": "Nepal", "NAME_LONG": "Nepal", "BRK_A3": "NPL", "BRK_NAME": "Nepal", "BRK_GROUP": null, "ABBREV": "Nepal", "POSTAL": "NP", "FORMAL_EN": "Nepal", "FORMAL_FR": null, "NAME_CIAWF": "Nepal", "NOTE_ADM0": null, "NOTE_BRK": null, "NAME_SORT": "Nepal", "NAME_ALT": null, "MAPCOLOR7": 2, "MAPCOLOR8": 2, "MAPCOLOR9": 3, "MAPCOLOR13": 12, "POP_EST": 28608710, "POP_RANK": 15, "POP_YEAR": 2019, "GDP_MD": 30641, "GDP_YEAR": 2019, "ECONOMY": "7. Least developed region", "INCOME_GRP": "5. Low income", "FIPS_10": "NP", "ISO_A2": "NP", "ISO_A2_EH": "NP", "ISO_A3": "NPL", "ISO_A3_EH": "NPL", "ISO_N3": "524", "ISO_N3_EH": "524", "UN_A3": "524", "WB_A2": "NP", "WB_A3": "NPL", "WOE_ID": 23424911, "WOE_ID_EH": 23424911, "WOE_NOTE": "Exact WOE match as country", "ADM0_ISO": "NPL", "ADM0_DIFF": null, "ADM0_TLC": "NPL", "ADM0_A3_US": "NPL", "ADM0_A3_FR": "NPL", "ADM0_A3_RU": "NPL", "ADM0_A3_ES": "NPL", "ADM0_A3_CN": "NPL", "ADM0_A3_TW": "NPL", "ADM0_A3_IN": "NPL", "ADM0_A3_NP": "NPL", "ADM0_A3_PK": "NPL", "ADM0_A3_DE": "NPL", "ADM0_A3_GB": "NPL", "ADM0_A3_BR": "NPL", "ADM0_A3_IL": "NPL", "ADM0_A3_PS": "NPL", "ADM0_A3_SA": "NPL", "ADM0_A3_EG": "NPL", "ADM0_A3_MA": "NPL", "ADM0_A3_PT": "NPL", "ADM0_A3_AR": "NPL", "ADM0_A3_JP": "NPL", "ADM0_A3_KO": "NPL", "ADM0_A3_VN": "NPL", "ADM0_A3_TR": "NPL", "ADM0_A3_ID": "NPL", "ADM0_A3_PL": "NPL", "ADM0_A3_GR": "NPL", "ADM0_A3_IT": "NPL", "ADM0_A3_NL": "NPL", "ADM0_A3_SE": "NPL", "ADM0_A3_BD": "NPL", "ADM0_A3_UA": "NPL", "ADM0_A3_UN": -99, "ADM0_A3_WB": -99, "CONTINENT": "Asia", "REGION_UN": "Asia", "SUBREGION": "Southern Asia", "REGION_WB": "South Asia", "NAME_LEN": 5, "LONG_LEN": 5, "ABBREV_LEN": 5, "TINY": -99, "HOMEPART": 1, "MIN_ZOOM": 0, "MIN_LABEL": 3, "MAX_LABEL": 8, "LABEL_X": 83.639914, "LABEL_Y": 28.297925, "NE_ID": 1159321121, "WIKIDATAID": "Q837", "NAME_AR": "\u0646\u064a\u0628\u0627\u0644", "NAME_BN": "\u09a8\u09c7\u09aa\u09be\u09b2", "NAME_DE": "Nepal", "NAME_EN": "Nepal", "NAME_ES": "Nepal", "NAME_FA": "\u0646\u067e\u0627\u0644", "NAME_FR": "N\u00e9pal", "NAME_EL": "\u039d\u03b5\u03c0\u03ac\u03bb", "NAME_HE": "\u05e0\u05e4\u05d0\u05dc", "NAME_HI": "\u0928\u0947\u092a\u093e\u0932", "NAME_HU": "Nep\u00e1l", "NAME_ID": "Nepal", "NAME_IT": "Nepal", "NAME_JA": "\u30cd\u30d1\u30fc\u30eb", "NAME_KO": "\ub124\ud314", "NAME_NL": "Nepal", "NAME_PL": "Nepal", "NAME_PT": "Nepal", "NAME_RU": "\u041d\u0435\u043f\u0430\u043b", "NAME_SV": "Nepal", "NAME_TR": "Nepal", "NAME_UK": "\u041d\u0435\u043f\u0430\u043b", "NAME_UR": "\u0646\u06cc\u067e\u0627\u0644", "NAME_VI": "Nepal", "NAME_ZH": "\u5c3c\u6cca\u5c14", "NAME_ZHT": "\u5c3c\u6cca\u723e", "FCLASS_ISO": "Admin-0 country", "TLC_DIFF": null, "FCLASS_TLC": "Admin-0 country", "FCLASS_US": null, "FCLASS_FR": null, "FCLASS_RU": null, "FCLASS_ES": null, "FCLASS_CN": null, "FCLASS_TW": null, "FCLASS_IN": null, "FCLASS_NP": null, "FCLASS_PK": null, "FCLASS_DE": null, "FCLASS_GB": null, "FCLASS_BR": null, "FCLASS_IL": null, "FCLASS_PS": null, "FCLASS_SA": null, "FCLASS_EG": null, "FCLASS_MA": null, "FCLASS_PT": null, "FCLASS_AR": null, "FCLASS_JP": null, "FCLASS_KO": null, "FCLASS_VN": null, "FCLASS_TR": null, "FCLASS_ID": null, "FCLASS_PL": null, "FCLASS_GR": null, "FCLASS_IT": null, "FCLASS_NL": null, "FCLASS_SE": null, "FCLASS_BD": null, "FCLASS_UA": null}, "bbox": [80.088425, 26.397898, 88.174804, 30.422717], "geometry": {"type": "Polygon", "coordinates": [[[88.120441, 27.876542], [83.304249, 27.364506], [83.337115, 29.463732], [88.120441, 27.876542]]]}}, {"type": "Feature", "properties": {"featurecla": "Admin-0 country", "scalerank": 1, "LABELRANK": 2, "SOVEREIGNT": "Pakistan", "SOV_A3": "PAK", "ADM0_DIF": 0, "LEVEL": 2, "TYPE": "Sovereign country", "TLC": "1", "ADMIN": "Pakistan", "ADM0_A3": "PAK", "GEOU_DIF": 0, "GEOUNIT": "Pakistan", "GU_A3": "PAK", "SU_DIF": 0, "SUBUNIT": "Pakistan", "SU_A3": "PAK", "BRK_DIFF": 0, "NAME": "Pakistan", "NAME_LONG": "Pakistan", "BRK_A3": "PAK", "BRK_NAME": "Pakistan", "BRK_GROUP": null, "ABBREV": "Pak.", "POSTAL": "PK", "FORMAL_EN": "Islamic Republic of Pakistan", "FORMAL_FR": null, "NAME_CIAWF": "Pakistan", "NOTE_ADM0": null, "NOTE_BRK": null, "NAME_SORT": "Pakistan", "NAME_ALT": null, "MAPCOLOR7": 2, "MAPCOLOR8": 2, "MAPCOLOR9": 3, "MAPCOLOR13": 11, "POP_EST": 216565318, "POP_RANK": 17, "POP_YEAR": 2019, "GDP_MD": 278221, "GDP_YEAR": 2019, "ECONOMY": "5. Emerging region: G20", "INCOME_GRP": "4. Lower middle income", "FIPS_10": "PK", "ISO_A2": "PK", "ISO_A2_EH": "PK", "ISO_A3": "PAK", "ISO_A3_EH": "PAK", "ISO_N3": "586", "ISO_N3_EH": "586", "UN_A3": "586", "WB_A2": "PK", "WB_A3": "PAK", "WOE_ID": 23424922, "WOE_ID_EH": 23424922, "WOE_NOTE": "Exact WOE match as country", "ADM0_ISO": "PAK", "ADM0_DIFF": null, "ADM0_TLC": "PAK", "ADM0_A3_US": "PAK", "ADM0_A3_FR": "PAK", "ADM0_A3_RU": "PAK", "ADM0_A3_ES": "PAK", "ADM0_A3_CN": "PAK", "ADM0_A3_TW": "PAK", "ADM0_A3_IN": "PAK", "ADM0_A3_NP": "PAK", "ADM0_A3_PK": "PAK", "ADM0_A3_DE": "PAK", "ADM0_A3_GB": "PAK", "ADM0_A3_BR": "PAK", "ADM0_A3_IL": "PAK", "ADM0_A3_PS": "PAK", "ADM0_A3_SA": "PAK", "ADM0_A3_EG": "PAK", "ADM0_A3_MA": "PAK", "ADM0_A3_PT": "PAK", "ADM0_A3_AR": "PAK", "ADM0_A3_JP": "PAK", "ADM0_A3_KO": "PAK", "ADM0_A3_VN": "PAK", "ADM0_A3_TR": "PAK", "ADM0_A3_ID": "PAK", "ADM0_A3_PL": "PAK", "ADM0_A3_GR": "PAK", "ADM0_A3_IT": "PAK", "ADM0_A3_NL": "PAK", "ADM0_A3_SE": "PAK", "ADM0_A3_BD": "PAK", "ADM0_A3_UA": "PAK", "ADM0_A3_UN": -99, "ADM0_A3_WB": -99, "CONTINENT": "Asia", "REGION_UN": "Asia", "SUBREGION": "Southern Asia", "REGION_WB": "South Asia", "NAME_LEN": 8, "LONG_LEN": 8, "ABBREV_LEN": 4, "TINY": -99, "HOMEPART": 1, "MIN_ZOOM": 0, "MIN_LABEL": 2.7, "MAX_LABEL": 7, "LABEL_X": 68.545632, "LABEL_Y": 29.328389, "NE_ID": 1159321153, "WIKIDATAID": "Q843", "NAME_AR": "\u0628\u0627\u0643\u0633\u062a\u0627\u0646", "NAME_BN": "\u09aa\u09be\u0995\u09bf\u09b8\u09cd\u09a4\u09be\u09a8", "NAME_DE": "Pakistan", "NAME_EN": "Pakistan", "NAME_ES": "Pakist\u00e1n", "NAME_FA": "\u067e\u0627\u06a9\u0633\u062a\u0627\u0646", "NAME_FR": "Pakistan", "NAME_EL": "\u03a0\u03b1\u03ba\u03b9\u03c3\u03c4\u03ac\u03bd", "NAME_HE": "\u05e4\u05e7\u05d9\u05e1\u05d8\u05df", "NAME_HI": "\u092a\u093e\u0915\u093f\u0938\u094d\u0924\u093e\u0928", "NAME_HU": "Pakiszt\u00e1n", "NAME_ID": "Pakistan", "NAME_IT": "Pakistan", "NAME_JA": "\u30d1\u30ad\u30b9\u30bf\u30f3", "NAME_KO": "\ud30c\ud0a4\uc2a4\ud0c4", "NAME_NL": "Pakistan", "NAME_PL": "Pakistan", "NAME_PT": "Paquist\u00e3o", "NAME_RU": "\u041f\u0430\u043a\u0438\u0441\u0442\u0430\u043d", "NAME_SV": "Pakistan", "NAME_TR": "Pakistan", "NAME_UK": "\u041f\u0430\u043a\u0438\u0441\u0442\u0430\u043d", "NAME_UR": "\u067e\u0627\u06a9\u0633\u062a\u0627\u0646", "NAME_VI": "Pakistan", "NAME_ZH": "\u5df4\u57fa\u65af\u5766", "NAME_ZHT": "\u5df4\u57fa\u65af\u5766", "FCLASS_ISO": "Admin-0 country", "TLC_DIFF": null, "FCLASS_TLC": "Admin-0 country", "FCLASS_US": null, "FCLASS_FR": null, "FCLASS_RU": null, "FCLASS_ES": null, "FCLASS_CN": null, "FCLASS_TW": null, "FCLASS_IN": null, "FCLASS_NP": null, "FCLASS_PK": null, "FCLASS_DE": null, "FCLASS_GB": null, "FCLASS_BR": null, "FCLASS_IL": null, "FCLASS_PS": null, "FCLASS_SA": null, "FCLASS_EG": null, "FCLASS_MA": null, "FCLASS_PT": null, "FCLASS_AR": null, "FCLASS_JP": null, "FCLASS_KO": null, "FCLASS_VN": null, "FCLASS_TR": null, "FCLASS_ID": null, "FCLASS_PL": null, "FCLASS_GR": null, "FCLASS_IT": null, "FCLASS_NL": null, "FCLASS_SE": null, "FCLASS_BD": null, "FCLASS_UA": null}, "bbox": [60.874248, 23.691965, 77.837451, 37.133031], "geometry": {"type": "Polygon", "coordinates": [[[77.837451, 35.49401], [74.405929, 31.692639], [70.282873, 25.722229], [64.530408, 25.237039], [61.771868, 28.699334], [66.346473, 29.887943], [69.262522, 32.501944], [71.498768, 35.650563], [76.192848, 35.898403], [77.837451, 35.49401]]]}}, {"type": "Feature", "properties": {"featurecla": "Admin-0 country", "scalerank": 1, "LABELRANK": 3, "SOVEREIGNT": "Afghanistan", "SOV_A3": "AFG", "ADM0_DIF": 0, "LEVEL": 2, "TYPE": "Sovereign country", "TLC": "1", "ADMIN": "Afghanistan", "ADM0_A3": "AFG", "GEOU_DIF": 0, "GEOUNIT": "Afghanistan", "GU_A3": "AFG", "SU_DIF": 0, "SUBUNIT": "Afghanistan", "SU_A3": "AFG", "BRK_DIFF": 0, "NAME": "Afghanistan", "NAME_LONG": "Afghanistan", "BRK_A3": "AFG", "BRK_NAME": "Afghanistan", "BRK_GROUP": null, "ABBREV": "Afg.", "POSTAL": "AF", "FORMAL_EN": "Islamic State of Afghanistan", "FORMAL_FR": null, "NAME_CIAWF": "Afghanistan", "NOTE_ADM0": null, "NOTE_BRK": null, "NAME_SORT": "Afghanistan", "NAME_ALT": null, "MAPCOLOR7": 5, "MAPCOLOR8": 6, "MAPCOLOR9": 8, "MAPCOLOR13": 7, "POP_EST": 38041754, "POP_RANK": 15, "POP_YEAR": 2019, "GDP_MD": 19291, "GDP_YEAR": 2019, "ECONOMY": "7. Least developed region", "INCOME_GRP": "5. Low income", "FIPS_10": "AF", "ISO_A2": "AF", "ISO_A2_EH": "AF", "ISO_A3": "AFG", "ISO_A3_EH": "AFG", "ISO_N3": "004", "ISO_N3_EH": "004", "UN_A3": "004", "WB_A2": "AF", "WB_A3": "AFG", "WOE_ID": 23424739, "WOE_ID_EH": 23424739, "WOE_NOTE": "Exact WOE match as country", "ADM0_ISO": "AFG", "ADM0_DIFF": null, "ADM0_TLC": "AFG", "ADM0_A3_US": "AFG", "ADM0_A3_FR": "AFG", "ADM0_A3_RU": "AFG", "ADM0_A3_ES": "AFG", "ADM0_A3_CN": "AFG", "ADM0_A3_TW": "AFG", "ADM0_A3_IN": "AFG", "ADM0_A3_NP": "AFG", "ADM0_A3_PK": "AFG", "ADM0_A3_DE": "AFG", "ADM0_A3_GB": "AFG", "ADM0_A3_BR": "AFG", "ADM0_A3_IL": "AFG", "ADM0_A3_PS": "AFG", "ADM0_A3_SA": "AFG", "ADM0_A3_EG": "AFG", "ADM0_A3_MA": "AFG", "ADM0_A3_PT": "AFG", "ADM0_A3_AR": "AFG", "ADM0_A3_JP": "AFG", "ADM0_A3_KO": "AFG", "ADM0_A3_VN": "AFG", "ADM0_A3_TR": "AFG", "ADM0_A3_ID": "AFG", "ADM0_A3_PL": "AFG", "ADM0_A3_GR": "AFG", "ADM0_A3_IT": "AFG", "ADM0_A3_NL": "AFG", "ADM0_A3_SE": "AFG", "ADM0_A3_BD": "AFG", "ADM0_A3_UA": "AFG", "ADM0_A3_UN": -99, "ADM0_A3_WB": -99, "CONTINENT": "Asia", "REGION_UN": "Asia", "SUBREGION": "Southern Asia", "REGION_WB": "South Asia", "NAME_LEN": 11, "LONG_LEN": 11, "ABBREV_LEN": 4, "TINY": -99, "HOMEPART": 1, "MIN_ZOOM": 0, "MIN_LABEL": 3, "MAX_LABEL": 7, "LABEL_X": 66.496586, "LABEL_Y": 34.164262, "NE_ID": 1159320319, "WIKIDATAID": "Q889", "NAME_AR": "\u0623\u0641\u063a\u0627\u0646\u0633\u062a\u0627\u0646", "NAME_BN": "\u0986\u09ab\u0997\u09be\u09a8\u09bf\u09b8\u09cd\u09a4\u09be\u09a8", "NAME_DE": "Afghanistan", "NAME_EN": "Afghanistan", "NAME_ES": "Afganist\u00e1n", "NAME_FA": "\u0627\u0641\u063a\u0627\u0646\u0633\u062a\u0627\u0646", "NAME_FR": "Afghanistan", "NAME_EL": "\u0391\u03c6\u03b3\u03b1\u03bd\u03b9\u03c3\u03c4\u03ac\u03bd", "NAME_HE": "\u05d0\u05e4\u05d2\u05e0\u05d9\u05e1\u05d8\u05df", "NAME_HI": "\u0905\u092b\u093c\u094d\u0917\u093e\u0928\u093f\u0938\u094d\u0924\u093e\u0928", "NAME_HU": "Afganiszt\u00e1n", "NAME_ID": "Afganistan", "NAME_IT": "Afghanistan", "NAME_JA": "\u30a2\u30d5\u30ac\u30cb\u30b9\u30bf\u30f3", "NAME_KO": "\uc544\ud504\uac00\ub2c8\uc2a4\ud0c4", "NAME_NL": "Afghanistan", "NAME_PL": "Afganistan", "NAME_PT": "Afeganist\u00e3o", "NAME_RU": "\u0410\u0444\u0433\u0430\u043d\u0438\u0441\u0442\u0430\u043d", "NAME_SV": "Afghanistan", "NAME_TR": "Afganistan", "NAME_UK": "\u0410\u0444\u0433\u0430\u043d\u0456\u0441\u0442\u0430\u043d", "NAME_UR": "\u0627\u0641\u063a\u0627\u0646\u0633\u062a\u0627\u0646", "NAME_VI": "Afghanistan", "NAME_ZH": "\u963f\u5bcc\u6c57", "NAME_ZHT": "\u963f\u5bcc\u6c57", "FCLASS_ISO": "Admin-0 country", "TLC_DIFF": null, "FCLASS_TLC": "Admin-0 country", "FCLASS_US": null, "FCLASS_FR": null, "FCLASS_RU": null, "FCLASS_ES": null, "FCLASS_CN": null, "FCLASS_TW": null, "FCLASS_IN": null, "FCLASS_NP": null, "FCLASS_PK": null, "FCLASS_DE": null, "FCLASS_GB": null, "FCLASS_BR": null, "FCLASS_IL": null, "FCLASS_PS": null, "FCLASS_SA": null, "FCLASS_EG": null, "FCLASS_MA": null, "FCLASS_PT": null, "FCLASS_AR": null, "FCLASS_JP": null, "FCLASS_KO": null, "FCLASS_VN": null, "FCLASS_TR": null, "FCLASS_ID": null, "FCLASS_PL": null, "FCLASS_GR": null, "FCLASS_IT": null, "FCLASS_NL": null, "FCLASS_SE": null, "FCLASS_BD": null, "FCLASS_UA": null}, "bbox": [60.52843, 29.318572, 75.158028, 38.486282], "geometry": {"type": "Polygon", "coordinates": [[[66.518607, 37.362784], [70.270574, 37.735165], [72.193041, 36.948288], [72.920025, 36.720007], [69.930543, 34.02012], [67.683394, 31.303154], [62.549857, 29.318572], [60.52843, 33.676446], [64.746105, 37.111818], [66.518607, 37.362784]]]}}, {"type": "Feature", "properties": {"featurecla": "Admin-0 country", "scalerank": 1, "LABELRANK": 4, "SOVEREIGNT": "Tajikistan", "SOV_A3": "TJK", "ADM0_DIF": 0, "LEVEL": 2, "TYPE": "Sovereign country", "TLC": "1", "ADMIN": "Tajikistan", "ADM0_A3": "TJK", "GEOU_DIF": 0, "GEOUNIT": "Tajikistan", "GU_A3": "TJK", "SU_DIF": 0, "SUBUNIT": "Tajikistan", "SU_A3": "TJK", "BRK_DIFF": 0, "NAME": "Tajikistan", "NAME_LONG": "Tajikistan", "BRK_A3": "TJK", "BRK_NAME": "Tajikistan", "BRK_GROUP": null, "ABBREV": "Tjk.", "POSTAL": "TJ", "FORMAL_EN": "Republic of Tajikistan", "FORMAL_FR": null, "NAME_CIAWF": "Tajikistan", "NOTE_ADM0": null, "NOTE_BRK": null, "NAME_SORT": "Tajikistan", "NAME_ALT": null, "MAPCOLOR7": 3, "MAPCOLOR8": 6, "MAPCOLOR9": 2, "MAPCOLOR13": 5, "POP_EST": 9321018, "POP_RANK": 13, "POP_YEAR": 2019, "GDP_MD": 8116, "GDP_YEAR": 2019, "ECONOMY": "6. Developing region", "INCOME_GRP": "5. Low income", "FIPS_10": "TI", "ISO_A2": "TJ", "ISO_A2_EH": "TJ", "ISO_A3": "TJK", "ISO_A3_EH": "TJK", "ISO_N3": "762", "ISO_N3_EH": "762", "UN_A3": "762", "WB_A2": "TJ", "WB_A3": "TJK", "WOE_ID": 23424961, "WOE_ID_EH": 23424961, "WOE_NOTE": "Exact WOE match as country", "ADM0_ISO": "TJK", "ADM0_DIFF": null, "ADM0_TLC": "TJK", "ADM0_A3_US": "TJK", "ADM0_A3_FR": "TJK", "ADM0_A3_RU": "TJK", "ADM0_A3_ES": "TJK", "ADM0_A3_CN": "TJK", "ADM0_A3_TW": "TJK", "ADM0_A3_IN": "TJK", "ADM0_A3_NP": "TJK", "ADM0_A3_PK": "TJK", "ADM0_A3_DE": "TJK", "ADM0_A3_GB": "TJK", "ADM0_A3_BR": "TJK", "ADM0_A3_IL": "TJK", "ADM0_A3_PS": "TJK", "ADM0_A3_SA": "TJK", "ADM0_A3_EG": "TJK", "ADM0_A3_MA": "TJK", "ADM0_A3_PT": "TJK", "ADM0_A3_AR": "TJK", "ADM0_A3_JP": "TJK", "ADM0_A3_KO": "TJK", "ADM0_A3_VN": "TJK", "ADM0_A3_TR": "TJK", "ADM0_A3_ID": "TJK", "ADM0_A3_PL": "TJK", "ADM0_A3_GR": "TJK", "ADM0_A3_IT": "TJK", "ADM0_A3_NL": "TJK", "ADM0_A3_SE": "TJK", "ADM0_A3_BD": "TJK", "ADM0_A3_UA": "TJK", "ADM0_A3_UN": -99, "ADM0_A3_WB": -99, "CONTINENT": "Asia", "REGION_UN": "Asia", "SUBREGION": "Central Asia", "REGION_WB": "Europe & Central Asia", "NAME_LEN": 10, "LONG_LEN": 10, "ABBREV_LEN": 4, "TINY": -99, "HOMEPART": 1, "MIN_ZOOM": 0, "MIN_LABEL": 4, "MAX_LABEL": 9, "LABEL_X": 72.587276, "LABEL_Y": 38.199835, "NE_ID": 1159321307, "WIKIDATAID": "Q863", "NAME_AR": "\u0637\u0627\u062c\u064a\u0643\u0633\u062a\u0627\u0646", "NAME_BN": "\u09a4\u09be\u099c\u09bf\u0995\u09bf\u09b8\u09cd\u09a4\u09be\u09a8", "NAME_DE": "Tadschikistan", "NAME_EN": "Tajikistan", "NAME_ES": "Tayikist\u00e1n", "NAME_FA": "\u062a\u0627\u062c\u06cc\u06a9\u0633\u062a\u0627\u0646", "NAME_FR": "Tadjikistan", "NAME_EL": "\u03a4\u03b1\u03c4\u03b6\u03b9\u03ba\u03b9\u03c3\u03c4\u03ac\u03bd", "NAME_HE": "\u05d8\u05d2\u05f3\u05d9\u05e7\u05d9\u05e1\u05d8\u05df", "NAME_HI": "\u0924\u093e\u091c\u093f\u0915\u093f\u0938\u094d\u0924\u093e\u0928", "NAME_HU": "T\u00e1dzsikiszt\u00e1n", "NAME_ID": "Tajikistan", "NAME_IT": "Tagikistan", "NAME_JA": "\u30bf\u30b8\u30ad\u30b9\u30bf\u30f3", "NAME_KO": "\ud0c0\uc9c0\ud0a4\uc2a4\ud0c4", "NAME_NL": "Tadzjikistan", "NAME_PL": "Tad\u017cykistan", "NAME_PT": "Tajiquist\u00e3o", "NAME_RU": "\u0422\u0430\u0434\u0436\u0438\u043a\u0438\u0441\u0442\u0430\u043d", "NAME_SV": "Tadzjikistan", "NAME_TR": "Tacikistan", "NAME_UK": "\u0422\u0430\u0434\u0436\u0438\u043a\u0438\u0441\u0442\u0430\u043d", "NAME_UR": "\u062a\u0627\u062c\u06a9\u0633\u062a\u0627\u0646", "NAME_VI": "Tajikistan", "NAME_ZH": "\u5854\u5409\u514b\u65af\u5766", "NAME_ZHT": "\u5854\u5409\u514b", "FCLASS_ISO": "Admin-0 country", "TLC_DIFF": null, "FCLASS_TLC": "Admin-0 country", "FCLASS_US": null, "FCLASS_FR": null, "FCLASS_RU": null, "FCLASS_ES": null, "FCLASS_CN": null, "FCLASS_TW": null, "FCLASS_IN": null, "FCLASS_NP": null, "FCLASS_PK": null, "FCLASS_DE": null, "FCLASS_GB": null, "FCLASS_BR": null, "FCLASS_IL": null, "FCLASS_PS": null, "FCLASS_SA": null, "FCLASS_EG": null, "FCLASS_MA": null, "FCLASS_PT": null, "FCLASS_AR": null, "FCLASS_JP": null, "FCLASS_KO": null, "FCLASS_VN": null, "FCLASS_TR": null, "FCLASS_ID": null, "FCLASS_PL": null, "FCLASS_GR": null, "FCLASS_IT": null, "FCLASS_NL": null, "FCLASS_SE": null, "FCLASS_BD": null, "FCLASS_UA": null}, "bbox": [67.44222, 36.738171, 74.980002, 40.960213], "geometry": {"type": "Polygon", "coordinates": [[[67.83, 37.144994], [70.666622, 40.960213], [71.784694, 39.279463], [73.260056, 37.495257], [70.806821, 38.486282], [67.83, 37.144994]]]}}, {"type": "Feature", "properties": {"featurecla": "Admin-0 country", "scalerank": 1, "LABELRANK": 4, "SOVEREIGNT": "Kyrgyzstan", "SOV_A3": "KGZ", "ADM0_DIF": 0, "LEVEL": 2, "TYPE": "Sovereign country", "TLC": "1", "ADMIN": "Kyrgyzstan", "ADM0_A3": "KGZ", "GEOU_DIF": 0, "GEOUNIT": "Kyrgyzstan", "GU_A3": "KGZ", "SU_DIF": 0, "SUBUNIT": "Kyrgyzstan", "SU_A3": "KGZ", "BRK_DIFF": 0, "NAME": "Kyrgyzstan", "NAME_LONG": "Kyrgyzstan", "BRK_A3": "KGZ", "BRK_NAME": "Kyrgyzstan", "BRK_GROUP": null, "ABBREV": "Kgz.", "POSTAL": "KG", "FORMAL_EN": "Kyrgyz Republic", "FORMAL_FR": null, "NAME_CIAWF": "Kyrgyzstan", "NOTE_ADM0": null, "NOTE_BRK": null, "NAME_SORT": "Kyrgyz Republic", "NAME_ALT": null, "MAPCOLOR7": 5, "MAPCOLOR8": 7, "MAPCOLOR9": 7, "MAPCOLOR13": 6, "POP_EST": 6456900, "POP_RANK": 13, "POP_YEAR": 2019, "GDP_MD": 8454, "GDP_YEAR": 2019, "ECONOMY": "6. Developing region", "INCOME_GRP": "5. Low income", "FIPS_10": "KG", "ISO_A2": "KG", "ISO_A2_EH": "KG", "ISO_A3": "KGZ", "ISO_A3_EH": "KGZ", "ISO_N3": "417", "ISO_N3_EH": "417", "UN_A3": "417", "WB_A2": "KG", "WB_A3": "KGZ", "WOE_ID": 23424864, "WOE_ID_EH": 23424864, "WOE_NOTE": "Exact WOE match as country", "ADM0_ISO": "KGZ", "ADM0_DIFF": null, "ADM0_TLC": "KGZ", "ADM0_A3_US": "KGZ", "ADM0_A3_FR": "KGZ", "ADM0_A3_RU": "KGZ", "ADM0_A3_ES": "KGZ", "ADM0_A3_CN": "KGZ", "ADM0_A3_TW": "KGZ", "ADM0_A3_IN": "KGZ", "ADM0_A3_NP": "KGZ", "ADM0_A3_PK": "KGZ", "ADM0_A3_DE": "KGZ", "ADM0_A3_GB": "KGZ", "ADM0_A3_BR": "KGZ", "ADM0_A3_IL": "KGZ", "ADM0_A3_PS": "KGZ", "ADM0_A3_SA": "KGZ", "ADM0_A3_EG": "KGZ", "ADM0_A3_MA": "KGZ", "ADM0_A3_PT": "KGZ", "ADM0_A3_AR": "KGZ", "ADM0_A3_JP": "KGZ", "ADM0_A3_KO": "KGZ", "ADM0_A3_VN": "KGZ", "ADM0_A3_TR": "KGZ", "ADM0_A3_ID": "KGZ", "ADM0_A3_PL": "KGZ", "ADM0_A3_GR": "KGZ", "ADM0_A3_IT": "KGZ", "ADM0_A3_NL": "KGZ", "ADM0_A3_SE": "KGZ", "ADM0_A3_BD": "KGZ", "ADM0_A3_UA": "KGZ", "ADM0_A3_UN": -99, "ADM0_A3_WB": -99, "CONTINENT": "Asia", "REGION_UN": "Asia", "SUBREGION": "Central Asia", "REGION_WB": "Europe & Central Asia", "NAME_LEN": 10, "LONG_LEN": 10, "ABBREV_LEN": 4, "TINY": -99, "HOMEPART": 1, "MIN_ZOOM": 0, "MIN_LABEL": 3, "MAX_LABEL": 8, "LABEL_X": 74.532637, "LABEL_Y": 41.66854, "NE_ID": 1159320977, "WIKIDATAID": "Q813", "NAME_AR": "\u0642\u064a\u0631\u063a\u064a\u0632\u0633\u062a\u0627\u0646", "NAME_BN": "\u0995\u09bf\u09b0\u0997\u09bf\u099c\u09b8\u09cd\u09a4\u09be\u09a8", "NAME_DE": "Kirgisistan", "NAME_EN": "Kyrgyzstan", "NAME_ES": "Kirguist\u00e1n", "NAME_FA": "\u0642\u0631\u0642\u06cc\u0632\u0633\u062a\u0627\u0646", "NAME_FR": "Kirghizistan", "NAME_EL": "\u039a\u03b9\u03c1\u03b3\u03b9\u03b6\u03af\u03b1", "NAME_HE": "\u05e7\u05d9\u05e8\u05d2\u05d9\u05d6\u05e1\u05d8\u05df", "NAME_HI": "\u0915\u093f\u0930\u094d\u0917\u093f\u091c\u093c\u0938\u094d\u0924\u093e\u0928", "NAME_HU": "Kirgiziszt\u00e1n", "NAME_ID": "Kirgizstan", "NAME_IT": "Kirghizistan", "NAME_JA": "\u30ad\u30eb\u30ae\u30b9", "NAME_KO": "\ud0a4\ub974\uae30\uc2a4\uc2a4\ud0c4", "NAME_NL": "Kirgizi\u00eb", "NAME_PL": "Kirgistan", "NAME_PT": "Quirguist\u00e3o", "NAME_RU": "\u041a\u0438\u0440\u0433\u0438\u0437\u0438\u044f", "NAME_SV": "Kirgizistan", "NAME_TR": "K\u0131rg\u0131zistan", "NAME_UK": "\u041a\u0438\u0440\u0433\u0438\u0437\u0441\u0442\u0430\u043d", "NAME_UR": "\u06a9\u0631\u063a\u06cc\u0632\u0633\u062a\u0627\u0646", "NAME_VI": "Kyrgyzstan", "NAME_ZH": "\u5409\u5c14\u5409\u65af\u65af\u5766", "NAME_ZHT": "\u5409\u723e\u5409\u65af", "FCLASS_ISO": "Admin-0 country", "TLC_DIFF": null, "FCLASS_TLC": "Admin-0 country", "FCLASS_US": null, "FCLASS_FR": null, "FCLASS_RU": null, "FCLASS_ES": null, "FCLASS_CN": null, "FCLASS_TW": null, "FCLASS_IN": null, "FCLASS_NP": null, "FCLASS_PK": null, "FCLASS_DE": null, "FCLASS_GB": null, "FCLASS_BR": null, "FCLASS_IL": null, "FCLASS_PS": null, "FCLASS_SA": null, "FCLASS_EG": null, "FCLASS_MA": null, "FCLASS_PT": null, "FCLASS_AR": null, "FCLASS_JP": null, "FCLASS_KO": null, "FCLASS_VN": null, "FCLASS_TR": null, "FCLASS_ID": null, "FCLASS_PL": null, "FCLASS_GR": null, "FCLASS_IT": null, "FCLASS_NL": null, "FCLASS_SE": null, "FCLASS_BD": null, "FCLASS_UA": null}, "bbox": [69.464887, 39.279463, 80.25999, 43.298339], "geometry": {"type": "Polygon", "coordinates": [[[70.962315, 42.266154], [77.658392, 42.960686], [76.526368, 40.427946], [69.464887, 39.526683], [70.420022, 41.519998], [70.962315, 42.266154]]]}}, {"type": "Feature", "properties": {"featurecla": "Admin-0 country", "scalerank": 1, "LABELRANK": 4, "SOVEREIGNT": "Turkmenistan", "SOV_A3": "TKM", "ADM0_DIF": 0, "LEVEL": 2, "TYPE": "Sovereign country", "TLC": "1", "ADMIN": "Turkmenistan", "ADM0_A3": "TKM", "GEOU_DIF": 0, "GEOUNIT": "Turkmenistan", "GU_A3": "TKM", "SU_DIF": 0, "SUBUNIT": "Turkmenistan", "SU_A3": "TKM", "BRK_DIFF": 0, "NAME": "Turkmenistan", "NAME_LONG": "Turkmenistan", "BRK_A3": "TKM", "BRK_NAME": "Turkmenistan", "BRK_GROUP": null, "ABBREV": "Turkm.", "POSTAL": "TM", "FORMAL_EN": "Turkmenistan", "FORMAL_FR": null, "NAME_CIAWF": "Turkmenistan", "NOTE_ADM0": null, "NOTE_BRK": null, "NAME_SORT": "Turkmenistan", "NAME_ALT": null, "MAPCOLOR7": 3, "MAPCOLOR8": 2, "MAPCOLOR9": 1, "MAPCOLOR13": 9, "POP_EST": 5942089, "POP_RANK": 13, "POP_YEAR": 2019, "GDP_MD": 40761, "GDP_YEAR": 2018, "ECONOMY": "6. Developing region", "INCOME_GRP": "3. Upper middle income", "FIPS_10": "TX", "ISO_A2": "TM", "ISO_A2_EH": "TM", "ISO_A3": "TKM", "ISO_A3_EH": "TKM", "ISO_N3": "795", "ISO_N3_EH": "795", "UN_A3": "795", "WB_A2": "TM", "WB_A3": "TKM", "WOE_ID": 23424972, "WOE_ID_EH": 23424972, "WOE_NOTE": "Exact WOE match as country", "ADM0_ISO": "TKM", "ADM0_DIFF": null, "ADM0_TLC": "TKM", "ADM0_A3_US": "TKM", "ADM0_A3_FR": "TKM", "ADM0_A3_RU": "TKM", "ADM0_A3_ES": "TKM", "ADM0_A3_CN": "TKM", "ADM0_A3_TW": "TKM", "ADM0_A3_IN": "TKM", "ADM0_A3_NP": "TKM", "ADM0_A3_PK": "TKM", "ADM0_A3_DE": "TKM", "ADM0_A3_GB": "TKM", "ADM0_A3_BR": "TKM", "ADM0_A3_IL": "TKM", "ADM0_A3_PS": "TKM", "ADM0_A3_SA": "TKM", "ADM0_A3_EG": "TKM", "ADM0_A3_MA": "TKM", "ADM0_A3_PT": "TKM", "ADM0_A3_AR": "TKM", "ADM0_A3_JP": "TKM", "ADM0_A3_KO": "TKM", "ADM0_A3_VN": "TKM", "ADM0_A3_TR": "TKM", "ADM0_A3_ID": "TKM", "ADM0_A3_PL": "TKM", "ADM0_A3_GR": "TKM", "ADM0_A3_IT": "TKM", "ADM0_A3_NL": "TKM", "ADM0_A3_SE": "TKM", "ADM0_A3_BD": "TKM", "ADM0_A3_UA": "TKM", "ADM0_A3_UN": -99, "ADM0_A3_WB": -99, "CONTINENT": "Asia", "REGION_UN": "Asia", "SUBREGION": "Central Asia", "REGION_WB": "Europe & Central Asia", "NAME_LEN": 12, "LONG_LEN": 12, "ABBREV_LEN": 6, "TINY": -99, "HOMEPART": 1, "MIN_ZOOM": 0, "MIN_LABEL": 3, "MAX_LABEL": 8, "LABEL_X": 58.676647, "LABEL_Y": 39.855246, "NE_ID": 1159321309, "WIKIDATAID": "Q874", "NAME_AR": "\u062a\u0631\u0643\u0645\u0627\u0646\u0633\u062a\u0627\u0646", "NAME_BN": "\u09a4\u09c1\u09b0\u09cd\u0995\u09ae\u09c7\u09a8\u09bf\u09b8\u09cd\u09a4\u09be\u09a8", "NAME_DE": "Turkmenistan", "NAME_EN": "Turkmenistan", "NAME_ES": "Turkmenist\u00e1n", "NAME_FA": "\u062a\u0631\u06a9\u0645\u0646\u0633\u062a\u0627\u0646", "NAME_FR": "Turkm\u00e9nistan", "NAME_EL": "\u03a4\u03bf\u03c5\u03c1\u03ba\u03bc\u03b5\u03bd\u03b9\u03c3\u03c4\u03ac\u03bd", "NAME_HE": "\u05d8\u05d5\u05e8\u05e7\u05de\u05e0\u05d9\u05e1\u05d8\u05df", "NAME_HI": "\u0924\u0941\u0930\u094d\u0915\u092e\u0947\u0928\u093f\u0938\u094d\u0924\u093e\u0928", "NAME_HU": "T\u00fcrkmeniszt\u00e1n", "NAME_ID": "Turkmenistan", "NAME_IT": "Turkmenistan", "NAME_JA": "\u30c8\u30eb\u30af\u30e1\u30cb\u30b9\u30bf\u30f3", "NAME_KO": "\ud22c\ub974\ud06c\uba54\ub2c8\uc2a4\ud0c4", "NAME_NL": "Turkmenistan", "NAME_PL": "Turkmenistan", "NAME_PT": "Turquemenist\u00e3o", "NAME_RU": "\u0422\u0443\u0440\u043a\u043c\u0435\u043d\u0438\u044f", "NAME_SV": "Turkmenistan", "NAME_TR": "T\u00fcrkmenistan", "NAME_UK": "\u0422\u0443\u0440\u043a\u043c\u0435\u043d\u0456\u0441\u0442\u0430\u043d", "NAME_UR": "\u062a\u0631\u06a9\u0645\u0627\u0646\u0633\u062a\u0627\u0646", "NAME_VI": "Turkmenistan", "NAME_ZH": "\u571f\u5e93\u66fc\u65af\u5766", "NAME_ZHT": "\u571f\u5eab\u66fc", "FCLASS_ISO": "Admin-0 country", "TLC_DIFF": null, "FCLASS_TLC": "Admin-0 country", "FCLASS_US": null, "FCLASS_FR": null, "FCLASS_RU": null, "FCLASS_ES": null, "FCLASS_CN": null, "FCLASS_TW": null, "FCLASS_IN": null, "FCLASS_NP": null, "FCLASS_PK": null, "FCLASS_DE": null, "FCLASS_GB": null, "FCLASS_BR": null, "FCLASS_IL": null, "FCLASS_PS": null, "FCLASS_SA": null, "FCLASS_EG": null, "FCLASS_MA": null, "FCLASS_PT": null, "FCLASS_AR": null, "FCLASS_JP": null, "FCLASS_KO": null, "FCLASS_VN": null, "FCLASS_TR": null, "FCLASS_ID": null, "FCLASS_PL": null, "FCLASS_GR": null, "FCLASS_IT": null, "FCLASS_NL": null, "FCLASS_SE": null, "FCLASS_BD": null, "FCLASS_UA": null}, "bbox": [52.50246, 35.270664, 66.54615, 42.751551], "geometry": {"type": "Polygon", "coordinates": [[[52.50246, 41.783316], [57.78653, 42.170553], [63.518015, 39.363257], [64.746105, 37.111818], [60.377638, 36.527383], [53.921598, 37.198918], [54.736845, 40.951015], [52.50246, 41.783316]]]}}, {"type": "Feature", "properties": {"featurecla": "Admin-0 country", "scalerank": 1, "LABELRANK": 2, "SOVEREIGNT": "Iran", "SOV_A3": "IRN", "ADM0_DIF": 0, "LEVEL": 2, "TYPE": "Sovereign country", "TLC": "1", "ADMIN": "Iran", "ADM0_A3": "IRN", "GEOU_DIF": 0, "GEOUNIT": "Iran", "GU_A3": "IRN", "SU_DIF": 0, "SUBUNIT": "Iran", "SU_A3": "IRN", "BRK_DIFF": 0, "NAME": "Iran", "NAME_LONG": "Iran", "BRK_A3": "IRN", "BRK_NAME": "Iran", "BRK_GROUP": null, "ABBREV": "Iran", "POSTAL": "IRN", "FORMAL_EN": "Islamic Republic of Iran", "FORMAL_FR": null, "NAME_CIAWF": "Iran", "NOTE_ADM0": null, "NOTE_BRK": null, "NAME_SORT": "Iran, Islamic Rep.", "NAME_ALT": null, "MAPCOLOR7": 4, "MAPCOLOR8": 3, "MAPCOLOR9": 4, "MAPCOLOR13": 13, "POP_EST": 82913906, "POP_RANK": 16, "POP_YEAR": 2019, "GDP_MD": 453996, "GDP_YEAR": 2018, "ECONOMY": "5. Emerging region: G20", "INCOME_GRP": "3. Upper middle income", "FIPS_10": "IR", "ISO_A2": "IR", "ISO_A2_EH": "IR", "ISO_A3": "IRN", "ISO_A3_EH": "IRN", "ISO_N3": "364", "ISO_N3_EH": "364", "UN_A3": "364", "WB_A2": "IR", "WB_A3": "IRN", "WOE_ID": 23424851, "WOE_ID_EH": 23424851, "WOE_NOTE": "Exact WOE match as country", "ADM0_ISO": "IRN", "ADM0_DIFF": null, "ADM0_TLC": "IRN", "ADM0_A3_US": "IRN", "ADM0_A3_FR": "IRN", "ADM0_A3_RU": "IRN", "ADM0_A3_ES": "IRN", "ADM0_A3_CN": "IRN", "ADM0_A3_TW": "IRN", "ADM0_A3_IN": "IRN", "ADM0_A3_NP": "IRN", "ADM0_A3_PK": "IRN", "ADM0_A3_DE": "IRN", "ADM0_A3_GB": "IRN", "ADM0_A3_BR": "IRN", "ADM0_A3_IL": "IRN", "ADM0_A3_PS": "IRN", "ADM0_A3_SA": "IRN", "ADM0_A3_EG": "IRN", "ADM0_A3_MA": "IRN", "ADM0_A3_PT": "IRN", "ADM0_A3_AR": "IRN", "ADM0_A3_JP": "IRN", "ADM0_A3_KO": "IRN", "ADM0_A3_VN": "IRN", "ADM0_A3_TR": "IRN", "ADM0_A3_ID": "IRN", "ADM0_A3_PL": "IRN", "ADM0_A3_GR": "IRN", "ADM0_A3_IT": "IRN", "ADM0_A3_NL": "IRN", "ADM0_A3_SE": "IRN", "ADM0_A3_BD": "IRN", "ADM0_A3_UA": "IRN", "ADM0_A3_UN": -99, "ADM0_A3_WB": -99, "CONTINENT": "Asia", "REGION_UN": "Asia", "SUBREGION": "Southern Asia", "REGION_WB": "Middle East & North Africa", "NAME_LEN": 4, "LONG_LEN": 4, "ABBREV_LEN": 4, "TINY": -99, "HOMEPART": 1, "MIN_ZOOM": 0, "MIN_LABEL": 2.5, "MAX_LABEL": 6.7, "LABEL_X": 54.931495, "LABEL_Y": 32.166225, "NE_ID": 1159320881, "WIKIDATAID": "Q794", "NAME_AR": "\u0625\u064a\u0631\u0627\u0646", "NAME_BN": "\u0987\u09b0\u09be\u09a8", "NAME_DE": "Iran", "NAME_EN": "Iran", "NAME_ES": "Ir\u00e1n", "NAME_FA": "\u0627\u06cc\u0631\u0627\u0646", "NAME_FR": "Iran", "NAME_EL": "\u0399\u03c1\u03ac\u03bd", "NAME_HE": "\u05d0\u05d9\u05e8\u05d0\u05df", "NAME_HI": "\u0908\u0930\u093e\u0928", "NAME_HU": "Ir\u00e1n", "NAME_ID": "Iran", "NAME_IT": "Iran", "NAME_JA": "\u30a4\u30e9\u30f3", "NAME_KO": "\uc774\ub780", "NAME_NL": "Iran", "NAME_PL": "Iran", "NAME_PT": "Ir\u00e3o", "NAME_RU": "\u0418\u0440\u0430\u043d", "NAME_SV": "Iran", "NAME_TR": "\u0130ran", "NAME_UK": "\u0406\u0440\u0430\u043d", "NAME_UR": "\u0627\u06cc\u0631\u0627\u0646", "NAME_VI": "Iran", "NAME_ZH": "\u4f0a\u6717", "NAME_ZHT": "\u4f0a\u6717", "FCLASS_ISO": "Admin-0 country", "TLC_DIFF": null, "FCLASS_TLC": "Admin-0 country", "FCLASS_US": null, "FCLASS_FR": null, "FCLASS_RU": null, "FCLASS_ES": null, "FCLASS_CN": null, "FCLASS_TW": null, "FCLASS_IN": null, "FCLASS_NP": null, "FCLASS_PK": null, "FCLASS_DE": null, "FCLASS_GB": null, "FCLASS_BR": null, "FCLASS_IL": null, "FCLASS_PS": null, "FCLASS_SA": null, "FCLASS_EG": null, "FCLASS_MA": null, "FCLASS_PT": null, "FCLASS_AR": null, "FCLASS_JP": null, "FCLASS_KO": null, "FCLASS_VN": null, "FCLASS_TR": null, "FCLASS_ID": null, "FCLASS_PL": null, "FCLASS_GR": null, "FCLASS_IT": null, "FCLASS_NL": null, "FCLASS_SE": null, "FCLASS_BD": null, "FCLASS_UA": null}, "bbox": [44.109225, 25.078237, 63.316632, 39.713003], "geometry": {"type": "Polygon", "coordinates": [[[48.567971, 29.926778], [45.64846, 34.748138], [44.109225, 39.428136], [48.355529, 39.288765], [53.82579, 36.965031], [59.234762, 37.412988], [60.863655, 32.18292], [62.755426, 27.378923], [56.970766, 26.966106], [50.115009, 30.147773], [48.567971, 29.926778]]]}}, {"type": "Feature", "properties": {"featurecla": "Admin-0 country", "scalerank": 1, "LABELRANK": 3, "SOVEREIGNT": "Syria", "SOV_A3": "SYR", "ADM0_DIF": 0, "LEVEL": 2, "TYPE": "Sovereign country", "TLC": "1", "ADMIN": "Syria", "ADM0_A3": "SYR", "GEOU_DIF": 0, "GEOUNIT": "Syria", "GU_A3": "SYR", "SU_DIF": 0, "SUBUNIT": "Syria", "SU_A3": "SYR", "BRK_DIFF": 0, "NAME": "Syria", "NAME_LONG": "Syria", "BRK_A3": "SYR", "BRK_NAME": "Syria", "BRK_GROUP": null, "ABBREV": "Syria", "POSTAL": "SYR", "FORMAL_EN": "Syrian Arab Republic", "FORMAL_FR": null, "NAME_CIAWF": "Syria", "NOTE_ADM0": null, "NOTE_BRK": null, "NAME_SORT": "Syrian Arab Republic", "NAME_ALT": null, "MAPCOLOR7": 2, "MAPCOLOR8": 6, "MAPCOLOR9": 2, "MAPCOLOR13": 6, "POP_EST": 17070135, "POP_RANK": 14, "POP_YEAR": 2019, "GDP_MD": 98830, "GDP_YEAR": 2015, "ECONOMY": "6. Developing region", "INCOME_GRP": "4. Lower middle income", "FIPS_10": "SY", "ISO_A2": "SY", "ISO_A2_EH": "SY", "ISO_A3": "SYR", "ISO_A3_EH": "SYR", "ISO_N3": "760", "ISO_N3_EH": "760", "UN_A3": "760", "WB_A2": "SY", "WB_A3": "SYR", "WOE_ID": 23424956, "WOE_ID_EH": 23424956, "WOE_NOTE": "Exact WOE match as country", "ADM0_ISO": "SYR", "ADM0_DIFF": null, "ADM0_TLC": "SYR", "ADM0_A3_US": "SYR", "ADM0_A3_FR": "SYR", "ADM0_A3_RU": "SYR", "ADM0_A3_ES": "SYR", "ADM0_A3_CN": "SYR", "ADM0_A3_TW": "SYR", "ADM0_A3_IN": "SYR", "ADM0_A3_NP": "SYR", "ADM0_A3_PK": "SYR", "ADM0_A3_DE": "SYR", "ADM0_A3_GB": "SYR", "ADM0_A3_BR": "SYR", "ADM0_A3_IL": "SYR", "ADM0_A3_PS": "SYR", "ADM0_A3_SA": "SYR", "ADM0_A3_EG": "SYR", "ADM0_A3_MA": "SYR", "ADM0_A3_PT": "SYR", "ADM0_A3_AR": "SYR", "ADM0_A3_JP": "SYR", "ADM0_A3_KO": "SYR", "ADM0_A3_VN": "SYR", "ADM0_A3_TR": "SYR", "ADM0_A3_ID": "SYR", "ADM0_A3_PL": "SYR", "ADM0_A3_GR": "SYR", "ADM0_A3_IT": "SYR", "ADM0_A3_NL": "SYR", "ADM0_A3_SE": "SYR", "ADM0_A3_BD": "SYR", "ADM0_A3_UA": "SYR", "ADM0_A3_UN": -99, "ADM0_A3_WB": -99, "CONTINENT": "Asia", "REGION_UN": "Asia", "SUBREGION": "Western Asia", "REGION_WB": "Middle East & North Africa", "NAME_LEN": 5, "LONG_LEN": 5, "ABBREV_LEN": 5, "TINY": -99, "HOMEPART": 1, "MIN_ZOOM": 0, "MIN_LABEL": 3, "MAX_LABEL": 8, "LABEL_X": 38.277783, "LABEL_Y": 35.006636, "NE_ID": 1159321295, "WIKIDATAID": "Q858", "NAME_AR": "\u0633\u0648\u0631\u064a\u0627", "NAME_BN": "\u09b8\u09bf\u09b0\u09bf\u09af\u09bc\u09be", "NAME_DE": "Syrien", "NAME_EN": "Syria", "NAME_ES": "Siria", "NAME_FA": "\u0633\u0648\u0631\u06cc\u0647", "NAME_FR": "Syrie", "NAME_EL": "\u03a3\u03c5\u03c1\u03af\u03b1", "NAME_HE": "\u05e1\u05d5\u05e8\u05d9\u05d4", "NAME_HI": "\u0938\u0940\u0930\u093f\u092f\u093e", "NAME_HU": "Sz\u00edria", "NAME_ID": "Suriah", "NAME_IT": "Siria", "NAME_JA": "\u30b7\u30ea\u30a2", "NAME_KO": "\uc2dc\ub9ac\uc544", "NAME_NL": "Syri\u00eb", "NAME_PL": "Syria", "NAME_PT": "S\u00edria", "NAME_RU": "\u0421\u0438\u0440\u0438\u044f", "NAME_SV": "Syrien", "NAME_TR": "Suriye", "NAME_UK": "\u0421\u0438\u0440\u0456\u044f", "NAME_UR": "\u0633\u0648\u0631\u06cc\u06c1", "NAME_VI": "Syria", "NAME_ZH": "\u53d9\u5229\u4e9a", "NAME_ZHT": "\u6558\u5229\u4e9e", "FCLASS_ISO": "Admin-0 country", "TLC_DIFF": null, "FCLASS_TLC": "Admin-0 country", "FCLASS_US": null, "FCLASS_FR": null, "FCLASS_RU": null, "FCLASS_ES": null, "FCLASS_CN": null, "FCLASS_TW": null, "FCLASS_IN": null, "FCLASS_NP": null, "FCLASS_PK": null, "FCLASS_DE": null, "FCLASS_GB": null, "FCLASS_BR": null, "FCLASS_IL": null, "FCLASS_PS": null, "FCLASS_SA": null, "FCLASS_EG": null, "FCLASS_MA": null, "FCLASS_PT": null, "FCLASS_AR": null, "FCLASS_JP": null, "FCLASS_KO": null, "FCLASS_VN": null, "FCLASS_TR": null, "FCLASS_ID": null, "FCLASS_PL": null, "FCLASS_GR": null, "FCLASS_IT": null, "FCLASS_NL": null, "FCLASS_SE": null, "FCLASS_BD": null, "FCLASS_UA": null}, "bbox": [35.700798, 32.312938, 42.349591, 37.229873], "geometry": {"type": "Polygon", "coordinates": [[[35.719918, 32.709192], [35.905023, 35.410009], [39.52258, 36.716054], [38.792341, 33.378686], [35.719918, 32.709192]]]}}, {"type": "Feature", "properties": {"featurecla": "Admin-0 country", "scalerank": 1, "LABELRANK": 6, "SOVEREIGNT": "Armenia", "SOV_A3": "ARM", "ADM0_DIF": 0, "LEVEL": 2, "TYPE": "Sovereign country", "TLC": "1", "ADMIN": "Armenia", "ADM0_A3": "ARM", "GEOU_DIF": 0, "GEOUNIT": "Armenia", "GU_A3": "ARM", "SU_DIF": 0, "SUBUNIT": "Armenia", "SU_A3": "ARM", "BRK_DIFF": 0, "NAME": "Armenia", "NAME_LONG": "Armenia", "BRK_A3": "ARM", "BRK_NAME": "Armenia", "BRK_GROUP": null, "ABBREV": "Arm.", "POSTAL": "ARM", "FORMAL_EN": "Republic of Armenia", "FORMAL_FR": null, "NAME_CIAWF": "Armenia", "NOTE_ADM0": null, "NOTE_BRK": null, "NAME_SORT": "Armenia", "NAME_ALT": null, "MAPCOLOR7": 3, "MAPCOLOR8": 1, "MAPCOLOR9": 2, "MAPCOLOR13": 10, "POP_EST": 2957731, "POP_RANK": 12, "POP_YEAR": 2019, "GDP_MD": 13672, "GDP_YEAR": 2019, "ECONOMY": "6. Developing region", "INCOME_GRP": "4. Lower middle income", "FIPS_10": "AM", "ISO_A2": "AM", "ISO_A2_EH": "AM", "ISO_A3": "ARM", "ISO_A3_EH": "ARM", "ISO_N3": "051", "ISO_N3_EH": "051", "UN_A3": "051", "WB_A2": "AM", "WB_A3": "ARM", "WOE_ID": 23424743, "WOE_ID_EH": 23424743, "WOE_NOTE": "Exact WOE match as country", "ADM0_ISO": "ARM", "ADM0_DIFF": null, "ADM0_TLC": "ARM", "ADM0_A3_US": "ARM", "ADM0_A3_FR": "ARM", "ADM0_A3_RU": "ARM", "ADM0_A3_ES": "ARM", "ADM0_A3_CN": "ARM", "ADM0_A3_TW": "ARM", "ADM0_A3_IN": "ARM", "ADM0_A3_NP": "ARM", "ADM0_A3_PK": "ARM", "ADM0_A3_DE": "ARM", "ADM0_A3_GB": "ARM", "ADM0_A3_BR": "ARM", "ADM0_A3_IL": "ARM", "ADM0_A3_PS": "ARM", "ADM0_A3_SA": "ARM", "ADM0_A3_EG": "ARM", "ADM0_A3_MA": "ARM", "ADM0_A3_PT": "ARM", "ADM0_A3_AR": "ARM", "ADM0_A3_JP": "ARM", "ADM0_A3_KO": "ARM", "ADM0_A3_VN": "ARM", "ADM0_A3_TR": "ARM", "ADM0_A3_ID": "ARM", "ADM0_A3_PL": "ARM", "ADM0_A3_GR": "ARM", "ADM0_A3_IT": "ARM", "ADM0_A3_NL": "ARM", "ADM0_A3_SE": "ARM", "ADM0_A3_BD": "ARM", "ADM0_A3_UA": "ARM", "ADM0_A3_UN": -99, "ADM0_A3_WB": -99, "CONTINENT": "Asia", "REGION_UN": "Asia", "SUBREGION": "Western Asia", "REGION_WB": "Europe & Central Asia", "NAME_LEN": 7, "LONG_LEN": 7, "ABBREV_LEN": 4, "TINY": -99, "HOMEPART": 1, "MIN_ZOOM": 0, "MIN_LABEL": 5, "MAX_LABEL": 10, "LABEL_X": 44.800564, "LABEL_Y": 40.459077, "NE_ID": 1159320333, "WIKIDATAID": "Q399", "NAME_AR": "\u0623\u0631\u0645\u064a\u0646\u064a\u0627", "NAME_BN": "\u0986\u09b0\u09cd\u09ae\u09c7\u09a8\u09bf\u09af\u09bc\u09be", "NAME_DE": "Armenien", "NAME_EN": "Armenia", "NAME_ES": "Armenia", "NAME_FA": "\u0627\u0631\u0645\u0646\u0633\u062a\u0627\u0646", "NAME_FR": "Arm\u00e9nie", "NAME_EL": "\u0391\u03c1\u03bc\u03b5\u03bd\u03af\u03b1", "NAME_HE": "\u05d0\u05e8\u05de\u05e0\u05d9\u05d4", "NAME_HI": "\u0906\u0930\u094d\u092e\u0940\u0928\u093f\u092f\u093e", "NAME_HU": "\u00d6rm\u00e9nyorsz\u00e1g", "NAME_ID": "Armenia", "NAME_IT": "Armenia", "NAME_JA": "\u30a2\u30eb\u30e1\u30cb\u30a2", "NAME_KO": "\uc544\ub974\uba54\ub2c8\uc544", "NAME_NL": "Armeni\u00eb", "NAME_PL": "Armenia", "NAME_PT": "Arm\u00e9nia", "NAME_RU": "\u0410\u0440\u043c\u0435\u043d\u0438\u044f", "NAME_SV": "Armenien", "NAME_TR": "Ermenistan", "NAME_UK": "\u0412\u0456\u0440\u043c\u0435\u043d\u0456\u044f", "NAME_UR": "\u0622\u0631\u0645\u06cc\u0646\u06cc\u0627", "NAME_VI": "Armenia", "NAME_ZH": "\u4e9a\u7f8e\u5c3c\u4e9a", "NAME_ZHT": "\u4e9e\u7f8e\u5c3c\u4e9e", "FCLASS_ISO": "Admin-0 country", "TLC_DIFF": null, "FCLASS_TLC": "Admin-0 country", "FCLASS_US": null, "FCLASS_FR": null, "FCLASS_RU": null, "FCLASS_ES": null, "FCLASS_CN": null, "FCLASS_TW": null, "FCLASS_IN": null, "FCLASS_NP": null, "FCLASS_PK": null, "FCLASS_DE": null, "FCLASS_GB": null, "FCLASS_BR": null, "FCLASS_IL": null, "FCLASS_PS": null, "FCLASS_SA": null, "FCLASS_EG": null, "FCLASS_MA": null, "FCLASS_PT": null, "FCLASS_AR": null, "FCLASS_JP": null, "FCLASS_KO": null, "FCLASS_VN": null, "FCLASS_TR": null, "FCLASS_ID": null, "FCLASS_PL": null, "FCLASS_GR": null, "FCLASS_IT": null, "FCLASS_NL": null, "FCLASS_SE": null, "FCLASS_BD": null, "FCLASS_UA": null}, "bbox": [43.582746, 38.741201, 46.50572, 41.248129], "geometry": {"type": "Polygon", "coordinates": [[[46.50572, 38.770605], [43.656436, 40.253564], [45.610012, 39.899994], [46.50572, 38.770605]]]}}, {"type": "Feature", "properties": {"featurecla": "Admin-0 country", "scalerank": 1, "LABELRANK": 3, "SOVEREIGNT": "Sweden", "SOV_A3": "SWE", "ADM0_DIF": 0, "LEVEL": 2, "TYPE": "Sovereign country", "TLC": "1", "ADMIN": "Sweden", "ADM0_A3": "SWE", "GEOU_DIF": 0, "GEOUNIT": "Sweden", "GU_A3": "SWE", "SU_DIF": 0, "SUBUNIT": "Sweden", "SU_A3": "SWE", "BRK_DIFF": 0, "NAME": "Sweden", "NAME_LONG": "Sweden", "BRK_A3": "SWE", "BRK_NAME": "Sweden", "BRK_GROUP": null, "ABBREV": "Swe.", "POSTAL": "S", "FORMAL_EN": "Kingdom of Sweden", "FORMAL_FR": null, "NAME_CIAWF": "Sweden", "NOTE_ADM0": null, "NOTE_BRK": null, "NAME_SORT": "Sweden", "NAME_ALT": null, "MAPCOLOR7": 1, "MAPCOLOR8": 4, "MAPCOLOR9": 2, "MAPCOLOR13": 4, "POP_EST": 10285453, "POP_RANK": 14, "POP_YEAR": 2019, "GDP_MD": 530883, "GDP_YEAR": 2019, "ECONOMY": "2. Developed region: nonG7", "INCOME_GRP": "1. High income: OECD", "FIPS_10": "SW", "ISO_A2": "SE", "ISO_A2_EH": "SE", "ISO_A3": "SWE", "ISO_A3_EH": "SWE", "ISO_N3": "752", "ISO_N3_EH": "752", "UN_A3": "752", "WB_A2": "SE", "WB_A3": "SWE", "WOE_ID": 23424954, "WOE_ID_EH": 23424954, "WOE_NOTE": "Exact WOE match as country", "ADM0_ISO": "SWE", "ADM0_DIFF": null, "ADM0_TLC": "SWE", "ADM0_A3_US": "SWE", "ADM0_A3_FR": "SWE", "ADM0_A3_RU": "SWE", "ADM0_A3_ES": "SWE", "ADM0_A3_CN": "SWE", "ADM0_A3_TW": "SWE", "ADM0_A3_IN": "SWE", "ADM0_A3_NP": "SWE", "ADM0_A3_PK": "SWE", "ADM0_A3_DE": "SWE", "ADM0_A3_GB": "SWE", "ADM0_A3_BR": "SWE", "ADM0_A3_IL": "SWE", "ADM0_A3_PS": "SWE", "ADM0_A3_SA": "SWE", "ADM0_A3_EG": "SWE", "ADM0_A3_MA": "SWE", "ADM0_A3_PT": "SWE", "ADM0_A3_AR": "SWE", "ADM0_A3_JP": "SWE", "ADM0_A3_KO": "SWE", "ADM0_A3_VN": "SWE", "ADM0_A3_TR": "SWE", "ADM0_A3_ID": "SWE", "ADM0_A3_PL": "SWE", "ADM0_A3_GR": "SWE", "ADM0_A3_IT": "SWE", "ADM0_A3_NL": "SWE", "ADM0_A3_SE": "SWE", "ADM0_A3_BD": "SWE", "ADM0_A3_UA": "SWE", "ADM0_A3_UN": -99, "ADM0_A3_WB": -99, "CONTINENT": "Europe", "REGION_UN": "Europe", "SUBREGION": "Northern Europe", "REGION_WB": "Europe & Central Asia", "NAME_LEN": 6, "LONG_LEN": 6, "ABBREV_LEN": 4, "TINY": -99, "HOMEPART": 1, "MIN_ZOOM": 0, "MIN_LABEL": 2, "MAX_LABEL": 7, "LABEL_X": 19.01705, "LABEL_Y": 65.85918, "NE_ID": 1159321287, "WIKIDATAID": "Q34", "NAME_AR": "\u0627\u0644\u0633\u0648\u064a\u062f", "NAME_BN": "\u09b8\u09c1\u0987\u09a1\u09c7\u09a8", "NAME_DE": "Schweden", "NAME_EN": "Sweden", "NAME_ES": "Suecia", "NAME_FA": "\u0633\u0648\u0626\u062f", "NAME_FR": "Su\u00e8de", "NAME_EL": "\u03a3\u03bf\u03c5\u03b7\u03b4\u03af\u03b1", "NAME_HE": "\u05e9\u05d5\u05d5\u05d3\u05d9\u05d4", "NAME_HI": "\u0938\u094d\u0935\u0940\u0921\u0928", "NAME_HU": "Sv\u00e9dorsz\u00e1g", "NAME_ID": "Swedia", "NAME_IT": "Svezia", "NAME_JA": "\u30b9\u30a6\u30a7\u30fc\u30c7\u30f3", "NAME_KO": "\uc2a4\uc6e8\ub374", "NAME_NL": "Zweden", "NAME_PL": "Szwecja", "NAME_PT": "Su\u00e9cia", "NAME_RU": "\u0428\u0432\u0435\u0446\u0438\u044f", "NAME_SV": "Sverige", "NAME_TR": "\u0130sve\u00e7", "NAME_UK": "\u0428\u0432\u0435\u0446\u0456\u044f", "NAME_UR": "\u0633\u0648\u06cc\u0688\u0646", "NAME_VI": "Th\u1ee5y \u0110i\u1ec3n", "NAME_ZH": "\u745e\u5178", "NAME_ZHT": "\u745e\u5178", "FCLASS_ISO": "Admin-0 country", "TLC_DIFF": null, "FCLASS_TLC": "Admin-0 country", "FCLASS_US": null, "FCLASS_FR": null, "FCLASS_RU": null, "FCLASS_ES": null, "FCLASS_CN": null, "FCLASS_TW": null, "FCLASS_IN": null, "FCLASS_NP": null, "FCLASS_PK": null, "FCLASS_DE": null, "FCLASS_GB": null, "FCLASS_BR": null, "FCLASS_IL": null, "FCLASS_PS": null, "FCLASS_SA": null, "FCLASS_EG": null, "FCLASS_MA": null, "FCLASS_PT": null, "FCLASS_AR": null, "FCLASS_JP": null, "FCLASS_KO": null, "FCLASS_VN": null, "FCLASS_TR": null, "FCLASS_ID": null, "FCLASS_PL": null, "FCLASS_GR": null, "FCLASS_IT": null, "FCLASS_NL": null, "FCLASS_SE": null, "FCLASS_BD": null, "FCLASS_UA": null}, "bbox": [11.027369, 55.361737, 23.903379, 69.106247], "geometry": {"type": "Polygon", "coordinates": [[[11.027369, 58.856149], [13.919905, 64.445421], [20.025269, 69.065139], [21.369631, 64.413588], [16.44771, 57.041118], [11.027369, 58.856149]]]}}, {"type": "Feature", "properties": {"featurecla": "Admin-0 country", "scalerank": 1, "LABELRANK": 4, "SOVEREIGNT": "Belarus", "SOV_A3": "BLR", "ADM0_DIF": 0, "LEVEL": 2, "TYPE": "Sovereign country", "TLC": "1", "ADMIN": "Belarus", "ADM0_A3": "BLR", "GEOU_DIF": 0, "GEOUNIT": "Belarus", "GU_A3": "BLR", "SU_DIF": 0, "SUBUNIT": "Belarus", "SU_A3": "BLR", "BRK_DIFF": 0, "NAME": "Belarus", "NAME_LONG": "Belarus", "BRK_A3": "BLR", "BRK_NAME": "Belarus", "BRK_GROUP": null, "ABBREV": "Bela.", "POSTAL": "BY", "FORMAL_EN": "Republic of Belarus", "FORMAL_FR": null, "NAME_CIAWF": "Belarus", "NOTE_ADM0": null, "NOTE_BRK": null, "NAME_SORT": "Belarus", "NAME_ALT": null, "MAPCOLOR7": 1, "MAPCOLOR8": 1, "MAPCOLOR9": 5, "MAPCOLOR13": 11, "POP_EST": 9466856, "POP_RANK": 13, "POP_YEAR": 2019, "GDP_MD": 63080, "GDP_YEAR": 2019, "ECONOMY": "6. Developing region", "INCOME_GRP": "3. Upper middle income", "FIPS_10": "BO", "ISO_A2": "BY", "ISO_A2_EH": "BY", "ISO_A3": "BLR", "ISO_A3_EH": "BLR", "ISO_N3": "112", "ISO_N3_EH": "112", "UN_A3": "112", "WB_A2": "BY", "WB_A3": "BLR", "WOE_ID": 23424765, "WOE_ID_EH": 23424765, "WOE_NOTE": "Exact WOE match as country", "ADM0_ISO": "BLR", "ADM0_DIFF": null, "ADM0_TLC": "BLR", "ADM0_A3_US": "BLR", "ADM0_A3_FR": "BLR", "ADM0_A3_RU": "BLR", "ADM0_A3_ES": "BLR", "ADM0_A3_CN": "BLR", "ADM0_A3_TW": "BLR", "ADM0_A3_IN": "BLR", "ADM0_A3_NP": "BLR", "ADM0_A3_PK": "BLR", "ADM0_A3_DE": "BLR", "ADM0_A3_GB": "BLR", "ADM0_A3_BR": "BLR", "ADM0_A3_IL": "BLR", "ADM0_A3_PS": "BLR", "ADM0_A3_SA": "BLR", "ADM0_A3_EG": "BLR", "ADM0_A3_MA": "BLR", "ADM0_A3_PT": "BLR", "ADM0_A3_AR": "BLR", "ADM0_A3_JP": "BLR", "ADM0_A3_KO": "BLR", "ADM0_A3_VN": "BLR", "ADM0_A3_TR": "BLR", "ADM0_A3_ID": "BLR", "ADM0_A3_PL": "BLR", "ADM0_A3_GR": "BLR", "ADM0_A3_IT": "BLR", "ADM0_A3_NL": "BLR", "ADM0_A3_SE": "BLR", "ADM0_A3_BD": "BLR", "ADM0_A3_UA": "BLR", "ADM0_A3_UN": -99, "ADM0_A3_WB": -99, "CONTINENT": "Europe", "REGION_UN": "Europe", "SUBREGION": "Eastern Europe", "REGION_WB": "Europe & Central Asia", "NAME_LEN": 7, "LONG_LEN": 7, "ABBREV_LEN": 5, "TINY": -99, "HOMEPART": 1, "MIN_ZOOM": 0, "MIN_LABEL": 3, "MAX_LABEL": 8, "LABEL_X": 28.417701, "LABEL_Y": 53.821888, "NE_ID": 1159320427, "WIKIDATAID": "Q184", "NAME_AR": "\u0628\u064a\u0644\u0627\u0631\u0648\u0633\u064a\u0627", "NAME_BN": "\u09ac\u09c7\u09b2\u09be\u09b0\u09c1\u09b6", "NAME_DE": "Belarus", "NAME_EN": "Belarus", "NAME_ES": "Bielorrusia", "NAME_FA": "\u0628\u0644\u0627\u0631\u0648\u0633", "NAME_FR": "Bi\u00e9lorussie", "NAME_EL": "\u039b\u03b5\u03c5\u03ba\u03bf\u03c1\u03c9\u03c3\u03af\u03b1", "NAME_HE": "\u05d1\u05dc\u05d0\u05e8\u05d5\u05e1", "NAME_HI": "\u092c\u0947\u0932\u093e\u0930\u0942\u0938", "NAME_HU": "Feh\u00e9roroszorsz\u00e1g", "NAME_ID": "Belarus", "NAME_IT": "Bielorussia", "NAME_JA": "\u30d9\u30e9\u30eb\u30fc\u30b7", "NAME_KO": "\ubca8\ub77c\ub8e8\uc2a4", "NAME_NL": "Wit-Rusland", "NAME_PL": "Bia\u0142oru\u015b", "NAME_PT": "Bielorr\u00fassia", "NAME_RU": "\u0411\u0435\u043b\u043e\u0440\u0443\u0441\u0441\u0438\u044f", "NAME_SV": "Belarus", "NAME_TR": "Beyaz Rusya", "NAME_UK": "\u0411\u0456\u043b\u043e\u0440\u0443\u0441\u044c", "NAME_UR": "\u0628\u06cc\u0644\u0627\u0631\u0648\u0633", "NAME_VI": "Belarus", "NAME_ZH": "\u767d\u4fc4\u7f57\u65af", "NAME_ZHT": "\u767d\u4fc4\u7f85\u65af", "FCLASS_ISO": "Admin-0 country", "TLC_DIFF": null, "FCLASS_TLC": "Admin-0 country", "FCLASS_US": null, "FCLASS_FR": null, "FCLASS_RU": null, "FCLASS_ES": null, "FCLASS_CN": null, "FCLASS_TW": null, "FCLASS_IN": null, "FCLASS_NP": null, "FCLASS_PK": null, "FCLASS_DE": null, "FCLASS_GB": null, "FCLASS_BR": null, "FCLASS_IL": null, "FCLASS_PS": null, "FCLASS_SA": null, "FCLASS_EG": null, "FCLASS_MA": null, "FCLASS_PT": null, "FCLASS_AR": null, "FCLASS_JP": null, "FCLASS_KO": null, "FCLASS_VN": null, "FCLASS_TR": null, "FCLASS_ID": null, "FCLASS_PL": null, "FCLASS_GR": null, "FCLASS_IT": null, "FCLASS_NL": null, "FCLASS_SE": null, "FCLASS_BD": null, "FCLASS_UA": null}, "bbox": [23.199494, 51.319503, 32.693643, 56.16913], "geometry": {"type": "Polygon", "coordinates": [[[28.176709, 56.16913], [31.791424, 53.974639], [31.78597, 52.10168], [28.617613, 51.427714], [23.508002, 52.023647], [25.768433, 54.846963], [28.176709, 56.16913]]]}}, {"type": "Feature", "properties": {"featurecla": "Admin-0 country", "scalerank": 1, "LABELRANK": 3, "SOVEREIGNT": "Ukraine", "SOV_A3": "UKR", "ADM0_DIF": 0, "LEVEL": 2, "TYPE": "Sovereign country", "TLC": "1", "ADMIN": "Ukraine", "ADM0_A3": "UKR", "GEOU_DIF": 0, "GEOUNIT": "Ukraine", "GU_A3": "UKR", "SU_DIF": 0, "SUBUNIT": "Ukraine", "SU_A3": "UKR", "BRK_DIFF": 0, "NAME": "Ukraine", "NAME_LONG": "Ukraine", "BRK_A3": "UKR", "BRK_NAME": "Ukraine", "BRK_GROUP": null, "ABBREV": "Ukr.", "POSTAL": "UA", "FORMAL_EN": "Ukraine", "FORMAL_FR": null, "NAME_CIAWF": "Ukraine", "NOTE_ADM0": null, "NOTE_BRK": null, "NAME_SORT": "Ukraine", "NAME_ALT": null, "MAPCOLOR7": 5, "MAPCOLOR8": 1, "MAPCOLOR9": 6, "MAPCOLOR13": 3, "POP_EST": 44385155, "POP_RANK": 15, "POP_YEAR": 2019, "GDP_MD": 153781, "GDP_YEAR": 2019, "ECONOMY": "6. Developing region", "INCOME_GRP": "4. Lower middle income", "FIPS_10": "UP", "ISO_A2": "UA", "ISO_A2_EH": "UA", "ISO_A3": "UKR", "ISO_A3_EH": "UKR", "ISO_N3": "804", "ISO_N3_EH": "804", "UN_A3": "804", "WB_A2": "UA", "WB_A3": "UKR", "WOE_ID": 23424976, "WOE_ID_EH": 23424976, "WOE_NOTE": "Exact WOE match as country", "ADM0_ISO": "UKR", "ADM0_DIFF": null, "ADM0_TLC": "UKR", "ADM0_A3_US": "UKR", "ADM0_A3_FR": "UKR", "ADM0_A3_RU": "UKR", "ADM0_A3_ES": "UKR", "ADM0_A3_CN": "UKR", "ADM0_A3_TW": "UKR", "ADM0_A3_IN": "UKR", "ADM0_A3_NP": "UKR", "ADM0_A3_PK": "UKR", "ADM0_A3_DE": "UKR", "ADM0_A3_GB": "UKR", "ADM0_A3_BR": "UKR", "ADM0_A3_IL": "UKR", "ADM0_A3_PS": "UKR", "ADM0_A3_SA": "UKR", "ADM0_A3_EG": "UKR", "ADM0_A3_MA": "UKR", "ADM0_A3_PT": "UKR", "ADM0_A3_AR": "UKR", "ADM0_A3_JP": "UKR", "ADM0_A3_KO": "UKR", "ADM0_A3_VN": "UKR", "ADM0_A3_TR": "UKR", "ADM0_A3_ID": "UKR", "ADM0_A3_PL": "UKR", "ADM0_A3_GR": "UKR", "ADM0_A3_IT": "UKR", "ADM0_A3_NL": "UKR", "ADM0_A3_SE": "UKR", "ADM0_A3_BD": "UKR", "ADM0_A3_UA": "UKR", "ADM0_A3_UN": -99, "ADM0_A3_WB": -99, "CONTINENT": "Europe", "REGION_UN": "Europe", "SUBREGION": "Eastern Europe", "REGION_WB": "Europe & Central Asia", "NAME_LEN": 7, "LONG_LEN": 7, "ABBREV_LEN": 4, "TINY": -99, "HOMEPART": 1, "MIN_ZOOM": 0, "MIN_LABEL": 2.7, "MAX_LABEL": 7, "LABEL_X": 32.140865, "LABEL_Y": 49.724739, "NE_ID": 1159321345, "WIKIDATAID": "Q212", "NAME_AR": "\u0623\u0648\u0643\u0631\u0627\u0646\u064a\u0627", "NAME_BN": "\u0987\u0989\u0995\u09cd\u09b0\u09c7\u09a8", "NAME_DE": "Ukraine", "NAME_EN": "Ukraine", "NAME_ES": "Ucrania", "NAME_FA": "\u0627\u0648\u06a9\u0631\u0627\u06cc\u0646", "NAME_FR": "Ukraine", "NAME_EL": "\u039f\u03c5\u03ba\u03c1\u03b1\u03bd\u03af\u03b1", "NAME_HE": "\u05d0\u05d5\u05e7\u05e8\u05d0\u05d9\u05e0\u05d4", "NAME_HI": "\u092f\u0941\u0915\u094d\u0930\u0947\u0928", "NAME_HU": "Ukrajna", "NAME_ID": "Ukraina", "NAME_IT": "Ucraina", "NAME_JA": "\u30a6\u30af\u30e9\u30a4\u30ca", "NAME_KO": "\uc6b0\ud06c\ub77c\uc774\ub098", "NAME_NL": "Oekra\u00efne", "NAME_PL": "Ukraina", "NAME_PT": "Ucr\u00e2nia", "NAME_RU": "\u0423\u043a\u0440\u0430\u0438\u043d\u0430", "NAME_SV": "Ukraina", "NAME_TR": "Ukrayna", "NAME_UK": "\u0423\u043a\u0440\u0430\u0457\u043d\u0430", "NAME_UR": "\u06cc\u0648\u06a9\u0631\u06cc\u0646", "NAME_VI": "Ukraina", "NAME_ZH": "\u4e4c\u514b\u5170", "NAME_ZHT": "\u70cf\u514b\u862d", "FCLASS_ISO": "Admin-0 country", "TLC_DIFF": null, "FCLASS_TLC": "Admin-0 country", "FCLASS_US": null, "FCLASS_FR": null, "FCLASS_RU": null, "FCLASS_ES": null, "FCLASS_CN": null, "FCLASS_TW": null, "FCLASS_IN": null, "FCLASS_NP": null, "FCLASS_PK": null, "FCLASS_DE": null, "FCLASS_GB": null, "FCLASS_BR": null, "FCLASS_IL": null, "FCLASS_PS": null, "FCLASS_SA": null, "FCLASS_EG": null, "FCLASS_MA": null, "FCLASS_PT": null, "FCLASS_AR": null, "FCLASS_JP": null, "FCLASS_KO": null, "FCLASS_VN": null, "FCLASS_TR": null, "FCLASS_ID": null, "FCLASS_PL": null, "FCLASS_GR": null, "FCLASS_IT": null, "FCLASS_NL": null, "FCLASS_SE": null, "FCLASS_BD": null, "FCLASS_UA": null}, "bbox": [22.085608, 45.293308, 40.080789, 52.335075], "geometry": {"type": "Polygon", "coordinates": [[[31.785992, 52.101678], [35.022183, 51.207572], [40.080789, 49.30743], [36.759855, 46.6987], [33.435988, 45.971917], [28.679779, 45.304031], [29.759972, 46.349988], [28.670891, 48.118149], [24.866317, 47.737526], [22.558138, 49.085738], [24.553106, 51.888461], [30.157364, 51.416138], [31.785992, 52.101678]]]}}, {"type": "Feature", "properties": {"featurecla": "Admin-0 country", "scalerank": 1, "LABELRANK": 3, "SOVEREIGNT": "Poland", "SOV_A3": "POL", "ADM0_DIF": 0, "LEVEL": 2, "TYPE": "Sovereign country", "TLC": "1", "ADMIN": "Poland", "ADM0_A3": "POL", "GEOU_DIF": 0, "GEOUNIT": "Poland", "GU_A3": "POL", "SU_DIF": 0, "SUBUNIT": "Poland", "SU_A3": "POL", "BRK_DIFF": 0, "NAME": "Poland", "NAME_LONG": "Poland", "BRK_A3": "POL", "BRK_NAME": "Poland", "BRK_GROUP": null, "ABBREV": "Pol.", "POSTAL": "PL", "FORMAL_EN": "Republic of Poland", "FORMAL_FR": null, "NAME_CIAWF": "Poland", "NOTE_ADM0": null, "NOTE_BRK": null, "NAME_SORT": "Poland", "NAME_ALT": null, "MAPCOLOR7": 3, "MAPCOLOR8": 7, "MAPCOLOR9": 1, "MAPCOLOR13": 2, "POP_EST": 37970874, "POP_RANK": 15, "POP_YEAR": 2019, "GDP_MD": 595858, "GDP_YEAR": 2019, "ECONOMY": "2. Developed region: nonG7", "INCOME_GRP": "1. High income: OECD", "FIPS_10": "PL", "ISO_A2": "PL", "ISO_A2_EH": "PL", "ISO_A3": "POL", "ISO_A3_EH": "POL", "ISO_N3": "616", "ISO_N3_EH": "616", "UN_A3": "616", "WB_A2": "PL", "WB_A3": "POL", "WOE_ID": 23424923, "WOE_ID_EH": 23424923, "WOE_NOTE": "Exact WOE match as country", "ADM0_ISO": "POL", "ADM0_DIFF": null, "ADM0_TLC": "POL", "ADM0_A3_US": "POL", "ADM0_A3_FR": "POL", "ADM0_A3_RU": "POL", "ADM0_A3_ES": "POL", "ADM0_A3_CN": "POL", "ADM0_A3_TW": "POL", "ADM0_A3_IN": "POL", "ADM0_A3_NP": "POL", "ADM0_A3_PK": "POL", "ADM0_A3_DE": "POL", "ADM0_A3_GB": "POL", "ADM0_A3_BR": "POL", "ADM0_A3_IL": "POL", "ADM0_A3_PS": "POL", "ADM0_A3_SA": "POL", "ADM0_A3_EG": "POL", "ADM0_A3_MA": "POL", "ADM0_A3_PT": "POL", "ADM0_A3_AR": "POL", "ADM0_A3_JP": "POL", "ADM0_A3_KO": "POL", "ADM0_A3_VN": "POL", "ADM0_A3_TR": "POL", "ADM0_A3_ID": "POL", "ADM0_A3_PL": "POL", "ADM0_A3_GR": "POL", "ADM0_A3_IT": "POL", "ADM0_A3_NL": "POL", "ADM0_A3_SE": "POL", "ADM0_A3_BD": "POL", "ADM0_A3_UA": "POL", "ADM0_A3_UN": -99, "ADM0_A3_WB": -99, "CONTINENT": "Europe", "REGION_UN": "Europe", "SUBREGION": "Eastern Europe", "REGION_WB": "Europe & Central Asia", "NAME_LEN": 6, "LONG_LEN": 6, "ABBREV_LEN": 4, "TINY": -99, "HOMEPART": 1, "MIN_ZOOM": 0, "MIN_LABEL": 2.5, "MAX_LABEL": 7, "LABEL_X": 19.490468, "LABEL_Y": 51.990316, "NE_ID": 1159321179, "WIKIDATAID": "Q36", "NAME_AR": "\u0628\u0648\u0644\u0646\u062f\u0627", "NAME_BN": "\u09aa\u09cb\u09b2\u09cd\u09af\u09be\u09a8\u09cd\u09a1", "NAME_DE": "Polen", "NAME_EN": "Poland", "NAME_ES": "Polonia", "NAME_FA": "\u0644\u0647\u0633\u062a\u0627\u0646", "NAME_FR": "Pologne", "NAME_EL": "\u03a0\u03bf\u03bb\u03c9\u03bd\u03af\u03b1", "NAME_HE": "\u05e4\u05d5\u05dc\u05d9\u05df", "NAME_HI": "\u092a\u094b\u0932\u0948\u0902\u0921", "NAME_HU": "Lengyelorsz\u00e1g", "NAME_ID": "Polandia", "NAME_IT": "Polonia", "NAME_JA": "\u30dd\u30fc\u30e9\u30f3\u30c9", "NAME_KO": "\ud3f4\ub780\ub4dc", "NAME_NL": "Polen", "NAME_PL": "Polska", "NAME_PT": "Pol\u00f3nia", "NAME_RU": "\u041f\u043e\u043b\u044c\u0448\u0430", "NAME_SV": "Polen", "NAME_TR": "Polonya", "NAME_UK": "\u041f\u043e\u043b\u044c\u0449\u0430", "NAME_UR": "\u067e\u0648\u0644\u06cc\u0646\u0688", "NAME_VI": "Ba Lan", "NAME_ZH": "\u6ce2\u5170", "NAME_ZHT": "\u6ce2\u862d", "FCLASS_ISO": "Admin-0 country", "TLC_DIFF": null, "FCLASS_TLC": "Admin-0 country", "FCLASS_US": null, "FCLASS_FR": null, "FCLASS_RU": null, "FCLASS_ES": null, "FCLASS_CN": null, "FCLASS_TW": null, "FCLASS_IN": null, "FCLASS_NP": null, "FCLASS_PK": null, "FCLASS_DE": null, "FCLASS_GB": null, "FCLASS_BR": null, "FCLASS_IL": null, "FCLASS_PS": null, "FCLASS_SA": null, "FCLASS_EG": null, "FCLASS_MA": null, "FCLASS_PT": null, "FCLASS_AR": null, "FCLASS_JP": null, "FCLASS_KO": null, "FCLASS_VN": null, "FCLASS_TR": null, "FCLASS_ID": null, "FCLASS_PL": null, "FCLASS_GR": null, "FCLASS_IT": null, "FCLASS_NL": null, "FCLASS_SE": null, "FCLASS_BD": null, "FCLASS_UA": null}, "bbox": [14.074521, 49.027395, 24.029986, 54.851536], "geometry": {"type": "Polygon", "coordinates": [[[23.484128, 53.912498], [23.922757, 50.424881], [19.825023, 49.217125], [16.719476, 50.215747], [14.074521, 52.981263], [19.66064, 54.426084], [23.484128, 53.912498]]]}}, {"type": "Feature", "properties": {"featurecla": "Admin-0 country", "scalerank": 1, "LABELRANK": 4, "SOVEREIGNT": "Austria", "SOV_A3": "AUT", "ADM0_DIF": 0, "LEVEL": 2, "TYPE": "Sovereign country", "TLC": "1", "ADMIN": "Austria", "ADM0_A3": "AUT", "GEOU_DIF": 0, "GEOUNIT": "Austria", "GU_A3": "AUT", "SU_DIF": 0, "SUBUNIT": "Austria", "SU_A3": "AUT", "BRK_DIFF": 0, "NAME": "Austria", "NAME_LONG": "Austria", "BRK_A3": "AUT", "BRK_NAME": "Austria", "BRK_GROUP": null, "ABBREV": "Aust.", "POSTAL": "A", "FORMAL_EN": "Republic of Austria", "FORMAL_FR": null, "NAME_CIAWF": "Austria", "NOTE_ADM0": null, "NOTE_BRK": null, "NAME_SORT": "Austria", "NAME_ALT": null, "MAPCOLOR7": 3, "MAPCOLOR8": 1, "MAPCOLOR9": 3, "MAPCOLOR13": 4, "POP_EST": 8877067, "POP_RANK": 13, "POP_YEAR": 2019, "GDP_MD": 445075, "GDP_YEAR": 2019, "ECONOMY": "2. Developed region: nonG7", "INCOME_GRP": "1. High income: OECD", "FIPS_10": "AU", "ISO_A2": "AT", "ISO_A2_EH": "AT", "ISO_A3": "AUT", "ISO_A3_EH": "AUT", "ISO_N3": "040", "ISO_N3_EH": "040", "UN_A3": "040", "WB_A2": "AT", "WB_A3": "AUT", "WOE_ID": 23424750, "WOE_ID_EH": 23424750, "WOE_NOTE": "Exact WOE match as country", "ADM0_ISO": "AUT", "ADM0_DIFF": null, "ADM0_TLC": "AUT", "ADM0_A3_US": "AUT", "ADM0_A3_FR": "AUT", "ADM0_A3_RU": "AUT", "ADM0_A3_ES": "AUT", "ADM0_A3_CN": "AUT", "ADM0_A3_TW": "AUT", "ADM0_A3_IN": "AUT", "ADM0_A3_NP": "AUT", "ADM0_A3_PK": "AUT", "ADM0_A3_DE": "AUT", "ADM0_A3_GB": "AUT", "ADM0_A3_BR": "AUT", "ADM0_A3_IL": "AUT", "ADM0_A3_PS": "AUT", "ADM0_A3_SA": "AUT", "ADM0_A3_EG": "AUT", "ADM0_A3_MA": "AUT", "ADM0_A3_PT": "AUT", "ADM0_A3_AR": "AUT", "ADM0_A3_JP": "AUT", "ADM0_A3_KO": "AUT", "ADM0_A3_VN": "AUT", "ADM0_A3_TR": "AUT", "ADM0_A3_ID": "AUT", "ADM0_A3_PL": "AUT", "ADM0_A3_GR": "AUT", "ADM0_A3_IT": "AUT", "ADM0_A3_NL": "AUT", "ADM0_A3_SE": "AUT", "ADM0_A3_BD": "AUT", "ADM0_A3_UA": "AUT", "ADM0_A3_UN": -99, "ADM0_A3_WB": -99, "CONTINENT": "Europe", "REGION_UN": "Europe", "SUBREGION": "Western Europe", "REGION_WB": "Europe & Central Asia", "NAME_LEN": 7, "LONG_LEN": 7, "ABBREV_LEN": 5, "TINY": -99, "HOMEPART": 1, "MIN_ZOOM": 0, "MIN_LABEL": 3, "MAX_LABEL": 8, "LABEL_X": 14.130515, "LABEL_Y": 47.518859, "NE_ID": 1159320379, "WIKIDATAID": "Q40", "NAME_AR": "\u0627\u0644\u0646\u0645\u0633\u0627", "NAME_BN": "\u0985\u09b8\u09cd\u099f\u09cd\u09b0\u09bf\u09af\u09bc\u09be", "NAME_DE": "\u00d6sterreich", "NAME_EN": "Austria", "NAME_ES": "Austria", "NAME_FA": "\u0627\u062a\u0631\u06cc\u0634", "NAME_FR": "Autriche", "NAME_EL": "\u0391\u03c5\u03c3\u03c4\u03c1\u03af\u03b1", "NAME_HE": "\u05d0\u05d5\u05e1\u05d8\u05e8\u05d9\u05d4", "NAME_HI": "\u0911\u0938\u094d\u091f\u094d\u0930\u093f\u092f\u093e", "NAME_HU": "Ausztria", "NAME_ID": "Austria", "NAME_IT": "Austria", "NAME_JA": "\u30aa\u30fc\u30b9\u30c8\u30ea\u30a2", "NAME_KO": "\uc624\uc2a4\ud2b8\ub9ac\uc544", "NAME_NL": "Oostenrijk", "NAME_PL": "Austria", "NAME_PT": "\u00c1ustria", "NAME_RU": "\u0410\u0432\u0441\u0442\u0440\u0438\u044f", "NAME_SV": "\u00d6sterrike", "NAME_TR": "Avusturya", "NAME_UK": "\u0410\u0432\u0441\u0442\u0440\u0456\u044f", "NAME_UR": "\u0622\u0633\u0679\u0631\u06cc\u0627", "NAME_VI": "\u00c1o", "NAME_ZH": "\u5965\u5730\u5229", "NAME_ZHT": "\u5967\u5730\u5229", "FCLASS_ISO": "Admin-0 country", "TLC_DIFF": null, "FCLASS_TLC": "Admin-0 country", "FCLASS_US": null, "FCLASS_FR": null, "FCLASS_RU": null, "FCLASS_ES": null, "FCLASS_CN": null, "FCLASS_TW": null, "FCLASS_IN": null, "FCLASS_NP": null, "FCLASS_PK": null, "FCLASS_DE": null, "FCLASS_GB": null, "FCLASS_BR": null, "FCLASS_IL": null, "FCLASS_PS": null, "FCLASS_SA": null, "FCLASS_EG": null, "FCLASS_MA": null, "FCLASS_PT": null, "FCLASS_AR": null, "FCLASS_JP": null, "FCLASS_KO": null, "FCLASS_VN": null, "FCLASS_TR": null, "FCLASS_ID": null, "FCLASS_PL": null, "FCLASS_GR": null, "FCLASS_IT": null, "FCLASS_NL": null, "FCLASS_SE": null, "FCLASS_BD": null, "FCLASS_UA": null}, "bbox": [9.47997, 46.431817, 16.979667, 49.039074], "geometry": {"type": "Polygon", "coordinates": [[[16.979667, 48.123497], [13.806475, 46.509306], [9.632932, 47.347601], [12.932627, 47.467646], [16.029647, 48.733899], [16.979667, 48.123497]]]}}, {"type": "Feature", "properties": {"featurecla": "Admin-0 country", "scalerank": 1, "LABELRANK": 5, "SOVEREIGNT": "Hungary", "SOV_A3": "HUN", "ADM0_DIF": 0, "LEVEL": 2, "TYPE": "Sovereign country", "TLC": "1", "ADMIN": "Hungary", "ADM0_A3": "HUN", "GEOU_DIF": 0, "GEOUNIT": "Hungary", "GU_A3": "HUN", "SU_DIF": 0, "SUBUNIT": "Hungary", "SU_A3": "HUN", "BRK_DIFF": 0, "NAME": "Hungary", "NAME_LONG": "Hungary", "BRK_A3": "HUN", "BRK_NAME": "Hungary", "BRK_GROUP": null, "ABBREV": "Hun.", "POSTAL": "HU", "FORMAL_EN": "Republic of Hungary", "FORMAL_FR": null, "NAME_CIAWF": "Hungary", "NOTE_ADM0": null, "NOTE_BRK": null, "NAME_SORT": "Hungary", "NAME_ALT": null, "MAPCOLOR7": 4, "MAPCOLOR8": 6, "MAPCOLOR9": 1, "MAPCOLOR13": 5, "POP_EST": 9769949, "POP_RANK": 13, "POP_YEAR": 2019, "GDP_MD": 163469, "GDP_YEAR": 2019, "ECONOMY": "2. Developed region: nonG7", "INCOME_GRP": "1. High income: OECD", "FIPS_10": "HU", "ISO_A2": "HU", "ISO_A2_EH": "HU", "ISO_A3": "HUN", "ISO_A3_EH": "HUN", "ISO_N3": "348", "ISO_N3_EH": "348", "UN_A3": "348", "WB_A2": "HU", "WB_A3": "HUN", "WOE_ID": 23424844, "WOE_ID_EH": 23424844, "WOE_NOTE": "Exact WOE match as country", "ADM0_ISO": "HUN", "ADM0_DIFF": null, "ADM0_TLC": "HUN", "ADM0_A3_US": "HUN", "ADM0_A3_FR": "HUN", "ADM0_A3_RU": "HUN", "ADM0_A3_ES": "HUN", "ADM0_A3_CN": "HUN", "ADM0_A3_TW": "HUN", "ADM0_A3_IN": "HUN", "ADM0_A3_NP": "HUN", "ADM0_A3_PK": "HUN", "ADM0_A3_DE": "HUN", "ADM0_A3_GB": "HUN", "ADM0_A3_BR": "HUN", "ADM0_A3_IL": "HUN", "ADM0_A3_PS": "HUN", "ADM0_A3_SA": "HUN", "ADM0_A3_EG": "HUN", "ADM0_A3_MA": "HUN", "ADM0_A3_PT": "HUN", "ADM0_A3_AR": "HUN", "ADM0_A3_JP": "HUN", "ADM0_A3_KO": "HUN", "ADM0_A3_VN": "HUN", "ADM0_A3_TR": "HUN", "ADM0_A3_ID": "HUN", "ADM0_A3_PL": "HUN", "ADM0_A3_GR": "HUN", "ADM0_A3_IT": "HUN", "ADM0_A3_NL": "HUN", "ADM0_A3_SE": "HUN", "ADM0_A3_BD": "HUN", "ADM0_A3_UA": "HUN", "ADM0_A3_UN": -99, "ADM0_A3_WB": -99, "CONTINENT": "Europe", "REGION_UN": "Europe", "SUBREGION": "Eastern Europe", "REGION_WB": "Europe & Central Asia", "NAME_LEN": 7, "LONG_LEN": 7, "ABBREV_LEN": 4, "TINY": -99, "HOMEPART": 1, "MIN_ZOOM": 0, "MIN_LABEL": 4, "MAX_LABEL": 9, "LABEL_X": 19.447867, "LABEL_Y": 47.086841, "NE_ID": 1159320841, "WIKIDATAID": "Q28", "NAME_AR": "\u0627\u0644\u0645\u062c\u0631", "NAME_BN": "\u09b9\u09be\u0999\u09cd\u0997\u09c7\u09b0\u09bf", "NAME_DE": "Ungarn", "NAME_EN": "Hungary", "NAME_ES": "Hungr\u00eda", "NAME_FA": "\u0645\u062c\u0627\u0631\u0633\u062a\u0627\u0646", "NAME_FR": "Hongrie", "NAME_EL": "\u039f\u03c5\u03b3\u03b3\u03b1\u03c1\u03af\u03b1", "NAME_HE": "\u05d4\u05d5\u05e0\u05d2\u05e8\u05d9\u05d4", "NAME_HI": "\u0939\u0902\u0917\u0930\u0940", "NAME_HU": "Magyarorsz\u00e1g", "NAME_ID": "Hongaria", "NAME_IT": "Ungheria", "NAME_JA": "\u30cf\u30f3\u30ac\u30ea\u30fc", "NAME_KO": "\ud5dd\uac00\ub9ac", "NAME_NL": "Hongarije", "NAME_PL": "W\u0119gry", "NAME_PT": "Hungria", "NAME_RU": "\u0412\u0435\u043d\u0433\u0440\u0438\u044f", "NAME_SV": "Ungern", "NAME_TR": "Macaristan", "NAME_UK": "\u0423\u0433\u043e\u0440\u0449\u0438\u043d\u0430", "NAME_UR": "\u06c1\u0646\u06af\u0631\u06cc", "NAME_VI": "Hungary", "NAME_ZH": "\u5308\u7259\u5229", "NAME_ZHT": "\u5308\u7259\u5229", "FCLASS_ISO": "Admin-0 country", "TLC_DIFF": null, "FCLASS_TLC": "Admin-0 country", "FCLASS_US": null, "FCLASS_FR": null, "FCLASS_RU": null, "FCLASS_ES": null, "FCLASS_CN": null, "FCLASS_TW": null, "FCLASS_IN": null, "FCLASS_NP": null, "FCLASS_PK": null, "FCLASS_DE": null, "FCLASS_GB": null, "FCLASS_BR": null, "FCLASS_IL": null, "FCLASS_PS": null, "FCLASS_SA": null, "FCLASS_EG": null, "FCLASS_MA": null, "FCLASS_PT": null, "FCLASS_AR": null, "FCLASS_JP": null, "FCLASS_KO": null, "FCLASS_VN": null, "FCLASS_TR": null, "FCLASS_ID": null, "FCLASS_PL": null, "FCLASS_GR": null, "FCLASS_IT": null, "FCLASS_NL": null, "FCLASS_SE": null, "FCLASS_BD": null, "FCLASS_UA": null}, "bbox": [16.202298, 45.759481, 22.710531, 48.623854], "geometry": {"type": "Polygon", "coordinates": [[[22.085608, 48.422264], [18.829838, 45.908878], [16.534268, 47.496171], [19.174365, 48.111379], [22.085608, 48.422264]]]}}, {"type": "Feature", "properties": {"featurecla": "Admin-0 country", "scalerank": 1, "LABELRANK": 6, "SOVEREIGNT": "Moldova", "SOV_A3": "MDA", "ADM0_DIF": 0, "LEVEL": 2, "TYPE": "Sovereign country", "TLC": "1", "ADMIN": "Moldova", "ADM0_A3": "MDA", "GEOU_DIF": 0, "GEOUNIT": "Moldova", "GU_A3": "MDA", "SU_DIF": 0, "SUBUNIT": "Moldova", "SU_A3": "MDA", "BRK_DIFF": 0, "NAME": "Moldova", "NAME_LONG": "Moldova", "BRK_A3": "MDA", "BRK_NAME": "Moldova", "BRK_GROUP": null, "ABBREV": "Mda.", "POSTAL": "MD", "FORMAL_EN": "Republic of Moldova", "FORMAL_FR": null, "NAME_CIAWF": "Moldova", "NOTE_ADM0": null, "NOTE_BRK": null, "NAME_SORT": "Moldova", "NAME_ALT": null, "MAPCOLOR7": 3, "MAPCOLOR8": 5, "MAPCOLOR9": 4, "MAPCOLOR13": 12, "POP_EST": 2657637, "POP_RANK": 12, "POP_YEAR": 2019, "GDP_MD": 11968, "GDP_YEAR": 2019, "ECONOMY": "6. Developing region", "INCOME_GRP": "4. Lower middle income", "FIPS_10": "MD", "ISO_A2": "MD", "ISO_A2_EH": "MD", "ISO_A3": "MDA", "ISO_A3_EH": "MDA", "ISO_N3": "498", "ISO_N3_EH": "498", "UN_A3": "498", "WB_A2": "MD", "WB_A3": "MDA", "WOE_ID": 23424885, "WOE_ID_EH": 23424885, "WOE_NOTE": "Exact WOE match as country", "ADM0_ISO": "MDA", "ADM0_DIFF": null, "ADM0_TLC": "MDA", "ADM0_A3_US": "MDA", "ADM0_A3_FR": "MDA", "ADM0_A3_RU": "MDA", "ADM0_A3_ES": "MDA", "ADM0_A3_CN": "MDA", "ADM0_A3_TW": "MDA", "ADM0_A3_IN": "MDA", "ADM0_A3_NP": "MDA", "ADM0_A3_PK": "MDA", "ADM0_A3_DE": "MDA", "ADM0_A3_GB": "MDA", "ADM0_A3_BR": "MDA", "ADM0_A3_IL": "MDA", "ADM0_A3_PS": "MDA", "ADM0_A3_SA": "MDA", "ADM0_A3_EG": "MDA", "ADM0_A3_MA": "MDA", "ADM0_A3_PT": "MDA", "ADM0_A3_AR": "MDA", "ADM0_A3_JP": "MDA", "ADM0_A3_KO": "MDA", "ADM0_A3_VN": "MDA", "ADM0_A3_TR": "MDA", "ADM0_A3_ID": "MDA", "ADM0_A3_PL": "MDA", "ADM0_A3_GR": "MDA", "ADM0_A3_IT": "MDA", "ADM0_A3_NL": "MDA", "ADM0_A3_SE": "MDA", "ADM0_A3_BD": "MDA", "ADM0_A3_UA": "MDA", "ADM0_A3_UN": -99, "ADM0_A3_WB": -99, "CONTINENT": "Europe", "REGION_UN": "Europe", "SUBREGION": "Eastern Europe", "REGION_WB": "Europe & Central Asia", "NAME_LEN": 7, "LONG_LEN": 7, "ABBREV_LEN": 4, "TINY": -99, "HOMEPART": 1, "MIN_ZOOM": 0, "MIN_LABEL": 5, "MAX_LABEL": 10, "LABEL_X": 28.487904, "LABEL_Y": 47.434999, "NE_ID": 1159321045, "WIKIDATAID": "Q217", "NAME_AR": "\u0645\u0648\u0644\u062f\u0648\u0641\u0627", "NAME_BN": "\u09ae\u09b2\u09a6\u09cb\u09ad\u09be", "NAME_DE": "Republik Moldau", "NAME_EN": "Moldova", "NAME_ES": "Moldavia", "NAME_FA": "\u0645\u0648\u0644\u062f\u0627\u0648\u06cc", "NAME_FR": "Moldavie", "NAME_EL": "\u039c\u03bf\u03bb\u03b4\u03b1\u03b2\u03af\u03b1", "NAME_HE": "\u05de\u05d5\u05dc\u05d3\u05d5\u05d1\u05d4", "NAME_HI": "\u092e\u0949\u0932\u094d\u0921\u094b\u0935\u093e", "NAME_HU": "Moldova", "NAME_ID": "Moldova", "NAME_IT": "Moldavia", "NAME_JA": "\u30e2\u30eb\u30c9\u30d0", "NAME_KO": "\ubab0\ub3c4\ubc14", "NAME_NL": "Moldavi\u00eb", "NAME_PL": "Mo\u0142dawia", "NAME_PT": "Mold\u00e1via", "NAME_RU": "\u041c\u043e\u043b\u0434\u0430\u0432\u0438\u044f", "NAME_SV": "Moldavien", "NAME_TR": "Moldova", "NAME_UK": "\u041c\u043e\u043b\u0434\u043e\u0432\u0430", "NAME_UR": "\u0645\u0627\u0644\u062f\u0648\u0648\u0627", "NAME_VI": "Moldova", "NAME_ZH": "\u6469\u5c14\u591a\u74e6", "NAME_ZHT": "\u6469\u723e\u591a\u74e6", "FCLASS_ISO": "Admin-0 country", "TLC_DIFF": null, "FCLASS_TLC": "Admin-0 country", "FCLASS_US": null, "FCLASS_FR": null, "FCLASS_RU": null, "FCLASS_ES": null, "FCLASS_CN": null, "FCLASS_TW": null, "FCLASS_IN": null, "FCLASS_NP": null, "FCLASS_PK": null, "FCLASS_DE": null, "FCLASS_GB": null, "FCLASS_BR": null, "FCLASS_IL": null, "FCLASS_PS": null, "FCLASS_SA": null, "FCLASS_EG": null, "FCLASS_MA": null, "FCLASS_PT": null, "FCLASS_AR": null, "FCLASS_JP": null, "FCLASS_KO": null, "FCLASS_VN": null, "FCLASS_TR": null, "FCLASS_ID": null, "FCLASS_PL": null, "FCLASS_GR": null, "FCLASS_IT": null, "FCLASS_NL": null, "FCLASS_SE": null, "FCLASS_BD": null, "FCLASS_UA": null}, "bbox": [26.619337, 45.488283, 30.024659, 48.467119], "geometry": {"type": "Polygon", "coordinates": [[[26.619337, 48.220726], [29.559674, 46.928583], [28.933717, 46.25883], [27.233873, 47.826771], [26.619337, 48.220726]]]}}, {"type": "Feature", "properties": {"featurecla": "Admin-0 country", "scalerank": 1, "LABELRANK": 3, "SOVEREIGNT": "Romania", "SOV_A3": "ROU", "ADM0_DIF": 0, "LEVEL": 2, "TYPE": "Sovereign country", "TLC": "1", "ADMIN": "Romania", "ADM0_A3": "ROU", "GEOU_DIF": 0, "GEOUNIT": "Romania", "GU_A3": "ROU", "SU_DIF": 0, "SUBUNIT": "Romania", "SU_A3": "ROU", "BRK_DIFF": 0, "NAME": "Romania", "NAME_LONG": "Romania", "BRK_A3": "ROU", "BRK_NAME": "Romania", "BRK_GROUP": null, "ABBREV": "Rom.", "POSTAL": "RO", "FORMAL_EN": "Romania", "FORMAL_FR": null, "NAME_CIAWF": "Romania", "NOTE_ADM0": null, "NOTE_BRK": null, "NAME_SORT": "Romania", "NAME_ALT": null, "MAPCOLOR7": 1, "MAPCOLOR8": 4, "MAPCOLOR9": 3, "MAPCOLOR13": 13, "POP_EST": 19356544, "POP_RANK": 14, "POP_YEAR": 2019, "GDP_MD": 250077, "GDP_YEAR": 2019, "ECONOMY": "2. Developed region: nonG7", "INCOME_GRP": "3. Upper middle income", "FIPS_10": "RO", "ISO_A2": "RO", "ISO_A2_EH": "RO", "ISO_A3": "ROU", "ISO_A3_EH": "ROU", "ISO_N3": "642", "ISO_N3_EH": "642", "UN_A3": "642", "WB_A2": "RO", "WB_A3": "ROM", "WOE_ID": 23424933, "WOE_ID_EH": 23424933, "WOE_NOTE": "Exact WOE match as country", "ADM0_ISO": "ROU", "ADM0_DIFF": null, "ADM0_TLC": "ROU", "ADM0_A3_US": "ROU", "ADM0_A3_FR": "ROU", "ADM0_A3_RU": "ROU", "ADM0_A3_ES": "ROU", "ADM0_A3_CN": "ROU", "ADM0_A3_TW": "ROU", "ADM0_A3_IN": "ROU", "ADM0_A3_NP": "ROU", "ADM0_A3_PK": "ROU", "ADM0_A3_DE": "ROU", "ADM0_A3_GB": "ROU", "ADM0_A3_BR": "ROU", "ADM0_A3_IL": "ROU", "ADM0_A3_PS": "ROU", "ADM0_A3_SA": "ROU", "ADM0_A3_EG": "ROU", "ADM0_A3_MA": "ROU", "ADM0_A3_PT": "ROU", "ADM0_A3_AR": "ROU", "ADM0_A3_JP": "ROU", "ADM0_A3_KO": "ROU", "ADM0_A3_VN": "ROU", "ADM0_A3_TR": "ROU", "ADM0_A3_ID": "ROU", "ADM0_A3_PL": "ROU", "ADM0_A3_GR": "ROU", "ADM0_A3_IT": "ROU", "ADM0_A3_NL": "ROU", "ADM0_A3_SE": "ROU", "ADM0_A3_BD": "ROU", "ADM0_A3_UA": "ROU", "ADM0_A3_UN": -99, "ADM0_A3_WB": -99, "CONTINENT": "Europe", "REGION_UN": "Europe", "SUBREGION": "Eastern Europe", "REGION_WB": "Europe & Central Asia", "NAME_LEN": 7, "LONG_LEN": 7, "ABBREV_LEN": 4, "TINY": -99, "HOMEPART": 1, "MIN_ZOOM": 0, "MIN_LABEL": 3, "MAX_LABEL": 8, "LABEL_X": 24.972624, "LABEL_Y": 45.733237, "NE_ID": 1159321199, "WIKIDATAID": "Q218", "NAME_AR": "\u0631\u0648\u0645\u0627\u0646\u064a\u0627", "NAME_BN": "\u09b0\u09cb\u09ae\u09be\u09a8\u09bf\u09af\u09bc\u09be", "NAME_DE": "Rum\u00e4nien", "NAME_EN": "Romania", "NAME_ES": "Rumania", "NAME_FA": "\u0631\u0648\u0645\u0627\u0646\u06cc", "NAME_FR": "Roumanie", "NAME_EL": "\u03a1\u03bf\u03c5\u03bc\u03b1\u03bd\u03af\u03b1", "NAME_HE": "\u05e8\u05d5\u05de\u05e0\u05d9\u05d4", "NAME_HI": "\u0930\u094b\u092e\u093e\u0928\u093f\u092f\u093e", "NAME_HU": "Rom\u00e1nia", "NAME_ID": "Rumania", "NAME_IT": "Romania", "NAME_JA": "\u30eb\u30fc\u30de\u30cb\u30a2", "NAME_KO": "\ub8e8\ub9c8\ub2c8\uc544", "NAME_NL": "Roemeni\u00eb", "NAME_PL": "Rumunia", "NAME_PT": "Rom\u00e9nia", "NAME_RU": "\u0420\u0443\u043c\u044b\u043d\u0438\u044f", "NAME_SV": "Rum\u00e4nien", "NAME_TR": "Romanya", "NAME_UK": "\u0420\u0443\u043c\u0443\u043d\u0456\u044f", "NAME_UR": "\u0631\u0648\u0645\u0627\u0646\u06cc\u06c1", "NAME_VI": "Romania", "NAME_ZH": "\u7f57\u9a6c\u5c3c\u4e9a", "NAME_ZHT": "\u7f85\u99ac\u5c3c\u4e9e", "FCLASS_ISO": "Admin-0 country", "TLC_DIFF": null, "FCLASS_TLC": "Admin-0 country", "FCLASS_US": null, "FCLASS_FR": null, "FCLASS_RU": null, "FCLASS_ES": null, "FCLASS_CN": null, "FCLASS_TW": null, "FCLASS_IN": null, "FCLASS_NP": null, "FCLASS_PK": null, "FCLASS_DE": null, "FCLASS_GB": null, "FCLASS_BR": null, "FCLASS_IL": null, "FCLASS_PS": null, "FCLASS_SA": null, "FCLASS_EG": null, "FCLASS_MA": null, "FCLASS_PT": null, "FCLASS_AR": null, "FCLASS_JP": null, "FCLASS_KO": null, "FCLASS_VN": null, "FCLASS_TR": null, "FCLASS_ID": null, "FCLASS_PL": null, "FCLASS_GR": null, "FCLASS_IT": null, "FCLASS_NL": null, "FCLASS_SE": null, "FCLASS_BD": null, "FCLASS_UA": null}, "bbox": [20.220192, 43.688445, 29.626543, 48.220881], "geometry": {"type": "Polygon", "coordinates": [[[28.233554, 45.488283], [27.970107, 43.812468], [22.474008, 44.409228], [20.220192, 46.127469], [24.866317, 47.737526], [28.12803, 46.810476], [28.233554, 45.488283]]]}}, {"type": "Feature", "properties": {"featurecla": "Admin-0 country", "scalerank": 1, "LABELRANK": 5, "SOVEREIGNT": "Lithuania", "SOV_A3": "LTU", "ADM0_DIF": 0, "LEVEL": 2, "TYPE": "Sovereign country", "TLC": "1", "ADMIN": "Lithuania", "ADM0_A3": "LTU", "GEOU_DIF": 0, "GEOUNIT": "Lithuania", "GU_A3": "LTU", "SU_DIF": 0, "SUBUNIT": "Lithuania", "SU_A3": "LTU", "BRK_DIFF": 0, "NAME": "Lithuania", "NAME_LONG": "Lithuania", "BRK_A3": "LTU", "BRK_NAME": "Lithuania", "BRK_GROUP": null, "ABBREV": "Lith.", "POSTAL": "LT", "FORMAL_EN": "Republic of Lithuania", "FORMAL_FR": null, "NAME_CIAWF": "Lithuania", "NOTE_ADM0": null, "NOTE_BRK": null, "NAME_SORT": "Lithuania", "NAME_ALT": null, "MAPCOLOR7": 6, "MAPCOLOR8": 3, "MAPCOLOR9": 3, "MAPCOLOR13": 9, "POP_EST": 2786844, "POP_RANK": 12, "POP_YEAR": 2019, "GDP_MD": 54627, "GDP_YEAR": 2019, "ECONOMY": "2. Developed region: nonG7", "INCOME_GRP": "3. Upper middle income", "FIPS_10": "LH", "ISO_A2": "LT", "ISO_A2_EH": "LT", "ISO_A3": "LTU", "ISO_A3_EH": "LTU", "ISO_N3": "440", "ISO_N3_EH": "440", "UN_A3": "440", "WB_A2": "LT", "WB_A3": "LTU", "WOE_ID": 23424875, "WOE_ID_EH": 23424875, "WOE_NOTE": "Exact WOE match as country", "ADM0_ISO": "LTU", "ADM0_DIFF": null, "ADM0_TLC": "LTU", "ADM0_A3_US": "LTU", "ADM0_A3_FR": "LTU", "ADM0_A3_RU": "LTU", "ADM0_A3_ES": "LTU", "ADM0_A3_CN": "LTU", "ADM0_A3_TW": "LTU", "ADM0_A3_IN": "LTU", "ADM0_A3_NP": "LTU", "ADM0_A3_PK": "LTU", "ADM0_A3_DE": "LTU", "ADM0_A3_GB": "LTU", "ADM0_A3_BR": "LTU", "ADM0_A3_IL": "LTU", "ADM0_A3_PS": "LTU", "ADM0_A3_SA": "LTU", "ADM0_A3_EG": "LTU", "ADM0_A3_MA": "LTU", "ADM0_A3_PT": "LTU", "ADM0_A3_AR": "LTU", "ADM0_A3_JP": "LTU", "ADM0_A3_KO": "LTU", "ADM0_A3_VN": "LTU", "ADM0_A3_TR": "LTU", "ADM0_A3_ID": "LTU", "ADM0_A3_PL": "LTU", "ADM0_A3_GR": "LTU", "ADM0_A3_IT": "LTU", "ADM0_A3_NL": "LTU", "ADM0_A3_SE": "LTU", "ADM0_A3_BD": "LTU", "ADM0_A3_UA": "LTU", "ADM0_A3_UN": -99, "ADM0_A3_WB": -99, "CONTINENT": "Europe", "REGION_UN": "Europe", "SUBREGION": "Northern Europe", "REGION_WB": "Europe & Central Asia", "NAME_LEN": 9, "LONG_LEN": 9, "ABBREV_LEN": 5, "TINY": -99, "HOMEPART": 1, "MIN_ZOOM": 0, "MIN_LABEL": 4, "MAX_LABEL": 9, "LABEL_X": 24.089932, "LABEL_Y": 55.103703, "NE_ID": 1159321029, "WIKIDATAID": "Q37", "NAME_AR": "\u0644\u064a\u062a\u0648\u0627\u0646\u064a\u0627", "NAME_BN": "\u09b2\u09bf\u09a5\u09c1\u09af\u09bc\u09be\u09a8\u09bf\u09af\u09bc\u09be", "NAME_DE": "Litauen", "NAME_EN": "Lithuania", "NAME_ES": "Lituania", "NAME_FA": "\u0644\u06cc\u062a\u0648\u0627\u0646\u06cc", "NAME_FR": "Lituanie", "NAME_EL": "\u039b\u03b9\u03b8\u03bf\u03c5\u03b1\u03bd\u03af\u03b1", "NAME_HE": "\u05dc\u05d9\u05d8\u05d0", "NAME_HI": "\u0932\u093f\u0925\u0941\u0906\u0928\u093f\u092f\u093e", "NAME_HU": "Litv\u00e1nia", "NAME_ID": "Lituania", "NAME_IT": "Lituania", "NAME_JA": "\u30ea\u30c8\u30a2\u30cb\u30a2", "NAME_KO": "\ub9ac\ud22c\uc544\ub2c8\uc544", "NAME_NL": "Litouwen", "NAME_PL": "Litwa", "NAME_PT": "Litu\u00e2nia", "NAME_RU": "\u041b\u0438\u0442\u0432\u0430", "NAME_SV": "Litauen", "NAME_TR": "Litvanya", "NAME_UK": "\u041b\u0438\u0442\u0432\u0430", "NAME_UR": "\u0644\u062a\u06be\u0648\u0648\u06cc\u0646\u06cc\u0627", "NAME_VI": "Litva", "NAME_ZH": "\u7acb\u9676\u5b9b", "NAME_ZHT": "\u7acb\u9676\u5b9b", "FCLASS_ISO": "Admin-0 country", "TLC_DIFF": null, "FCLASS_TLC": "Admin-0 country", "FCLASS_US": null, "FCLASS_FR": null, "FCLASS_RU": null, "FCLASS_ES": null, "FCLASS_CN": null, "FCLASS_TW": null, "FCLASS_IN": null, "FCLASS_NP": null, "FCLASS_PK": null, "FCLASS_DE": null, "FCLASS_GB": null, "FCLASS_BR": null, "FCLASS_IL": null, "FCLASS_PS": null, "FCLASS_SA": null, "FCLASS_EG": null, "FCLASS_MA": null, "FCLASS_PT": null, "FCLASS_AR": null, "FCLASS_JP": null, "FCLASS_KO": null, "FCLASS_VN": null, "FCLASS_TR": null, "FCLASS_ID": null, "FCLASS_PL": null, "FCLASS_GR": null, "FCLASS_IT": null, "FCLASS_NL": null, "FCLASS_SE": null, "FCLASS_BD": null, "FCLASS_UA": null}, "bbox": [21.0558, 53.905702, 26.588279, 56.372528], "geometry": {"type": "Polygon", "coordinates": [[[26.494331, 55.615107], [22.651052, 54.582741], [25.000934, 56.164531], [26.494331, 55.615107]]]}}, {"type": "Feature", "properties": {"featurecla": "Admin-0 country", "scalerank": 1, "LABELRANK": 5, "SOVEREIGNT": "Latvia", "SOV_A3": "LVA", "ADM0_DIF": 0, "LEVEL": 2, "TYPE": "Sovereign country", "TLC": "1", "ADMIN": "Latvia", "ADM0_A3": "LVA", "GEOU_DIF": 0, "GEOUNIT": "Latvia", "GU_A3": "LVA", "SU_DIF": 0, "SUBUNIT": "Latvia", "SU_A3": "LVA", "BRK_DIFF": 0, "NAME": "Latvia", "NAME_LONG": "Latvia", "BRK_A3": "LVA", "BRK_NAME": "Latvia", "BRK_GROUP": null, "ABBREV": "Lat.", "POSTAL": "LV", "FORMAL_EN": "Republic of Latvia", "FORMAL_FR": null, "NAME_CIAWF": "Latvia", "NOTE_ADM0": null, "NOTE_BRK": null, "NAME_SORT": "Latvia", "NAME_ALT": null, "MAPCOLOR7": 4, "MAPCOLOR8": 7, "MAPCOLOR9": 6, "MAPCOLOR13": 13, "POP_EST": 1912789, "POP_RANK": 12, "POP_YEAR": 2019, "GDP_MD": 34102, "GDP_YEAR": 2019, "ECONOMY": "2. Developed region: nonG7", "INCOME_GRP": "3. Upper middle income", "FIPS_10": "LG", "ISO_A2": "LV", "ISO_A2_EH": "LV", "ISO_A3": "LVA", "ISO_A3_EH": "LVA", "ISO_N3": "428", "ISO_N3_EH": "428", "UN_A3": "428", "WB_A2": "LV", "WB_A3": "LVA", "WOE_ID": 23424874, "WOE_ID_EH": 23424874, "WOE_NOTE": "Exact WOE match as country", "ADM0_ISO": "LVA", "ADM0_DIFF": null, "ADM0_TLC": "LVA", "ADM0_A3_US": "LVA", "ADM0_A3_FR": "LVA", "ADM0_A3_RU": "LVA", "ADM0_A3_ES": "LVA", "ADM0_A3_CN": "LVA", "ADM0_A3_TW": "LVA", "ADM0_A3_IN": "LVA", "ADM0_A3_NP": "LVA", "ADM0_A3_PK": "LVA", "ADM0_A3_DE": "LVA", "ADM0_A3_GB": "LVA", "ADM0_A3_BR": "LVA", "ADM0_A3_IL": "LVA", "ADM0_A3_PS": "LVA", "ADM0_A3_SA": "LVA", "ADM0_A3_EG": "LVA", "ADM0_A3_MA": "LVA", "ADM0_A3_PT": "LVA", "ADM0_A3_AR": "LVA", "ADM0_A3_JP": "LVA", "ADM0_A3_KO": "LVA", "ADM0_A3_VN": "LVA", "ADM0_A3_TR": "LVA", "ADM0_A3_ID": "LVA", "ADM0_A3_PL": "LVA", "ADM0_A3_GR": "LVA", "ADM0_A3_IT": "LVA", "ADM0_A3_NL": "LVA", "ADM0_A3_SE": "LVA", "ADM0_A3_BD": "LVA", "ADM0_A3_UA": "LVA", "ADM0_A3_UN": -99, "ADM0_A3_WB": -99, "CONTINENT": "Europe", "REGION_UN": "Europe", "SUBREGION": "Northern Europe", "REGION_WB": "Europe & Central Asia", "NAME_LEN": 6, "LONG_LEN": 6, "ABBREV_LEN": 4, "TINY": -99, "HOMEPART": 1, "MIN_ZOOM": 0, "MIN_LABEL": 4, "MAX_LABEL": 9, "LABEL_X": 25.458723, "LABEL_Y": 57.066872, "NE_ID": 1159321033, "WIKIDATAID": "Q211", "NAME_AR": "\u0644\u0627\u062a\u0641\u064a\u0627", "NAME_BN": "\u09b2\u09be\u09a4\u09ad\u09bf\u09af\u09bc\u09be", "NAME_DE": "Lettland", "NAME_EN": "Latvia", "NAME_ES": "Letonia", "NAME_FA": "\u0644\u062a\u0648\u0646\u06cc", "NAME_FR": "Lettonie", "NAME_EL": "\u039b\u03b5\u03c4\u03bf\u03bd\u03af\u03b1", "NAME_HE": "\u05dc\u05d8\u05d1\u05d9\u05d4", "NAME_HI": "\u0932\u093e\u0924\u0935\u093f\u092f\u093e", "NAME_HU": "Lettorsz\u00e1g", "NAME_ID": "Latvia", "NAME_IT": "Lettonia", "NAME_JA": "\u30e9\u30c8\u30d3\u30a2", "NAME_KO": "\ub77c\ud2b8\ube44\uc544", "NAME_NL": "Letland", "NAME_PL": "\u0141otwa", "NAME_PT": "Let\u00f3nia", "NAME_RU": "\u041b\u0430\u0442\u0432\u0438\u044f", "NAME_SV": "Lettland", "NAME_TR": "Letonya", "NAME_UK": "\u041b\u0430\u0442\u0432\u0456\u044f", "NAME_UR": "\u0644\u0679\u0648\u06cc\u0627", "NAME_VI": "Latvia", "NAME_ZH": "\u62c9\u8131\u7ef4\u4e9a", "NAME_ZHT": "\u62c9\u812b\u7dad\u4e9e", "FCLASS_ISO": "Admin-0 country", "TLC_DIFF": null, "FCLASS_TLC": "Admin-0 country", "FCLASS_US": null, "FCLASS_FR": null, "FCLASS_RU": null, "FCLASS_ES": null, "FCLASS_CN": null, "FCLASS_TW": null, "FCLASS_IN": null, "FCLASS_NP": null, "FCLASS_PK": null, "FCLASS_DE": null, "FCLASS_GB": null, "FCLASS_BR": null, "FCLASS_IL": null, "FCLASS_PS": null, "FCLASS_SA": null, "FCLASS_EG": null, "FCLASS_MA": null, "FCLASS_PT": null, "FCLASS_AR": null, "FCLASS_JP": null, "FCLASS_KO": null, "FCLASS_VN": null, "FCLASS_TR": null, "FCLASS_ID": null, "FCLASS_PL": null, "FCLASS_GR": null, "FCLASS_IT": null, "FCLASS_NL": null, "FCLASS_SE": null, "FCLASS_BD": null, "FCLASS_UA": null}, "bbox": [21.0558, 55.615107, 28.176709, 57.970157], "geometry": {"type": "Polygon", "coordinates": [[[27.288185, 57.474528], [24.860684, 56.372528], [24.12073, 57.025693], [27.288185, 57.474528]]]}}, {"type": "Feature", "properties": {"featurecla": "Admin-0 country", "scalerank": 1, "LABELRANK": 6, "SOVEREIGNT": "Estonia", "SOV_A3": "EST", "ADM0_DIF": 0, "LEVEL": 2, "TYPE": "Sovereign country", "TLC": "1", "ADMIN": "Estonia", "ADM0_A3": "EST", "GEOU_DIF": 0, "GEOUNIT": "Estonia", "GU_A3": "EST", "SU_DIF": 0, "SUBUNIT": "Estonia", "SU_A3": "EST", "BRK_DIFF": 0, "NAME": "Estonia", "NAME_LONG": "Estonia", "BRK_A3": "EST", "BRK_NAME": "Estonia", "BRK_GROUP": null, "ABBREV": "Est.", "POSTAL": "EST", "FORMAL_EN": "Republic of Estonia", "FORMAL_FR": null, "NAME_CIAWF": "Estonia", "NOTE_ADM0": null, "NOTE_BRK": null, "NAME_SORT": "Estonia", "NAME_ALT": null, "MAPCOLOR7": 3, "MAPCOLOR8": 2, "MAPCOLOR9": 1, "MAPCOLOR13": 10, "POP_EST": 1326590, "POP_RANK": 12, "POP_YEAR": 2019, "GDP_MD": 31471, "GDP_YEAR": 2019, "ECONOMY": "2. Developed region: nonG7", "INCOME_GRP": "1. High income: OECD", "FIPS_10": "EN", "ISO_A2": "EE", "ISO_A2_EH": "EE", "ISO_A3": "EST", "ISO_A3_EH": "EST", "ISO_N3": "233", "ISO_N3_EH": "233", "UN_A3": "233", "WB_A2": "EE", "WB_A3": "EST", "WOE_ID": 23424805, "WOE_ID_EH": 23424805, "WOE_NOTE": "Exact WOE match as country", "ADM0_ISO": "EST", "ADM0_DIFF": null, "ADM0_TLC": "EST", "ADM0_A3_US": "EST", "ADM0_A3_FR": "EST", "ADM0_A3_RU": "EST", "ADM0_A3_ES": "EST", "ADM0_A3_CN": "EST", "ADM0_A3_TW": "EST", "ADM0_A3_IN": "EST", "ADM0_A3_NP": "EST", "ADM0_A3_PK": "EST", "ADM0_A3_DE": "EST", "ADM0_A3_GB": "EST", "ADM0_A3_BR": "EST", "ADM0_A3_IL": "EST", "ADM0_A3_PS": "EST", "ADM0_A3_SA": "EST", "ADM0_A3_EG": "EST", "ADM0_A3_MA": "EST", "ADM0_A3_PT": "EST", "ADM0_A3_AR": "EST", "ADM0_A3_JP": "EST", "ADM0_A3_KO": "EST", "ADM0_A3_VN": "EST", "ADM0_A3_TR": "EST", "ADM0_A3_ID": "EST", "ADM0_A3_PL": "EST", "ADM0_A3_GR": "EST", "ADM0_A3_IT": "EST", "ADM0_A3_NL": "EST", "ADM0_A3_SE": "EST", "ADM0_A3_BD": "EST", "ADM0_A3_UA": "EST", "ADM0_A3_UN": -99, "ADM0_A3_WB": -99, "CONTINENT": "Europe", "REGION_UN": "Europe", "SUBREGION": "Northern Europe", "REGION_WB": "Europe & Central Asia", "NAME_LEN": 7, "LONG_LEN": 7, "ABBREV_LEN": 4, "TINY": -99, "HOMEPART": 1, "MIN_ZOOM": 0, "MIN_LABEL": 3, "MAX_LABEL": 8, "LABEL_X": 25.867126, "LABEL_Y": 58.724865, "NE_ID": 1159320615, "WIKIDATAID": "Q191", "NAME_AR": "\u0625\u0633\u062a\u0648\u0646\u064a\u0627", "NAME_BN": "\u098f\u09b8\u09cd\u09a4\u09cb\u09a8\u09bf\u09af\u09bc\u09be", "NAME_DE": "Estland", "NAME_EN": "Estonia", "NAME_ES": "Estonia", "NAME_FA": "\u0627\u0633\u062a\u0648\u0646\u06cc", "NAME_FR": "Estonie", "NAME_EL": "\u0395\u03c3\u03b8\u03bf\u03bd\u03af\u03b1", "NAME_HE": "\u05d0\u05e1\u05d8\u05d5\u05e0\u05d9\u05d4", "NAME_HI": "\u090f\u0938\u094d\u091f\u094b\u0928\u093f\u092f\u093e", "NAME_HU": "\u00c9sztorsz\u00e1g", "NAME_ID": "Estonia", "NAME_IT": "Estonia", "NAME_JA": "\u30a8\u30b9\u30c8\u30cb\u30a2", "NAME_KO": "\uc5d0\uc2a4\ud1a0\ub2c8\uc544", "NAME_NL": "Estland", "NAME_PL": "Estonia", "NAME_PT": "Est\u00f3nia", "NAME_RU": "\u042d\u0441\u0442\u043e\u043d\u0438\u044f", "NAME_SV": "Estland", "NAME_TR": "Estonya", "NAME_UK": "\u0415\u0441\u0442\u043e\u043d\u0456\u044f", "NAME_UR": "\u0627\u0633\u062a\u0648\u0646\u06cc\u0627", "NAME_VI": "Estonia", "NAME_ZH": "\u7231\u6c99\u5c3c\u4e9a", "NAME_ZHT": "\u611b\u6c99\u5c3c\u4e9e", "FCLASS_ISO": "Admin-0 country", "TLC_DIFF": null, "FCLASS_TLC": "Admin-0 country", "FCLASS_US": null, "FCLASS_FR": null, "FCLASS_RU": null, "FCLASS_ES": null, "FCLASS_CN": null, "FCLASS_TW": null, "FCLASS_IN": null, "FCLASS_NP": null, "FCLASS_PK": null, "FCLASS_DE": null, "FCLASS_GB": null, "FCLASS_BR": null, "FCLASS_IL": null, "FCLASS_PS": null, "FCLASS_SA": null, "FCLASS_EG": null, "FCLASS_MA": null, "FCLASS_PT": null, "FCLASS_AR": null, "FCLASS_JP": null, "FCLASS_KO": null, "FCLASS_VN": null, "FCLASS_TR": null, "FCLASS_ID": null, "FCLASS_PL": null, "FCLASS_GR": null, "FCLASS_IT": null, "FCLASS_NL": null, "FCLASS_SE": null, "FCLASS_BD": null, "FCLASS_UA": null}, "bbox": [23.339795, 57.474528, 28.131699, 59.61109], "geometry": {"type": "Polygon", "coordinates": [[[27.981127, 59.475373], [25.164594, 57.970157], [26.949136, 59.445803], [27.981127, 59.475373]]]}}, {"type": "Feature", "properties": {"featurecla": "Admin-0 country", "scalerank": 1, "LABELRANK": 2, "SOVEREIGNT": "Germany", "SOV_A3": "DEU", "ADM0_DIF": 0, "LEVEL": 2, "TYPE": "Sovereign country", "TLC": "1", "ADMIN": "Germany", "ADM0_A3": "DEU", "GEOU_DIF": 0, "GEOUNIT": "Germany", "GU_A3": "DEU", "SU_DIF": 0, "SUBUNIT": "Germany", "SU_A3": "DEU", "BRK_DIFF": 0, "NAME": "Germany", "NAME_LONG": "Germany", "BRK_A3": "DEU", "BRK_NAME": "Germany", "BRK_GROUP": null, "ABBREV": "Ger.", "POSTAL": "D", "FORMAL_EN": "Federal Republic of Germany", "FORMAL_FR": null, "NAME_CIAWF": "Germany", "NOTE_ADM0": null, "NOTE_BRK": null, "NAME_SORT": "Germany", "NAME_ALT": null, "MAPCOLOR7": 2, "MAPCOLOR8": 5, "MAPCOLOR9": 5, "MAPCOLOR13": 1, "POP_EST": 83132799, "POP_RANK": 16, "POP_YEAR": 2019, "GDP_MD": 3861123, "GDP_YEAR": 2019, "ECONOMY": "1. Developed region: G7", "INCOME_GRP": "1. High income: OECD", "FIPS_10": "GM", "ISO_A2": "DE", "ISO_A2_EH": "DE", "ISO_A3": "DEU", "ISO_A3_EH": "DEU", "ISO_N3": "276", "ISO_N3_EH": "276", "UN_A3": "276", "WB_A2": "DE", "WB_A3": "DEU", "WOE_ID": 23424829, "WOE_ID_EH": 23424829, "WOE_NOTE": "Exact WOE match as country", "ADM0_ISO": "DEU", "ADM0_DIFF": null, "ADM0_TLC": "DEU", "ADM0_A3_US": "DEU", "ADM0_A3_FR": "DEU", "ADM0_A3_RU": "DEU", "ADM0_A3_ES": "DEU", "ADM0_A3_CN": "DEU", "ADM0_A3_TW": "DEU", "ADM0_A3_IN": "DEU", "ADM0_A3_NP": "DEU", "ADM0_A3_PK": "DEU", "ADM0_A3_DE": "DEU", "ADM0_A3_GB": "DEU", "ADM0_A3_BR": "DEU", "ADM0_A3_IL": "DEU", "ADM0_A3_PS": "DEU", "ADM0_A3_SA": "DEU", "ADM0_A3_EG": "DEU", "ADM0_A3_MA": "DEU", "ADM0_A3_PT": "DEU", "ADM0_A3_AR": "DEU", "ADM0_A3_JP": "DEU", "ADM0_A3_KO": "DEU", "ADM0_A3_VN": "DEU", "ADM0_A3_TR": "DEU", "ADM0_A3_ID": "DEU", "ADM0_A3_PL": "DEU", "ADM0_A3_GR": "DEU", "ADM0_A3_IT": "DEU", "ADM0_A3_NL": "DEU", "ADM0_A3_SE": "DEU", "ADM0_A3_BD": "DEU", "ADM0_A3_UA": "DEU", "ADM0_A3_UN": -99, "ADM0_A3_WB": -99, "CONTINENT": "Europe", "REGION_UN": "Europe", "SUBREGION": "Western Europe", "REGION_WB": "Europe & Central Asia", "NAME_LEN": 7, "LONG_LEN": 7, "ABBREV_LEN": 4, "TINY": -99, "HOMEPART": 1, "MIN_ZOOM": 0, "MIN_LABEL": 1.7, "MAX_LABEL": 6.7, "LABEL_X": 9.678348, "LABEL_Y": 50.961733, "NE_ID": 1159320539, "WIKIDATAID": "Q183", "NAME_AR": "\u0623\u0644\u0645\u0627\u0646\u064a\u0627", "NAME_BN": "\u099c\u09be\u09b0\u09cd\u09ae\u09be\u09a8\u09bf", "NAME_DE": "Deutschland", "NAME_EN": "Germany", "NAME_ES": "Alemania", "NAME_FA": "\u0622\u0644\u0645\u0627\u0646", "NAME_FR": "Allemagne", "NAME_EL": "\u0393\u03b5\u03c1\u03bc\u03b1\u03bd\u03af\u03b1", "NAME_HE": "\u05d2\u05e8\u05de\u05e0\u05d9\u05d4", "NAME_HI": "\u091c\u0930\u094d\u092e\u0928\u0940", "NAME_HU": "N\u00e9metorsz\u00e1g", "NAME_ID": "Jerman", "NAME_IT": "Germania", "NAME_JA": "\u30c9\u30a4\u30c4", "NAME_KO": "\ub3c5\uc77c", "NAME_NL": "Duitsland", "NAME_PL": "Niemcy", "NAME_PT": "Alemanha", "NAME_RU": "\u0413\u0435\u0440\u043c\u0430\u043d\u0438\u044f", "NAME_SV": "Tyskland", "NAME_TR": "Almanya", "NAME_UK": "\u041d\u0456\u043c\u0435\u0447\u0447\u0438\u043d\u0430", "NAME_UR": "\u062c\u0631\u0645\u0646\u06cc", "NAME_VI": "\u0110\u1ee9c", "NAME_ZH": "\u5fb7\u56fd", "NAME_ZHT": "\u5fb7\u570b", "FCLASS_ISO": "Admin-0 country", "TLC_DIFF": null, "FCLASS_TLC": "Admin-0 country", "FCLASS_US": null, "FCLASS_FR": null, "FCLASS_RU": null, "FCLASS_ES": null, "FCLASS_CN": null, "FCLASS_TW": null, "FCLASS_IN": null, "FCLASS_NP": null, "FCLASS_PK": null, "FCLASS_DE": null, "FCLASS_GB": null, "FCLASS_BR": null, "FCLASS_IL": null, "FCLASS_PS": null, "FCLASS_SA": null, "FCLASS_EG": null, "FCLASS_MA": null, "FCLASS_PT": null, "FCLASS_AR": null, "FCLASS_JP": null, "FCLASS_KO": null, "FCLASS_VN": null, "FCLASS_TR": null, "FCLASS_ID": null, "FCLASS_PL": null, "FCLASS_GR": null, "FCLASS_IT": null, "FCLASS_NL": null, "FCLASS_SE": null, "FCLASS_BD": null, "FCLASS_UA": null}, "bbox": [5.988658, 47.302488, 15.016996, 54.983104], "geometry": {"type": "Polygon", "coordinates": [[[14.119686, 53.757029], [14.307013, 51.117268], [13.595946, 48.877172], [10.544504, 47.566399], [8.099279, 49.017784], [6.84287, 52.22844], [8.526229, 54.962744], [13.647467, 54.075511], [14.119686, 53.757029]]]}}, {"type": "Feature", "properties": {"featurecla": "Admin-0 country", "scalerank": 1, "LABELRANK": 4, "SOVEREIGNT": "Bulgaria", "SOV_A3": "BGR", "ADM0_DIF": 0, "LEVEL": 2, "TYPE": "Sovereign country", "TLC": "1", "ADMIN": "Bulgaria", "ADM0_A3": "BGR", "GEOU_DIF": 0, "GEOUNIT": "Bulgaria", "GU_A3": "BGR", "SU_DIF": 0, "SUBUNIT": "Bulgaria", "SU_A3": "BGR", "BRK_DIFF": 0, "NAME": "Bulgaria", "NAME_LONG": "Bulgaria", "BRK_A3": "BGR", "BRK_NAME": "Bulgaria", "BRK_GROUP": null, "ABBREV": "Bulg.", "POSTAL": "BG", "FORMAL_EN": "Republic of Bulgaria", "FORMAL_FR": null, "NAME_CIAWF": "Bulgaria", "NOTE_ADM0": null, "NOTE_BRK": null, "NAME_SORT": "Bulgaria", "NAME_ALT": null, "MAPCOLOR7": 4, "MAPCOLOR8": 5, "MAPCOLOR9": 1, "MAPCOLOR13": 8, "POP_EST": 6975761, "POP_RANK": 13, "POP_YEAR": 2019, "GDP_MD": 68558, "GDP_YEAR": 2019, "ECONOMY": "2. Developed region: nonG7", "INCOME_GRP": "3. Upper middle income", "FIPS_10": "BU", "ISO_A2": "BG", "ISO_A2_EH": "BG", "ISO_A3": "BGR", "ISO_A3_EH": "BGR", "ISO_N3": "100", "ISO_N3_EH": "100", "UN_A3": "100", "WB_A2": "BG", "WB_A3": "BGR", "WOE_ID": 23424771, "WOE_ID_EH": 23424771, "WOE_NOTE": "Exact WOE match as country", "ADM0_ISO": "BGR", "ADM0_DIFF": null, "ADM0_TLC": "BGR", "ADM0_A3_US": "BGR", "ADM0_A3_FR": "BGR", "ADM0_A3_RU": "BGR", "ADM0_A3_ES": "BGR", "ADM0_A3_CN": "BGR", "ADM0_A3_TW": "BGR", "ADM0_A3_IN": "BGR", "ADM0_A3_NP": "BGR", "ADM0_A3_PK": "BGR", "ADM0_A3_DE": "BGR", "ADM0_A3_GB": "BGR", "ADM0_A3_BR": "BGR", "ADM0_A3_IL": "BGR", "ADM0_A3_PS": "BGR", "ADM0_A3_SA": "BGR", "ADM0_A3_EG": "BGR", "ADM0_A3_MA": "BGR", "ADM0_A3_PT": "BGR", "ADM0_A3_AR": "BGR", "ADM0_A3_JP": "BGR", "ADM0_A3_KO": "BGR", "ADM0_A3_VN": "BGR", "ADM0_A3_TR": "BGR", "ADM0_A3_ID": "BGR", "ADM0_A3_PL": "BGR", "ADM0_A3_GR": "BGR", "ADM0_A3_IT": "BGR", "ADM0_A3_NL": "BGR", "ADM0_A3_SE": "BGR", "ADM0_A3_BD": "BGR", "ADM0_A3_UA": "BGR", "ADM0_A3_UN": -99, "ADM0_A3_WB": -99, "CONTINENT": "Europe", "REGION_UN": "Europe", "SUBREGION": "Eastern Europe", "REGION_WB": "Europe & Central Asia", "NAME_LEN": 8, "LONG_LEN": 8, "ABBREV_LEN": 5, "TINY": -99, "HOMEPART": 1, "MIN_ZOOM": 0, "MIN_LABEL": 4, "MAX_LABEL": 9, "LABEL_X": 25.15709, "LABEL_Y": 42.508785, "NE_ID": 1159320409, "WIKIDATAID": "Q219", "NAME_AR": "\u0628\u0644\u063a\u0627\u0631\u064a\u0627", "NAME_BN": "\u09ac\u09c1\u09b2\u0997\u09c7\u09b0\u09bf\u09af\u09bc\u09be", "NAME_DE": "Bulgarien", "NAME_EN": "Bulgaria", "NAME_ES": "Bulgaria", "NAME_FA": "\u0628\u0644\u063a\u0627\u0631\u0633\u062a\u0627\u0646", "NAME_FR": "Bulgarie", "NAME_EL": "\u0392\u03bf\u03c5\u03bb\u03b3\u03b1\u03c1\u03af\u03b1", "NAME_HE": "\u05d1\u05d5\u05dc\u05d2\u05e8\u05d9\u05d4", "NAME_HI": "\u092c\u0941\u0932\u094d\u0917\u093e\u0930\u093f\u092f\u093e", "NAME_HU": "Bulg\u00e1ria", "NAME_ID": "Bulgaria", "NAME_IT": "Bulgaria", "NAME_JA": "\u30d6\u30eb\u30ac\u30ea\u30a2", "NAME_KO": "\ubd88\uac00\ub9ac\uc544", "NAME_NL": "Bulgarije", "NAME_PL": "Bu\u0142garia", "NAME_PT": "Bulg\u00e1ria", "NAME_RU": "\u0411\u043e\u043b\u0433\u0430\u0440\u0438\u044f", "NAME_SV": "Bulgarien", "NAME_TR": "Bulgaristan", "NAME_UK": "\u0411\u043e\u043b\u0433\u0430\u0440\u0456\u044f", "NAME_UR": "\u0628\u0644\u063a\u0627\u0631\u06cc\u06c1", "NAME_VI": "Bulgaria", "NAME_ZH": "\u4fdd\u52a0\u5229\u4e9a", "NAME_ZHT": "\u4fdd\u52a0\u5229\u4e9e", "FCLASS_ISO": "Admin-0 country", "TLC_DIFF": null, "FCLASS_TLC": "Admin-0 country", "FCLASS_US": null, "FCLASS_FR": null, "FCLASS_RU": null, "FCLASS_ES": null, "FCLASS_CN": null, "FCLASS_TW": null, "FCLASS_IN": null, "FCLASS_NP": null, "FCLASS_PK": null, "FCLASS_DE": null, "FCLASS_GB": null, "FCLASS_BR": null, "FCLASS_IL": null, "FCLASS_PS": null, "FCLASS_SA": null, "FCLASS_EG": null, "FCLASS_MA": null, "FCLASS_PT": null, "FCLASS_AR": null, "FCLASS_JP": null, "FCLASS_KO": null, "FCLASS_VN": null, "FCLASS_TR": null, "FCLASS_ID": null, "FCLASS_PL": null, "FCLASS_GR": null, "FCLASS_IT": null, "FCLASS_NL": null, "FCLASS_SE": null, "FCLASS_BD": null, "FCLASS_UA": null}, "bbox": [22.380526, 41.234486, 28.558081, 44.234923], "geometry": {"type": "Polygon", "coordinates": [[[22.65715, 44.234923], [28.558081, 43.707462], [24.492645, 41.583896], [22.986019, 43.211161], [22.65715, 44.234923]]]}}, {"type": "Feature", "properties": {"featurecla": "Admin-0 country", "scalerank": 1, "LABELRANK": 3, "SOVEREIGNT": "Greece", "SOV_A3": "GRC", "ADM0_DIF": 0, "LEVEL": 2, "TYPE": "Sovereign country", "TLC": "1", "ADMIN": "Greece", "ADM0_A3": "GRC", "GEOU_DIF": 0, "GEOUNIT": "Greece", "GU_A3": "GRC", "SU_DIF": 0, "SUBUNIT": "Greece", "SU_A3": "GRC", "BRK_DIFF": 0, "NAME": "Greece", "NAME_LONG": "Greece", "BRK_A3": "GRC", "BRK_NAME": "Greece", "BRK_GROUP": null, "ABBREV": "Greece", "POSTAL": "GR", "FORMAL_EN": "Hellenic Republic", "FORMAL_FR": null, "NAME_CIAWF": "Greece", "NOTE_ADM0": null, "NOTE_BRK": null, "NAME_SORT": "Greece", "NAME_ALT": null, "MAPCOLOR7": 2, "MAPCOLOR8": 2, "MAPCOLOR9": 2, "MAPCOLOR13": 9, "POP_EST": 10716322, "POP_RANK": 14, "POP_YEAR": 2019, "GDP_MD": 209852, "GDP_YEAR": 2019, "ECONOMY": "2. Developed region: nonG7", "INCOME_GRP": "1. High income: OECD", "FIPS_10": "GR", "ISO_A2": "GR", "ISO_A2_EH": "GR", "ISO_A3": "GRC", "ISO_A3_EH": "GRC", "ISO_N3": "300", "ISO_N3_EH": "300", "UN_A3": "300", "WB_A2": "GR", "WB_A3": "GRC", "WOE_ID": 23424833, "WOE_ID_EH": 23424833, "WOE_NOTE": "Exact WOE match as country", "ADM0_ISO": "GRC", "ADM0_DIFF": null, "ADM0_TLC": "GRC", "ADM0_A3_US": "GRC", "ADM0_A3_FR": "GRC", "ADM0_A3_RU": "GRC", "ADM0_A3_ES": "GRC", "ADM0_A3_CN": "GRC", "ADM0_A3_TW": "GRC", "ADM0_A3_IN": "GRC", "ADM0_A3_NP": "GRC", "ADM0_A3_PK": "GRC", "ADM0_A3_DE": "GRC", "ADM0_A3_GB": "GRC", "ADM0_A3_BR": "GRC", "ADM0_A3_IL": "GRC", "ADM0_A3_PS": "GRC", "ADM0_A3_SA": "GRC", "ADM0_A3_EG": "GRC", "ADM0_A3_MA": "GRC", "ADM0_A3_PT": "GRC", "ADM0_A3_AR": "GRC", "ADM0_A3_JP": "GRC", "ADM0_A3_KO": "GRC", "ADM0_A3_VN": "GRC", "ADM0_A3_TR": "GRC", "ADM0_A3_ID": "GRC", "ADM0_A3_PL": "GRC", "ADM0_A3_GR": "GRC", "ADM0_A3_IT": "GRC", "ADM0_A3_NL": "GRC", "ADM0_A3_SE": "GRC", "ADM0_A3_BD": "GRC", "ADM0_A3_UA": "GRC", "ADM0_A3_UN": -99, "ADM0_A3_WB": -99, "CONTINENT": "Europe", "REGION_UN": "Europe", "SUBREGION": "Southern Europe", "REGION_WB": "Europe & Central Asia", "NAME_LEN": 6, "LONG_LEN": 6, "ABBREV_LEN": 6, "TINY": -99, "HOMEPART": 1, "MIN_ZOOM": 0, "MIN_LABEL": 2.7, "MAX_LABEL": 8, "LABEL_X": 21.72568, "LABEL_Y": 39.492763, "NE_ID": 1159320811, "WIKIDATAID": "Q41", "NAME_AR": "\u0627\u0644\u064a\u0648\u0646\u0627\u0646", "NAME_BN": "\u0997\u09cd\u09b0\u09bf\u09b8", "NAME_DE": "Griechenland", "NAME_EN": "Greece", "NAME_ES": "Grecia", "NAME_FA": "\u06cc\u0648\u0646\u0627\u0646", "NAME_FR": "Gr\u00e8ce", "NAME_EL": "\u0395\u03bb\u03bb\u03ac\u03b4\u03b1", "NAME_HE": "\u05d9\u05d5\u05d5\u05df", "NAME_HI": "\u092f\u0942\u0928\u093e\u0928", "NAME_HU": "G\u00f6r\u00f6gorsz\u00e1g", "NAME_ID": "Yunani", "NAME_IT": "Grecia", "NAME_JA": "\u30ae\u30ea\u30b7\u30e3", "NAME_KO": "\uadf8\ub9ac\uc2a4", "NAME_NL": "Griekenland", "NAME_PL": "Grecja", "NAME_PT": "Gr\u00e9cia", "NAME_RU": "\u0413\u0440\u0435\u0446\u0438\u044f", "NAME_SV": "Grekland", "NAME_TR": "Yunanistan", "NAME_UK": "\u0413\u0440\u0435\u0446\u0456\u044f", "NAME_UR": "\u06cc\u0648\u0646\u0627\u0646", "NAME_VI": "Hy L\u1ea1p", "NAME_ZH": "\u5e0c\u814a", "NAME_ZHT": "\u5e0c\u81d8", "FCLASS_ISO": "Admin-0 country", "TLC_DIFF": null, "FCLASS_TLC": "Admin-0 country", "FCLASS_US": null, "FCLASS_FR": null, "FCLASS_RU": null, "FCLASS_ES": null, "FCLASS_CN": null, "FCLASS_TW": null, "FCLASS_IN": null, "FCLASS_NP": null, "FCLASS_PK": null, "FCLASS_DE": null, "FCLASS_GB": null, "FCLASS_BR": null, "FCLASS_IL": null, "FCLASS_PS": null, "FCLASS_SA": null, "FCLASS_EG": null, "FCLASS_MA": null, "FCLASS_PT": null, "FCLASS_AR": null, "FCLASS_JP": null, "FCLASS_KO": null, "FCLASS_VN": null, "FCLASS_TR": null, "FCLASS_ID": null, "FCLASS_PL": null, "FCLASS_GR": null, "FCLASS_IT": null, "FCLASS_NL": null, "FCLASS_SE": null, "FCLASS_BD": null, "FCLASS_UA": null}, "bbox": [20.150016, 34.919988, 26.604196, 41.826905], "geometry": {"type": "MultiPolygon", "coordinates": [[[[26.290003, 35.29999], [25.769208, 35.354018], [26.290003, 35.29999]]], [[[22.952377, 41.337994], [26.056942, 40.824123], [22.626299, 40.256561], [23.409972, 37.409991], [20.217712, 39.340235], [22.597308, 41.130487], [22.952377, 41.337994]]]]}}, {"type": "Feature", "properties": {"featurecla": "Admin-0 country", "scalerank": 1, "LABELRANK": 2, "SOVEREIGNT": "Turkey", "SOV_A3": "TUR", "ADM0_DIF": 0, "LEVEL": 2, "TYPE": "Sovereign country", "TLC": "1", "ADMIN": "Turkey", "ADM0_A3": "TUR", "GEOU_DIF": 0, "GEOUNIT": "Turkey", "GU_A3": "TUR", "SU_DIF": 0, "SUBUNIT": "Turkey", "SU_A3": "TUR", "BRK_DIFF": 0, "NAME": "Turkey", "NAME_LONG": "Turkey", "BRK_A3": "TUR", "BRK_NAME": "Turkey", "BRK_GROUP": null, "ABBREV": "Tur.", "POSTAL": "TR", "FORMAL_EN": "Republic of Turkey", "FORMAL_FR": null, "NAME_CIAWF": "Turkey", "NOTE_ADM0": null, "NOTE_BRK": null, "NAME_SORT": "Turkey", "NAME_ALT": null, "MAPCOLOR7": 6, "MAPCOLOR8": 3, "MAPCOLOR9": 8, "MAPCOLOR13": 4, "POP_EST": 83429615, "POP_RANK": 16, "POP_YEAR": 2019, "GDP_MD": 761425, "GDP_YEAR": 2019, "ECONOMY": "4. Emerging region: MIKT", "INCOME_GRP": "3. Upper middle income", "FIPS_10": "TU", "ISO_A2": "TR", "ISO_A2_EH": "TR", "ISO_A3": "TUR", "ISO_A3_EH": "TUR", "ISO_N3": "792", "ISO_N3_EH": "792", "UN_A3": "792", "WB_A2": "TR", "WB_A3": "TUR", "WOE_ID": 23424969, "WOE_ID_EH": 23424969, "WOE_NOTE": "Exact WOE match as country", "ADM0_ISO": "TUR", "ADM0_DIFF": null, "ADM0_TLC": "TUR", "ADM0_A3_US": "TUR", "ADM0_A3_FR": "TUR", "ADM0_A3_RU": "TUR", "ADM0_A3_ES": "TUR", "ADM0_A3_CN": "TUR", "ADM0_A3_TW": "TUR", "ADM0_A3_IN": "TUR", "ADM0_A3_NP": "TUR", "ADM0_A3_PK": "TUR", "ADM0_A3_DE": "TUR", "ADM0_A3_GB": "TUR", "ADM0_A3_BR": "TUR", "ADM0_A3_IL": "TUR", "ADM0_A3_PS": "TUR", "ADM0_A3_SA": "TUR", "ADM0_A3_EG": "TUR", "ADM0_A3_MA": "TUR", "ADM0_A3_PT": "TUR", "ADM0_A3_AR": "TUR", "ADM0_A3_JP": "TUR", "ADM0_A3_KO": "TUR", "ADM0_A3_VN": "TUR", "ADM0_A3_TR": "TUR", "ADM0_A3_ID": "TUR", "ADM0_A3_PL": "TUR", "ADM0_A3_GR": "TUR", "ADM0_A3_IT": "TUR", "ADM0_A3_NL": "TUR", "ADM0_A3_SE": "TUR", "ADM0_A3_BD": "TUR", "ADM0_A3_UA": "TUR", "ADM0_A3_UN": -99, "ADM0_A3_WB": -99, "CONTINENT": "Asia", "REGION_UN": "Asia", "SUBREGION": "Western Asia", "REGION_WB": "Europe & Central Asia", "NAME_LEN": 6, "LONG_LEN": 6, "ABBREV_LEN": 4, "TINY": -99, "HOMEPART": 1, "MIN_ZOOM": 0, "MIN_LABEL": 2, "MAX_LABEL": 7, "LABEL_X": 34.508268, "LABEL_Y": 39.345388, "NE_ID": 1159321331, "WIKIDATAID": "Q43", "NAME_AR": "\u062a\u0631\u0643\u064a\u0627", "NAME_BN": "\u09a4\u09c1\u09b0\u09b8\u09cd\u0995", "NAME_DE": "T\u00fcrkei", "NAME_EN": "Turkey", "NAME_ES": "Turqu\u00eda", "NAME_FA": "\u062a\u0631\u06a9\u06cc\u0647", "NAME_FR": "Turquie", "NAME_EL": "\u03a4\u03bf\u03c5\u03c1\u03ba\u03af\u03b1", "NAME_HE": "\u05d8\u05d5\u05e8\u05e7\u05d9\u05d4", "NAME_HI": "\u0924\u0941\u0930\u094d\u0915\u0940", "NAME_HU": "T\u00f6r\u00f6korsz\u00e1g", "NAME_ID": "Turki", "NAME_IT": "Turchia", "NAME_JA": "\u30c8\u30eb\u30b3", "NAME_KO": "\ud130\ud0a4", "NAME_NL": "Turkije", "NAME_PL": "Turcja", "NAME_PT": "Turquia", "NAME_RU": "\u0422\u0443\u0440\u0446\u0438\u044f", "NAME_SV": "Turkiet", "NAME_TR": "T\u00fcrkiye", "NAME_UK": "\u0422\u0443\u0440\u0435\u0447\u0447\u0438\u043d\u0430", "NAME_UR": "\u062a\u0631\u06a9\u06cc", "NAME_VI": "Th\u1ed5 Nh\u0129 K\u1ef3", "NAME_ZH": "\u571f\u8033\u5176", "NAME_ZHT": "\u571f\u8033\u5176", "FCLASS_ISO": "Admin-0 country", "TLC_DIFF": null, "FCLASS_TLC": "Admin-0 country", "FCLASS_US": null, "FCLASS_FR": null, "FCLASS_RU": null, "FCLASS_ES": null, "FCLASS_CN": null, "FCLASS_TW": null, "FCLASS_IN": null, "FCLASS_NP": null, "FCLASS_PK": null, "FCLASS_DE": null, "FCLASS_GB": null, "FCLASS_BR": null, "FCLASS_IL": null, "FCLASS_PS": null, "FCLASS_SA": null, "FCLASS_EG": null, "FCLASS_MA": null, "FCLASS_PT": null, "FCLASS_AR": null, "FCLASS_JP": null, "FCLASS_KO": null, "FCLASS_VN": null, "FCLASS_TR": null, "FCLASS_ID": null, "FCLASS_PL": null, "FCLASS_GR": null, "FCLASS_IT": null, "FCLASS_NL": null, "FCLASS_SE": null, "FCLASS_BD": null, "FCLASS_UA": null}, "bbox": [26.043351, 35.821535, 44.79399, 42.141485], "geometry": {"type": "MultiPolygon", "coordinates": [[[[44.772677, 37.170437], [38.699891, 36.712927], [36.160822, 36.650606], [29.699976, 36.144357], [28.819978, 40.460011], [39.512607, 41.102763], [44.79399, 39.713003], [44.772677, 37.170437]]], [[[26.117042, 41.826905], [26.358009, 40.151994], [26.117042, 41.826905]]]]}}, {"type": "Feature", "properties": {"featurecla": "Admin-0 country", "scalerank": 1, "LABELRANK": 6, "SOVEREIGNT": "Albania", "SOV_A3": "ALB", "ADM0_DIF": 0, "LEVEL": 2, "TYPE": "Sovereign country", "TLC": "1", "ADMIN": "Albania", "ADM0_A3": "ALB", "GEOU_DIF": 0, "GEOUNIT": "Albania", "GU_A3": "ALB", "SU_DIF": 0, "SUBUNIT": "Albania", "SU_A3": "ALB", "BRK_DIFF": 0, "NAME": "Albania", "NAME_LONG": "Albania", "BRK_A3": "ALB", "BRK_NAME": "Albania", "BRK_GROUP": null, "ABBREV": "Alb.", "POSTAL": "AL", "FORMAL_EN": "Republic of Albania", "FORMAL_FR": null, "NAME_CIAWF": "Albania", "NOTE_ADM0": null, "NOTE_BRK": null, "NAME_SORT": "Albania", "NAME_ALT": null, "MAPCOLOR7": 1, "MAPCOLOR8": 4, "MAPCOLOR9": 1, "MAPCOLOR13": 6, "POP_EST": 2854191, "POP_RANK": 12, "POP_YEAR": 2019, "GDP_MD": 15279, "GDP_YEAR": 2019, "ECONOMY": "6. Developing region", "INCOME_GRP": "4. Lower middle income", "FIPS_10": "AL", "ISO_A2": "AL", "ISO_A2_EH": "AL", "ISO_A3": "ALB", "ISO_A3_EH": "ALB", "ISO_N3": "008", "ISO_N3_EH": "008", "UN_A3": "008", "WB_A2": "AL", "WB_A3": "ALB", "WOE_ID": 23424742, "WOE_ID_EH": 23424742, "WOE_NOTE": "Exact WOE match as country", "ADM0_ISO": "ALB", "ADM0_DIFF": null, "ADM0_TLC": "ALB", "ADM0_A3_US": "ALB", "ADM0_A3_FR": "ALB", "ADM0_A3_RU": "ALB", "ADM0_A3_ES": "ALB", "ADM0_A3_CN": "ALB", "ADM0_A3_TW": "ALB", "ADM0_A3_IN": "ALB", "ADM0_A3_NP": "ALB", "ADM0_A3_PK": "ALB", "ADM0_A3_DE": "ALB", "ADM0_A3_GB": "ALB", "ADM0_A3_BR": "ALB", "ADM0_A3_IL": "ALB", "ADM0_A3_PS": "ALB", "ADM0_A3_SA": "ALB", "ADM0_A3_EG": "ALB", "ADM0_A3_MA": "ALB", "ADM0_A3_PT": "ALB", "ADM0_A3_AR": "ALB", "ADM0_A3_JP": "ALB", "ADM0_A3_KO": "ALB", "ADM0_A3_VN": "ALB", "ADM0_A3_TR": "ALB", "ADM0_A3_ID": "ALB", "ADM0_A3_PL": "ALB", "ADM0_A3_GR": "ALB", "ADM0_A3_IT": "ALB", "ADM0_A3_NL": "ALB", "ADM0_A3_SE": "ALB", "ADM0_A3_BD": "ALB", "ADM0_A3_UA": "ALB", "ADM0_A3_UN": -99, "ADM0_A3_WB": -99, "CONTINENT": "Europe", "REGION_UN": "Europe", "SUBREGION": "Southern Europe", "REGION_WB": "Europe & Central Asia", "NAME_LEN": 7, "LONG_LEN": 7, "ABBREV_LEN": 4, "TINY": -99, "HOMEPART": 1, "MIN_ZOOM": 0, "MIN_LABEL": 5, "MAX_LABEL": 10, "LABEL_X": 20.11384, "LABEL_Y": 40.654855, "NE_ID": 1159320325, "WIKIDATAID": "Q222", "NAME_AR": "\u0623\u0644\u0628\u0627\u0646\u064a\u0627", "NAME_BN": "\u0986\u09b2\u09ac\u09c7\u09a8\u09bf\u09af\u09bc\u09be", "NAME_DE": "Albanien", "NAME_EN": "Albania", "NAME_ES": "Albania", "NAME_FA": "\u0622\u0644\u0628\u0627\u0646\u06cc", "NAME_FR": "Albanie", "NAME_EL": "\u0391\u03bb\u03b2\u03b1\u03bd\u03af\u03b1", "NAME_HE": "\u05d0\u05dc\u05d1\u05e0\u05d9\u05d4", "NAME_HI": "\u0905\u0932\u094d\u092c\u093e\u0928\u093f\u092f\u093e", "NAME_HU": "Alb\u00e1nia", "NAME_ID": "Albania", "NAME_IT": "Albania", "NAME_JA": "\u30a2\u30eb\u30d0\u30cb\u30a2", "NAME_KO": "\uc54c\ubc14\ub2c8\uc544", "NAME_NL": "Albani\u00eb", "NAME_PL": "Albania", "NAME_PT": "Alb\u00e2nia", "NAME_RU": "\u0410\u043b\u0431\u0430\u043d\u0438\u044f", "NAME_SV": "Albanien", "NAME_TR": "Arnavutluk", "NAME_UK": "\u0410\u043b\u0431\u0430\u043d\u0456\u044f", "NAME_UR": "\u0627\u0644\u0628\u0627\u0646\u06cc\u0627", "NAME_VI": "Albania", "NAME_ZH": "\u963f\u5c14\u5df4\u5c3c\u4e9a", "NAME_ZHT": "\u963f\u723e\u5df4\u5c3c\u4e9e", "FCLASS_ISO": "Admin-0 country", "TLC_DIFF": null, "FCLASS_TLC": "Admin-0 country", "FCLASS_US": null, "FCLASS_FR": null, "FCLASS_RU": null, "FCLASS_ES": null, "FCLASS_CN": null, "FCLASS_TW": null, "FCLASS_IN": null, "FCLASS_NP": null, "FCLASS_PK": null, "FCLASS_DE": null, "FCLASS_GB": null, "FCLASS_BR": null, "FCLASS_IL": null, "FCLASS_PS": null, "FCLASS_SA": null, "FCLASS_EG": null, "FCLASS_MA": null, "FCLASS_PT": null, "FCLASS_AR": null, "FCLASS_JP": null, "FCLASS_KO": null, "FCLASS_VN": null, "FCLASS_TR": null, "FCLASS_ID": null, "FCLASS_PL": null, "FCLASS_GR": null, "FCLASS_IT": null, "FCLASS_NL": null, "FCLASS_SE": null, "FCLASS_BD": null, "FCLASS_UA": null}, "bbox": [19.304486, 39.624998, 21.02004, 42.688247], "geometry": {"type": "Polygon", "coordinates": [[[21.02004, 40.842727], [19.319059, 40.72723], [20.0707, 42.58863], [21.02004, 40.842727]]]}}, {"type": "Feature", "properties": {"featurecla": "Admin-0 country", "scalerank": 1, "LABELRANK": 6, "SOVEREIGNT": "Croatia", "SOV_A3": "HRV", "ADM0_DIF": 0, "LEVEL": 2, "TYPE": "Sovereign country", "TLC": "1", "ADMIN": "Croatia", "ADM0_A3": "HRV", "GEOU_DIF": 0, "GEOUNIT": "Croatia", "GU_A3": "HRV", "SU_DIF": 0, "SUBUNIT": "Croatia", "SU_A3": "HRV", "BRK_DIFF": 0, "NAME": "Croatia", "NAME_LONG": "Croatia", "BRK_A3": "HRV", "BRK_NAME": "Croatia", "BRK_GROUP": null, "ABBREV": "Cro.", "POSTAL": "HR", "FORMAL_EN": "Republic of Croatia", "FORMAL_FR": null, "NAME_CIAWF": "Croatia", "NOTE_ADM0": null, "NOTE_BRK": null, "NAME_SORT": "Croatia", "NAME_ALT": null, "MAPCOLOR7": 5, "MAPCOLOR8": 4, "MAPCOLOR9": 5, "MAPCOLOR13": 1, "POP_EST": 4067500, "POP_RANK": 12, "POP_YEAR": 2019, "GDP_MD": 60752, "GDP_YEAR": 2019, "ECONOMY": "2. Developed region: nonG7", "INCOME_GRP": "2. High income: nonOECD", "FIPS_10": "HR", "ISO_A2": "HR", "ISO_A2_EH": "HR", "ISO_A3": "HRV", "ISO_A3_EH": "HRV", "ISO_N3": "191", "ISO_N3_EH": "191", "UN_A3": "191", "WB_A2": "HR", "WB_A3": "HRV", "WOE_ID": 23424843, "WOE_ID_EH": 23424843, "WOE_NOTE": "Exact WOE match as country", "ADM0_ISO": "HRV", "ADM0_DIFF": null, "ADM0_TLC": "HRV", "ADM0_A3_US": "HRV", "ADM0_A3_FR": "HRV", "ADM0_A3_RU": "HRV", "ADM0_A3_ES": "HRV", "ADM0_A3_CN": "HRV", "ADM0_A3_TW": "HRV", "ADM0_A3_IN": "HRV", "ADM0_A3_NP": "HRV", "ADM0_A3_PK": "HRV", "ADM0_A3_DE": "HRV", "ADM0_A3_GB": "HRV", "ADM0_A3_BR": "HRV", "ADM0_A3_IL": "HRV", "ADM0_A3_PS": "HRV", "ADM0_A3_SA": "HRV", "ADM0_A3_EG": "HRV", "ADM0_A3_MA": "HRV", "ADM0_A3_PT": "HRV", "ADM0_A3_AR": "HRV", "ADM0_A3_JP": "HRV", "ADM0_A3_KO": "HRV", "ADM0_A3_VN": "HRV", "ADM0_A3_TR": "HRV", "ADM0_A3_ID": "HRV", "ADM0_A3_PL": "HRV", "ADM0_A3_GR": "HRV", "ADM0_A3_IT": "HRV", "ADM0_A3_NL": "HRV", "ADM0_A3_SE": "HRV", "ADM0_A3_BD": "HRV", "ADM0_A3_UA": "HRV", "ADM0_A3_UN": -99, "ADM0_A3_WB": -99, "CONTINENT": "Europe", "REGION_UN": "Europe", "SUBREGION": "Southern Europe", "REGION_WB": "Europe & Central Asia", "NAME_LEN": 7, "LONG_LEN": 7, "ABBREV_LEN": 4, "TINY": -99, "HOMEPART": 1, "MIN_ZOOM": 0, "MIN_LABEL": 4, "MAX_LABEL": 9, "LABEL_X": 16.37241, "LABEL_Y": 45.805799, "NE_ID": 1159320833, "WIKIDATAID": "Q224", "NAME_AR": "\u0643\u0631\u0648\u0627\u062a\u064a\u0627", "NAME_BN": "\u0995\u09cd\u09b0\u09cb\u09af\u09bc\u09c7\u09b6\u09bf\u09af\u09bc\u09be", "NAME_DE": "Kroatien", "NAME_EN": "Croatia", "NAME_ES": "Croacia", "NAME_FA": "\u06a9\u0631\u0648\u0627\u0633\u06cc", "NAME_FR": "Croatie", "NAME_EL": "\u039a\u03c1\u03bf\u03b1\u03c4\u03af\u03b1", "NAME_HE": "\u05e7\u05e8\u05d5\u05d0\u05d8\u05d9\u05d4", "NAME_HI": "\u0915\u094d\u0930\u094b\u090f\u0936\u093f\u092f\u093e", "NAME_HU": "Horv\u00e1torsz\u00e1g", "NAME_ID": "Kroasia", "NAME_IT": "Croazia", "NAME_JA": "\u30af\u30ed\u30a2\u30c1\u30a2", "NAME_KO": "\ud06c\ub85c\uc544\ud2f0\uc544", "NAME_NL": "Kroati\u00eb", "NAME_PL": "Chorwacja", "NAME_PT": "Cro\u00e1cia", "NAME_RU": "\u0425\u043e\u0440\u0432\u0430\u0442\u0438\u044f", "NAME_SV": "Kroatien", "NAME_TR": "H\u0131rvatistan", "NAME_UK": "\u0425\u043e\u0440\u0432\u0430\u0442\u0456\u044f", "NAME_UR": "\u06a9\u0631\u0648\u0634\u06cc\u0627", "NAME_VI": "Croatia", "NAME_ZH": "\u514b\u7f57\u5730\u4e9a", "NAME_ZHT": "\u514b\u7f85\u5730\u4e9e", "FCLASS_ISO": "Admin-0 country", "TLC_DIFF": null, "FCLASS_TLC": "Admin-0 country", "FCLASS_US": null, "FCLASS_FR": null, "FCLASS_RU": null, "FCLASS_ES": null, "FCLASS_CN": null, "FCLASS_TW": null, "FCLASS_IN": null, "FCLASS_NP": null, "FCLASS_PK": null, "FCLASS_DE": null, "FCLASS_GB": null, "FCLASS_BR": null, "FCLASS_IL": null, "FCLASS_PS": null, "FCLASS_SA": null, "FCLASS_EG": null, "FCLASS_MA": null, "FCLASS_PT": null, "FCLASS_AR": null, "FCLASS_JP": null, "FCLASS_KO": null, "FCLASS_VN": null, "FCLASS_TR": null, "FCLASS_ID": null, "FCLASS_PL": null, "FCLASS_GR": null, "FCLASS_IT": null, "FCLASS_NL": null, "FCLASS_SE": null, "FCLASS_BD": null, "FCLASS_UA": null}, "bbox": [13.656976, 42.479991, 19.390476, 46.503751], "geometry": {"type": "Polygon", "coordinates": [[[16.564808, 46.503751], [18.553214, 45.08159], [16.456443, 44.04124], [16.930006, 43.209998], [13.656976, 45.136935], [15.67153, 45.834154], [16.564808, 46.503751]]]}}, {"type": "Feature", "properties": {"featurecla": "Admin-0 country", "scalerank": 1, "LABELRANK": 4, "SOVEREIGNT": "Switzerland", "SOV_A3": "CHE", "ADM0_DIF": 0, "LEVEL": 2, "TYPE": "Sovereign country", "TLC": "1", "ADMIN": "Switzerland", "ADM0_A3": "CHE", "GEOU_DIF": 0, "GEOUNIT": "Switzerland", "GU_A3": "CHE", "SU_DIF": 0, "SUBUNIT": "Switzerland", "SU_A3": "CHE", "BRK_DIFF": 0, "NAME": "Switzerland", "NAME_LONG": "Switzerland", "BRK_A3": "CHE", "BRK_NAME": "Switzerland", "BRK_GROUP": null, "ABBREV": "Switz.", "POSTAL": "CH", "FORMAL_EN": "Swiss Confederation", "FORMAL_FR": null, "NAME_CIAWF": "Switzerland", "NOTE_ADM0": null, "NOTE_BRK": null, "NAME_SORT": "Switzerland", "NAME_ALT": null, "MAPCOLOR7": 5, "MAPCOLOR8": 2, "MAPCOLOR9": 7, "MAPCOLOR13": 3, "POP_EST": 8574832, "POP_RANK": 13, "POP_YEAR": 2019, "GDP_MD": 703082, "GDP_YEAR": 2019, "ECONOMY": "2. Developed region: nonG7", "INCOME_GRP": "1. High income: OECD", "FIPS_10": "SZ", "ISO_A2": "CH", "ISO_A2_EH": "CH", "ISO_A3": "CHE", "ISO_A3_EH": "CHE", "ISO_N3": "756", "ISO_N3_EH": "756", "UN_A3": "756", "WB_A2": "CH", "WB_A3": "CHE", "WOE_ID": 23424957, "WOE_ID_EH": 23424957, "WOE_NOTE": "Exact WOE match as country", "ADM0_ISO": "CHE", "ADM0_DIFF": null, "ADM0_TLC": "CHE", "ADM0_A3_US": "CHE", "ADM0_A3_FR": "CHE", "ADM0_A3_RU": "CHE", "ADM0_A3_ES": "CHE", "ADM0_A3_CN": "CHE", "ADM0_A3_TW": "CHE", "ADM0_A3_IN": "CHE", "ADM0_A3_NP": "CHE", "ADM0_A3_PK": "CHE", "ADM0_A3_DE": "CHE", "ADM0_A3_GB": "CHE", "ADM0_A3_BR": "CHE", "ADM0_A3_IL": "CHE", "ADM0_A3_PS": "CHE", "ADM0_A3_SA": "CHE", "ADM0_A3_EG": "CHE", "ADM0_A3_MA": "CHE", "ADM0_A3_PT": "CHE", "ADM0_A3_AR": "CHE", "ADM0_A3_JP": "CHE", "ADM0_A3_KO": "CHE", "ADM0_A3_VN": "CHE", "ADM0_A3_TR": "CHE", "ADM0_A3_ID": "CHE", "ADM0_A3_PL": "CHE", "ADM0_A3_GR": "CHE", "ADM0_A3_IT": "CHE", "ADM0_A3_NL": "CHE", "ADM0_A3_SE": "CHE", "ADM0_A3_BD": "CHE", "ADM0_A3_UA": "CHE", "ADM0_A3_UN": -99, "ADM0_A3_WB": -99, "CONTINENT": "Europe", "REGION_UN": "Europe", "SUBREGION": "Western Europe", "REGION_WB": "Europe & Central Asia", "NAME_LEN": 11, "LONG_LEN": 11, "ABBREV_LEN": 6, "TINY": -99, "HOMEPART": 1, "MIN_ZOOM": 0, "MIN_LABEL": 4, "MAX_LABEL": 9, "LABEL_X": 7.463965, "LABEL_Y": 46.719114, "NE_ID": 1159320491, "WIKIDATAID": "Q39", "NAME_AR": "\u0633\u0648\u064a\u0633\u0631\u0627", "NAME_BN": "\u09b8\u09c1\u0987\u099c\u09be\u09b0\u09b2\u09cd\u09af\u09be\u09a8\u09cd\u09a1", "NAME_DE": "Schweiz", "NAME_EN": "Switzerland", "NAME_ES": "Suiza", "NAME_FA": "\u0633\u0648\u0626\u06cc\u0633", "NAME_FR": "Suisse", "NAME_EL": "\u0395\u03bb\u03b2\u03b5\u03c4\u03af\u03b1", "NAME_HE": "\u05e9\u05d5\u05d5\u05d9\u05d9\u05e5", "NAME_HI": "\u0938\u094d\u0935\u093f\u091f\u094d\u091c\u093c\u0930\u0932\u0948\u0923\u094d\u0921", "NAME_HU": "Sv\u00e1jc", "NAME_ID": "Swiss", "NAME_IT": "Svizzera", "NAME_JA": "\u30b9\u30a4\u30b9", "NAME_KO": "\uc2a4\uc704\uc2a4", "NAME_NL": "Zwitserland", "NAME_PL": "Szwajcaria", "NAME_PT": "Su\u00ed\u00e7a", "NAME_RU": "\u0428\u0432\u0435\u0439\u0446\u0430\u0440\u0438\u044f", "NAME_SV": "Schweiz", "NAME_TR": "\u0130svi\u00e7re", "NAME_UK": "\u0428\u0432\u0435\u0439\u0446\u0430\u0440\u0456\u044f", "NAME_UR": "\u0633\u0648\u06cc\u0679\u0632\u0631\u0644\u06cc\u0646\u0688", "NAME_VI": "Th\u1ee5y S\u0129", "NAME_ZH": "\u745e\u58eb", "NAME_ZHT": "\u745e\u58eb", "FCLASS_ISO": "Admin-0 country", "TLC_DIFF": null, "FCLASS_TLC": "Admin-0 country", "FCLASS_US": null, "FCLASS_FR": null, "FCLASS_RU": null, "FCLASS_ES": null, "FCLASS_CN": null, "FCLASS_TW": null, "FCLASS_IN": null, "FCLASS_NP": null, "FCLASS_PK": null, "FCLASS_DE": null, "FCLASS_GB": null, "FCLASS_BR": null, "FCLASS_IL": null, "FCLASS_PS": null, "FCLASS_SA": null, "FCLASS_EG": null, "FCLASS_MA": null, "FCLASS_PT": null, "FCLASS_AR": null, "FCLASS_JP": null, "FCLASS_KO": null, "FCLASS_VN": null, "FCLASS_TR": null, "FCLASS_ID": null, "FCLASS_PL": null, "FCLASS_GR": null, "FCLASS_IT": null, "FCLASS_NL": null, "FCLASS_SE": null, "FCLASS_BD": null, "FCLASS_UA": null}, "bbox": [6.022609, 45.776948, 10.442701, 47.830828], "geometry": {"type": "Polygon", "coordinates": [[[9.594226, 47.525058], [8.966306, 46.036932], [6.037389, 46.725779], [9.594226, 47.525058]]]}}, {"type": "Feature", "properties": {"featurecla": "Admin-0 country", "scalerank": 1, "LABELRANK": 6, "SOVEREIGNT": "Luxembourg", "SOV_A3": "LUX", "ADM0_DIF": 0, "LEVEL": 2, "TYPE": "Sovereign country", "TLC": "1", "ADMIN": "Luxembourg", "ADM0_A3": "LUX", "GEOU_DIF": 0, "GEOUNIT": "Luxembourg", "GU_A3": "LUX", "SU_DIF": 0, "SUBUNIT": "Luxembourg", "SU_A3": "LUX", "BRK_DIFF": 0, "NAME": "Luxembourg", "NAME_LONG": "Luxembourg", "BRK_A3": "LUX", "BRK_NAME": "Luxembourg", "BRK_GROUP": null, "ABBREV": "Lux.", "POSTAL": "L", "FORMAL_EN": "Grand Duchy of Luxembourg", "FORMAL_FR": null, "NAME_CIAWF": "Luxembourg", "NOTE_ADM0": null, "NOTE_BRK": null, "NAME_SORT": "Luxembourg", "NAME_ALT": null, "MAPCOLOR7": 1, "MAPCOLOR8": 7, "MAPCOLOR9": 3, "MAPCOLOR13": 7, "POP_EST": 619896, "POP_RANK": 11, "POP_YEAR": 2019, "GDP_MD": 71104, "GDP_YEAR": 2019, "ECONOMY": "2. Developed region: nonG7", "INCOME_GRP": "1. High income: OECD", "FIPS_10": "LU", "ISO_A2": "LU", "ISO_A2_EH": "LU", "ISO_A3": "LUX", "ISO_A3_EH": "LUX", "ISO_N3": "442", "ISO_N3_EH": "442", "UN_A3": "442", "WB_A2": "LU", "WB_A3": "LUX", "WOE_ID": 23424881, "WOE_ID_EH": 23424881, "WOE_NOTE": "Exact WOE match as country", "ADM0_ISO": "LUX", "ADM0_DIFF": null, "ADM0_TLC": "LUX", "ADM0_A3_US": "LUX", "ADM0_A3_FR": "LUX", "ADM0_A3_RU": "LUX", "ADM0_A3_ES": "LUX", "ADM0_A3_CN": "LUX", "ADM0_A3_TW": "LUX", "ADM0_A3_IN": "LUX", "ADM0_A3_NP": "LUX", "ADM0_A3_PK": "LUX", "ADM0_A3_DE": "LUX", "ADM0_A3_GB": "LUX", "ADM0_A3_BR": "LUX", "ADM0_A3_IL": "LUX", "ADM0_A3_PS": "LUX", "ADM0_A3_SA": "LUX", "ADM0_A3_EG": "LUX", "ADM0_A3_MA": "LUX", "ADM0_A3_PT": "LUX", "ADM0_A3_AR": "LUX", "ADM0_A3_JP": "LUX", "ADM0_A3_KO": "LUX", "ADM0_A3_VN": "LUX", "ADM0_A3_TR": "LUX", "ADM0_A3_ID": "LUX", "ADM0_A3_PL": "LUX", "ADM0_A3_GR": "LUX", "ADM0_A3_IT": "LUX", "ADM0_A3_NL": "LUX", "ADM0_A3_SE": "LUX", "ADM0_A3_BD": "LUX", "ADM0_A3_UA": "LUX", "ADM0_A3_UN": -99, "ADM0_A3_WB": -99, "CONTINENT": "Europe", "REGION_UN": "Europe", "SUBREGION": "Western Europe", "REGION_WB": "Europe & Central Asia", "NAME_LEN": 10, "LONG_LEN": 10, "ABBREV_LEN": 4, "TINY": 5, "HOMEPART": 1, "MIN_ZOOM": 0, "MIN_LABEL": 5.7, "MAX_LABEL": 10, "LABEL_X": 6.07762, "LABEL_Y": 49.733732, "NE_ID": 1159321031, "WIKIDATAID": "Q32", "NAME_AR": "\u0644\u0648\u0643\u0633\u0645\u0628\u0648\u0631\u063a", "NAME_BN": "\u09b2\u09c1\u0995\u09cd\u09b8\u09c7\u09ae\u09ac\u09c1\u09b0\u09cd\u0997", "NAME_DE": "Luxemburg", "NAME_EN": "Luxembourg", "NAME_ES": "Luxemburgo", "NAME_FA": "\u0644\u0648\u06a9\u0632\u0627\u0645\u0628\u0648\u0631\u06af", "NAME_FR": "Luxembourg", "NAME_EL": "\u039b\u03bf\u03c5\u03be\u03b5\u03bc\u03b2\u03bf\u03cd\u03c1\u03b3\u03bf", "NAME_HE": "\u05dc\u05d5\u05e7\u05e1\u05de\u05d1\u05d5\u05e8\u05d2", "NAME_HI": "\u0932\u0915\u094d\u091c\u093c\u092e\u092c\u0930\u094d\u0917", "NAME_HU": "Luxemburg", "NAME_ID": "Luksemburg", "NAME_IT": "Lussemburgo", "NAME_JA": "\u30eb\u30af\u30bb\u30f3\u30d6\u30eb\u30af", "NAME_KO": "\ub8e9\uc148\ubd80\ub974\ud06c", "NAME_NL": "Luxemburg", "NAME_PL": "Luksemburg", "NAME_PT": "Luxemburgo", "NAME_RU": "\u041b\u044e\u043a\u0441\u0435\u043c\u0431\u0443\u0440\u0433", "NAME_SV": "Luxemburg", "NAME_TR": "L\u00fcksemburg", "NAME_UK": "\u041b\u044e\u043a\u0441\u0435\u043c\u0431\u0443\u0440\u0433", "NAME_UR": "\u0644\u06a9\u0633\u0645\u0628\u0631\u06af", "NAME_VI": "Luxembourg", "NAME_ZH": "\u5362\u68ee\u5821", "NAME_ZHT": "\u76e7\u68ee\u5821", "FCLASS_ISO": "Admin-0 country", "TLC_DIFF": null, "FCLASS_TLC": "Admin-0 country", "FCLASS_US": null, "FCLASS_FR": null, "FCLASS_RU": null, "FCLASS_ES": null, "FCLASS_CN": null, "FCLASS_TW": null, "FCLASS_IN": null, "FCLASS_NP": null, "FCLASS_PK": null, "FCLASS_DE": null, "FCLASS_GB": null, "FCLASS_BR": null, "FCLASS_IL": null, "FCLASS_PS": null, "FCLASS_SA": null, "FCLASS_EG": null, "FCLASS_MA": null, "FCLASS_PT": null, "FCLASS_AR": null, "FCLASS_JP": null, "FCLASS_KO": null, "FCLASS_VN": null, "FCLASS_TR": null, "FCLASS_ID": null, "FCLASS_PL": null, "FCLASS_GR": null, "FCLASS_IT": null, "FCLASS_NL": null, "FCLASS_SE": null, "FCLASS_BD": null, "FCLASS_UA": null}, "bbox": [5.674052, 49.442667, 6.242751, 50.128052], "geometry": {"type": "Polygon", "coordinates": [[[6.043073, 50.128052], [6.043073, 50.128052]]]}}, {"type": "Feature", "properties": {"featurecla": "Admin-0 country", "scalerank": 1, "LABELRANK": 2, "SOVEREIGNT": "Belgium", "SOV_A3": "BEL", "ADM0_DIF": 0, "LEVEL": 2, "TYPE": "Sovereign country", "TLC": "1", "ADMIN": "Belgium", "ADM0_A3": "BEL", "GEOU_DIF": 0, "GEOUNIT": "Belgium", "GU_A3": "BEL", "SU_DIF": 0, "SUBUNIT": "Belgium", "SU_A3": "BEL", "BRK_DIFF": 0, "NAME": "Belgium", "NAME_LONG": "Belgium", "BRK_A3": "BEL", "BRK_NAME": "Belgium", "BRK_GROUP": null, "ABBREV": "Belg.", "POSTAL": "B", "FORMAL_EN": "Kingdom of Belgium", "FORMAL_FR": null, "NAME_CIAWF": "Belgium", "NOTE_ADM0": null, "NOTE_BRK": null, "NAME_SORT": "Belgium", "NAME_ALT": null, "MAPCOLOR7": 3, "MAPCOLOR8": 2, "MAPCOLOR9": 1, "MAPCOLOR13": 8, "POP_EST": 11484055, "POP_RANK": 14, "POP_YEAR": 2019, "GDP_MD": 533097, "GDP_YEAR": 2019, "ECONOMY": "2. Developed region: nonG7", "INCOME_GRP": "1. High income: OECD", "FIPS_10": "BE", "ISO_A2": "BE", "ISO_A2_EH": "BE", "ISO_A3": "BEL", "ISO_A3_EH": "BEL", "ISO_N3": "056", "ISO_N3_EH": "056", "UN_A3": "056", "WB_A2": "BE", "WB_A3": "BEL", "WOE_ID": 23424757, "WOE_ID_EH": 23424757, "WOE_NOTE": "Exact WOE match as country", "ADM0_ISO": "BEL", "ADM0_DIFF": null, "ADM0_TLC": "BEL", "ADM0_A3_US": "BEL", "ADM0_A3_FR": "BEL", "ADM0_A3_RU": "BEL", "ADM0_A3_ES": "BEL", "ADM0_A3_CN": "BEL", "ADM0_A3_TW": "BEL", "ADM0_A3_IN": "BEL", "ADM0_A3_NP": "BEL", "ADM0_A3_PK": "BEL", "ADM0_A3_DE": "BEL", "ADM0_A3_GB": "BEL", "ADM0_A3_BR": "BEL", "ADM0_A3_IL": "BEL", "ADM0_A3_PS": "BEL", "ADM0_A3_SA": "BEL", "ADM0_A3_EG": "BEL", "ADM0_A3_MA": "BEL", "ADM0_A3_PT": "BEL", "ADM0_A3_AR": "BEL", "ADM0_A3_JP": "BEL", "ADM0_A3_KO": "BEL", "ADM0_A3_VN": "BEL", "ADM0_A3_TR": "BEL", "ADM0_A3_ID": "BEL", "ADM0_A3_PL": "BEL", "ADM0_A3_GR": "BEL", "ADM0_A3_IT": "BEL", "ADM0_A3_NL": "BEL", "ADM0_A3_SE": "BEL", "ADM0_A3_BD": "BEL", "ADM0_A3_UA": "BEL", "ADM0_A3_UN": -99, "ADM0_A3_WB": -99, "CONTINENT": "Europe", "REGION_UN": "Europe", "SUBREGION": "Western Europe", "REGION_WB": "Europe & Central Asia", "NAME_LEN": 7, "LONG_LEN": 7, "ABBREV_LEN": 5, "TINY": -99, "HOMEPART": 1, "MIN_ZOOM": 0, "MIN_LABEL": 4, "MAX_LABEL": 9, "LABEL_X": 4.800448, "LABEL_Y": 50.785392, "NE_ID": 1159320389, "WIKIDATAID": "Q31", "NAME_AR": "\u0628\u0644\u062c\u064a\u0643\u0627", "NAME_BN": "\u09ac\u09c7\u09b2\u099c\u09bf\u09af\u09bc\u09be\u09ae", "NAME_DE": "Belgien", "NAME_EN": "Belgium", "NAME_ES": "B\u00e9lgica", "NAME_FA": "\u0628\u0644\u0698\u06cc\u06a9", "NAME_FR": "Belgique", "NAME_EL": "\u0392\u03ad\u03bb\u03b3\u03b9\u03bf", "NAME_HE": "\u05d1\u05dc\u05d2\u05d9\u05d4", "NAME_HI": "\u092c\u0947\u0932\u094d\u091c\u093f\u092f\u092e", "NAME_HU": "Belgium", "NAME_ID": "Belgia", "NAME_IT": "Belgio", "NAME_JA": "\u30d9\u30eb\u30ae\u30fc", "NAME_KO": "\ubca8\uae30\uc5d0", "NAME_NL": "Belgi\u00eb", "NAME_PL": "Belgia", "NAME_PT": "B\u00e9lgica", "NAME_RU": "\u0411\u0435\u043b\u044c\u0433\u0438\u044f", "NAME_SV": "Belgien", "NAME_TR": "Bel\u00e7ika", "NAME_UK": "\u0411\u0435\u043b\u044c\u0433\u0456\u044f", "NAME_UR": "\u0628\u0644\u062c\u0626\u06cc\u0645", "NAME_VI": "B\u1ec9", "NAME_ZH": "\u6bd4\u5229\u65f6", "NAME_ZHT": "\u6bd4\u5229\u6642", "FCLASS_ISO": "Admin-0 country", "TLC_DIFF": null, "FCLASS_TLC": "Admin-0 country", "FCLASS_US": null, "FCLASS_FR": null, "FCLASS_RU": null, "FCLASS_ES": null, "FCLASS_CN": null, "FCLASS_TW": null, "FCLASS_IN": null, "FCLASS_NP": null, "FCLASS_PK": null, "FCLASS_DE": null, "FCLASS_GB": null, "FCLASS_BR": null, "FCLASS_IL": null, "FCLASS_PS": null, "FCLASS_SA": null, "FCLASS_EG": null, "FCLASS_MA": null, "FCLASS_PT": null, "FCLASS_AR": null, "FCLASS_JP": null, "FCLASS_KO": null, "FCLASS_VN": null, "FCLASS_TR": null, "FCLASS_ID": null, "FCLASS_PL": null, "FCLASS_GR": null, "FCLASS_IT": null, "FCLASS_NL": null, "FCLASS_SE": null, "FCLASS_BD": null, "FCLASS_UA": null}, "bbox": [2.513573, 49.529484, 6.156658, 51.475024], "geometry": {"type": "Polygon", "coordinates": [[[6.156658, 50.803721], [2.658422, 50.796848], [6.156658, 50.803721]]]}}, {"type": "Feature", "properties": {"featurecla": "Admin-0 country", "scalerank": 1, "LABELRANK": 5, "SOVEREIGNT": "Netherlands", "SOV_A3": "NL1", "ADM0_DIF": 1, "LEVEL": 2, "TYPE": "Country", "TLC": "1", "ADMIN": "Netherlands", "ADM0_A3": "NLD", "GEOU_DIF": 0, "GEOUNIT": "Netherlands", "GU_A3": "NLD", "SU_DIF": 0, "SUBUNIT": "Netherlands", "SU_A3": "NLD", "BRK_DIFF": 0, "NAME": "Netherlands", "NAME_LONG": "Netherlands", "BRK_A3": "NLD", "BRK_NAME": "Netherlands", "BRK_GROUP": null, "ABBREV": "Neth.", "POSTAL": "NL", "FORMAL_EN": "Kingdom of the Netherlands", "FORMAL_FR": null, "NAME_CIAWF": "Netherlands", "NOTE_ADM0": null, "NOTE_BRK": null, "NAME_SORT": "Netherlands", "NAME_ALT": null, "MAPCOLOR7": 4, "MAPCOLOR8": 2, "MAPCOLOR9": 2, "MAPCOLOR13": 9, "POP_EST": 17332850, "POP_RANK": 14, "POP_YEAR": 2019, "GDP_MD": 907050, "GDP_YEAR": 2019, "ECONOMY": "2. Developed region: nonG7", "INCOME_GRP": "1. High income: OECD", "FIPS_10": "NL", "ISO_A2": "NL", "ISO_A2_EH": "NL", "ISO_A3": "NLD", "ISO_A3_EH": "NLD", "ISO_N3": "528", "ISO_N3_EH": "528", "UN_A3": "528", "WB_A2": "NL", "WB_A3": "NLD", "WOE_ID": -90, "WOE_ID_EH": 23424909, "WOE_NOTE": "Doesn't include new former units of Netherlands Antilles (24549811, 24549808, and 24549809)", "ADM0_ISO": "NLD", "ADM0_DIFF": null, "ADM0_TLC": "NLD", "ADM0_A3_US": "NLD", "ADM0_A3_FR": "NLD", "ADM0_A3_RU": "NLD", "ADM0_A3_ES": "NLD", "ADM0_A3_CN": "NLD", "ADM0_A3_TW": "NLD", "ADM0_A3_IN": "NLD", "ADM0_A3_NP": "NLD", "ADM0_A3_PK": "NLD", "ADM0_A3_DE": "NLD", "ADM0_A3_GB": "NLD", "ADM0_A3_BR": "NLD", "ADM0_A3_IL": "NLD", "ADM0_A3_PS": "NLD", "ADM0_A3_SA": "NLD", "ADM0_A3_EG": "NLD", "ADM0_A3_MA": "NLD", "ADM0_A3_PT": "NLD", "ADM0_A3_AR": "NLD", "ADM0_A3_JP": "NLD", "ADM0_A3_KO": "NLD", "ADM0_A3_VN": "NLD", "ADM0_A3_TR": "NLD", "ADM0_A3_ID": "NLD", "ADM0_A3_PL": "NLD", "ADM0_A3_GR": "NLD", "ADM0_A3_IT": "NLD", "ADM0_A3_NL": "NLD", "ADM0_A3_SE": "NLD", "ADM0_A3_BD": "NLD", "ADM0_A3_UA": "NLD", "ADM0_A3_UN": -99, "ADM0_A3_WB": -99, "CONTINENT": "Europe", "REGION_UN": "Europe", "SUBREGION": "Western Europe", "REGION_WB": "Europe & Central Asia", "NAME_LEN": 11, "LONG_LEN": 11, "ABBREV_LEN": 5, "TINY": -99, "HOMEPART": 1, "MIN_ZOOM": 0, "MIN_LABEL": 4, "MAX_LABEL": 10, "LABEL_X": 5.61144, "LABEL_Y": 52.422211, "NE_ID": 1159321101, "WIKIDATAID": "Q55", "NAME_AR": "\u0647\u0648\u0644\u0646\u062f\u0627", "NAME_BN": "\u09a8\u09c7\u09a6\u09be\u09b0\u09b2\u09cd\u09af\u09be\u09a8\u09cd\u09a1\u09b8", "NAME_DE": "Niederlande", "NAME_EN": "Netherlands", "NAME_ES": "Pa\u00edses Bajos", "NAME_FA": "\u0647\u0644\u0646\u062f", "NAME_FR": "Pays-Bas", "NAME_EL": "\u039f\u03bb\u03bb\u03b1\u03bd\u03b4\u03af\u03b1", "NAME_HE": "\u05d4\u05d5\u05dc\u05e0\u05d3", "NAME_HI": "\u0928\u0940\u0926\u0930\u0932\u0948\u0923\u094d\u0921", "NAME_HU": "Hollandia", "NAME_ID": "Belanda", "NAME_IT": "Paesi Bassi", "NAME_JA": "\u30aa\u30e9\u30f3\u30c0", "NAME_KO": "\ub124\ub35c\ub780\ub4dc", "NAME_NL": "Nederland", "NAME_PL": "Holandia", "NAME_PT": "Pa\u00edses Baixos", "NAME_RU": "\u041d\u0438\u0434\u0435\u0440\u043b\u0430\u043d\u0434\u044b", "NAME_SV": "Nederl\u00e4nderna", "NAME_TR": "Hollanda", "NAME_UK": "\u041d\u0456\u0434\u0435\u0440\u043b\u0430\u043d\u0434\u0438", "NAME_UR": "\u0646\u06cc\u062f\u0631\u0644\u06cc\u0646\u0688\u0632", "NAME_VI": "H\u00e0 Lan", "NAME_ZH": "\u8377\u5170", "NAME_ZHT": "\u8377\u862d", "FCLASS_ISO": "Admin-0 country", "TLC_DIFF": null, "FCLASS_TLC": "Admin-0 country", "FCLASS_US": null, "FCLASS_FR": null, "FCLASS_RU": null, "FCLASS_ES": null, "FCLASS_CN": null, "FCLASS_TW": null, "FCLASS_IN": null, "FCLASS_NP": null, "FCLASS_PK": null, "FCLASS_DE": null, "FCLASS_GB": null, "FCLASS_BR": null, "FCLASS_IL": null, "FCLASS_PS": null, "FCLASS_SA": null, "FCLASS_EG": null, "FCLASS_MA": null, "FCLASS_PT": null, "FCLASS_AR": null, "FCLASS_JP": null, "FCLASS_KO": null, "FCLASS_VN": null, "FCLASS_TR": null, "FCLASS_ID": null, "FCLASS_PL": null, "FCLASS_GR": null, "FCLASS_IT": null, "FCLASS_NL": null, "FCLASS_SE": null, "FCLASS_BD": null, "FCLASS_UA": null}, "bbox": [3.314971, 50.803721, 7.092053, 53.510403], "geometry": {"type": "Polygon", "coordinates": [[[6.90514, 53.482162], [4.047071, 51.267259], [6.90514, 53.482162]]]}}, {"type": "Feature", "properties": {"featurecla": "Admin-0 country", "scalerank": 1, "LABELRANK": 2, "SOVEREIGNT": "Portugal", "SOV_A3": "PRT", "ADM0_DIF": 0, "LEVEL": 2, "TYPE": "Sovereign country", "TLC": "1", "ADMIN": "Portugal", "ADM0_A3": "PRT", "GEOU_DIF": 0, "GEOUNIT": "Portugal", "GU_A3": "PRT", "SU_DIF": 1, "SUBUNIT": "Portugal", "SU_A3": "PR1", "BRK_DIFF": 0, "NAME": "Portugal", "NAME_LONG": "Portugal", "BRK_A3": "PR1", "BRK_NAME": "Portugal", "BRK_GROUP": null, "ABBREV": "Port.", "POSTAL": "P", "FORMAL_EN": "Portuguese Republic", "FORMAL_FR": null, "NAME_CIAWF": "Portugal", "NOTE_ADM0": null, "NOTE_BRK": null, "NAME_SORT": "Portugal", "NAME_ALT": null, "MAPCOLOR7": 1, "MAPCOLOR8": 7, "MAPCOLOR9": 1, "MAPCOLOR13": 4, "POP_EST": 10269417, "POP_RANK": 14, "POP_YEAR": 2019, "GDP_MD": 238785, "GDP_YEAR": 2019, "ECONOMY": "2. Developed region: nonG7", "INCOME_GRP": "1. High income: OECD", "FIPS_10": "PO", "ISO_A2": "PT", "ISO_A2_EH": "PT", "ISO_A3": "PRT", "ISO_A3_EH": "PRT", "ISO_N3": "620", "ISO_N3_EH": "620", "UN_A3": "620", "WB_A2": "PT", "WB_A3": "PRT", "WOE_ID": 23424925, "WOE_ID_EH": 23424925, "WOE_NOTE": "Exact WOE match as country", "ADM0_ISO": "PR1", "ADM0_DIFF": null, "ADM0_TLC": "PR1", "ADM0_A3_US": "PRT", "ADM0_A3_FR": "PRT", "ADM0_A3_RU": "PRT", "ADM0_A3_ES": "PRT", "ADM0_A3_CN": "PRT", "ADM0_A3_TW": "PRT", "ADM0_A3_IN": "PRT", "ADM0_A3_NP": "PRT", "ADM0_A3_PK": "PRT", "ADM0_A3_DE": "PRT", "ADM0_A3_GB": "PRT", "ADM0_A3_BR": "PRT", "ADM0_A3_IL": "PRT", "ADM0_A3_PS": "PRT", "ADM0_A3_SA": "PRT", "ADM0_A3_EG": "PRT", "ADM0_A3_MA": "PRT", "ADM0_A3_PT": "PRT", "ADM0_A3_AR": "PRT", "ADM0_A3_JP": "PRT", "ADM0_A3_KO": "PRT", "ADM0_A3_VN": "PRT", "ADM0_A3_TR": "PRT", "ADM0_A3_ID": "PRT", "ADM0_A3_PL": "PRT", "ADM0_A3_GR": "PRT", "ADM0_A3_IT": "PRT", "ADM0_A3_NL": "PRT", "ADM0_A3_SE": "PRT", "ADM0_A3_BD": "PRT", "ADM0_A3_UA": "PRT", "ADM0_A3_UN": -99, "ADM0_A3_WB": -99, "CONTINENT": "Europe", "REGION_UN": "Europe", "SUBREGION": "Southern Europe", "REGION_WB": "Europe & Central Asia", "NAME_LEN": 8, "LONG_LEN": 8, "ABBREV_LEN": 5, "TINY": -99, "HOMEPART": 1, "MIN_ZOOM": 0, "MIN_LABEL": 3, "MAX_LABEL": 8, "LABEL_X": -8.271754, "LABEL_Y": 39.606675, "NE_ID": 1159321187, "WIKIDATAID": "Q45", "NAME_AR": "\u0627\u0644\u0628\u0631\u062a\u063a\u0627\u0644", "NAME_BN": "\u09aa\u09b0\u09cd\u09a4\u09c1\u0997\u09be\u09b2", "NAME_DE": "Portugal", "NAME_EN": "Portugal", "NAME_ES": "Portugal", "NAME_FA": "\u067e\u0631\u062a\u063a\u0627\u0644", "NAME_FR": "Portugal", "NAME_EL": "\u03a0\u03bf\u03c1\u03c4\u03bf\u03b3\u03b1\u03bb\u03af\u03b1", "NAME_HE": "\u05e4\u05d5\u05e8\u05d8\u05d5\u05d2\u05dc", "NAME_HI": "\u092a\u0941\u0930\u094d\u0924\u0917\u093e\u0932", "NAME_HU": "Portug\u00e1lia", "NAME_ID": "Portugal", "NAME_IT": "Portogallo", "NAME_JA": "\u30dd\u30eb\u30c8\u30ac\u30eb", "NAME_KO": "\ud3ec\ub974\ud22c\uac08", "NAME_NL": "Portugal", "NAME_PL": "Portugalia", "NAME_PT": "Portugal", "NAME_RU": "\u041f\u043e\u0440\u0442\u0443\u0433\u0430\u043b\u0438\u044f", "NAME_SV": "Portugal", "NAME_TR": "Portekiz", "NAME_UK": "\u041f\u043e\u0440\u0442\u0443\u0433\u0430\u043b\u0456\u044f", "NAME_UR": "\u067e\u0631\u062a\u06af\u0627\u0644", "NAME_VI": "B\u1ed3 \u0110\u00e0o Nha", "NAME_ZH": "\u8461\u8404\u7259", "NAME_ZHT": "\u8461\u8404\u7259", "FCLASS_ISO": "Admin-0 country", "TLC_DIFF": null, "FCLASS_TLC": "Admin-0 country", "FCLASS_US": null, "FCLASS_FR": null, "FCLASS_RU": null, "FCLASS_ES": null, "FCLASS_CN": null, "FCLASS_TW": null, "FCLASS_IN": null, "FCLASS_NP": null, "FCLASS_PK": null, "FCLASS_DE": null, "FCLASS_GB": null, "FCLASS_BR": null, "FCLASS_IL": null, "FCLASS_PS": null, "FCLASS_SA": null, "FCLASS_EG": null, "FCLASS_MA": null, "FCLASS_PT": null, "FCLASS_AR": null, "FCLASS_JP": null, "FCLASS_KO": null, "FCLASS_VN": null, "FCLASS_TR": null, "FCLASS_ID": null, "FCLASS_PL": null, "FCLASS_GR": null, "FCLASS_IT": null, "FCLASS_NL": null, "FCLASS_SE": null, "FCLASS_BD": null, "FCLASS_UA": null}, "bbox": [-9.526571, 36.838269, -6.389088, 42.280469], "geometry": {"type": "Polygon", "coordinates": [[[-9.034818, 41.880571], [-6.851127, 41.111083], [-7.166508, 37.803894], [-9.287464, 38.358486], [-9.034818, 41.880571]]]}}, {"type": "Feature", "properties": {"featurecla": "Admin-0 country", "scalerank": 1, "LABELRANK": 2, "SOVEREIGNT": "Spain", "SOV_A3": "ESP", "ADM0_DIF": 0, "LEVEL": 2, "TYPE": "Sovereign country", "TLC": "1", "ADMIN": "Spain", "ADM0_A3": "ESP", "GEOU_DIF": 0, "GEOUNIT": "Spain", "GU_A3": "ESP", "SU_DIF": 0, "SUBUNIT": "Spain", "SU_A3": "ESP", "BRK_DIFF": 0, "NAME": "Spain", "NAME_LONG": "Spain", "BRK_A3": "ESP", "BRK_NAME": "Spain", "BRK_GROUP": null, "ABBREV": "Sp.", "POSTAL": "E", "FORMAL_EN": "Kingdom of Spain", "FORMAL_FR": null, "NAME_CIAWF": "Spain", "NOTE_ADM0": null, "NOTE_BRK": null, "NAME_SORT": "Spain", "NAME_ALT": null, "MAPCOLOR7": 4, "MAPCOLOR8": 5, "MAPCOLOR9": 5, "MAPCOLOR13": 5, "POP_EST": 47076781, "POP_RANK": 15, "POP_YEAR": 2019, "GDP_MD": 1393490, "GDP_YEAR": 2019, "ECONOMY": "2. Developed region: nonG7", "INCOME_GRP": "1. High income: OECD", "FIPS_10": "SP", "ISO_A2": "ES", "ISO_A2_EH": "ES", "ISO_A3": "ESP", "ISO_A3_EH": "ESP", "ISO_N3": "724", "ISO_N3_EH": "724", "UN_A3": "724", "WB_A2": "ES", "WB_A3": "ESP", "WOE_ID": 23424950, "WOE_ID_EH": 23424950, "WOE_NOTE": "Exact WOE match as country", "ADM0_ISO": "ESP", "ADM0_DIFF": null, "ADM0_TLC": "ESP", "ADM0_A3_US": "ESP", "ADM0_A3_FR": "ESP", "ADM0_A3_RU": "ESP", "ADM0_A3_ES": "ESP", "ADM0_A3_CN": "ESP", "ADM0_A3_TW": "ESP", "ADM0_A3_IN": "ESP", "ADM0_A3_NP": "ESP", "ADM0_A3_PK": "ESP", "ADM0_A3_DE": "ESP", "ADM0_A3_GB": "ESP", "ADM0_A3_BR": "ESP", "ADM0_A3_IL": "ESP", "ADM0_A3_PS": "ESP", "ADM0_A3_SA": "ESP", "ADM0_A3_EG": "ESP", "ADM0_A3_MA": "ESP", "ADM0_A3_PT": "ESP", "ADM0_A3_AR": "ESP", "ADM0_A3_JP": "ESP", "ADM0_A3_KO": "ESP", "ADM0_A3_VN": "ESP", "ADM0_A3_TR": "ESP", "ADM0_A3_ID": "ESP", "ADM0_A3_PL": "ESP", "ADM0_A3_GR": "ESP", "ADM0_A3_IT": "ESP", "ADM0_A3_NL": "ESP", "ADM0_A3_SE": "ESP", "ADM0_A3_BD": "ESP", "ADM0_A3_UA": "ESP", "ADM0_A3_UN": -99, "ADM0_A3_WB": -99, "CONTINENT": "Europe", "REGION_UN": "Europe", "SUBREGION": "Southern Europe", "REGION_WB": "Europe & Central Asia", "NAME_LEN": 5, "LONG_LEN": 5, "ABBREV_LEN": 3, "TINY": -99, "HOMEPART": 1, "MIN_ZOOM": 0, "MIN_LABEL": 2, "MAX_LABEL": 7, "LABEL_X": -3.464718, "LABEL_Y": 40.090953, "NE_ID": 1159320587, "WIKIDATAID": "Q29", "NAME_AR": "\u0625\u0633\u0628\u0627\u0646\u064a\u0627", "NAME_BN": "\u09b8\u09cd\u09aa\u09c7\u09a8", "NAME_DE": "Spanien", "NAME_EN": "Spain", "NAME_ES": "Espa\u00f1a", "NAME_FA": "\u0627\u0633\u067e\u0627\u0646\u06cc\u0627", "NAME_FR": "Espagne", "NAME_EL": "\u0399\u03c3\u03c0\u03b1\u03bd\u03af\u03b1", "NAME_HE": "\u05e1\u05e4\u05e8\u05d3", "NAME_HI": "\u0938\u094d\u092a\u0947\u0928", "NAME_HU": "Spanyolorsz\u00e1g", "NAME_ID": "Spanyol", "NAME_IT": "Spagna", "NAME_JA": "\u30b9\u30da\u30a4\u30f3", "NAME_KO": "\uc2a4\ud398\uc778", "NAME_NL": "Spanje", "NAME_PL": "Hiszpania", "NAME_PT": "Espanha", "NAME_RU": "\u0418\u0441\u043f\u0430\u043d\u0438\u044f", "NAME_SV": "Spanien", "NAME_TR": "\u0130spanya", "NAME_UK": "\u0406\u0441\u043f\u0430\u043d\u0456\u044f", "NAME_UR": "\u06c1\u0633\u067e\u0627\u0646\u06cc\u06c1", "NAME_VI": "T\u00e2y Ban Nha", "NAME_ZH": "\u897f\u73ed\u7259", "NAME_ZHT": "\u897f\u73ed\u7259", "FCLASS_ISO": "Admin-0 country", "TLC_DIFF": null, "FCLASS_TLC": "Admin-0 country", "FCLASS_US": null, "FCLASS_FR": null, "FCLASS_RU": null, "FCLASS_ES": null, "FCLASS_CN": null, "FCLASS_TW": null, "FCLASS_IN": null, "FCLASS_NP": null, "FCLASS_PK": null, "FCLASS_DE": null, "FCLASS_GB": null, "FCLASS_BR": null, "FCLASS_IL": null, "FCLASS_PS": null, "FCLASS_SA": null, "FCLASS_EG": null, "FCLASS_MA": null, "FCLASS_PT": null, "FCLASS_AR": null, "FCLASS_JP": null, "FCLASS_KO": null, "FCLASS_VN": null, "FCLASS_TR": null, "FCLASS_ID": null, "FCLASS_PL": null, "FCLASS_GR": null, "FCLASS_IT": null, "FCLASS_NL": null, "FCLASS_SE": null, "FCLASS_BD": null, "FCLASS_UA": null}, "bbox": [-9.392884, 35.94685, 3.039484, 43.748338], "geometry": {"type": "Polygon", "coordinates": [[[-7.453726, 37.097788], [-7.026413, 40.184524], [-8.263857, 42.280469], [-4.347843, 43.403449], [3.039484, 41.89212], [-0.683389, 37.642354], [-6.236694, 36.367677], [-7.453726, 37.097788]]]}}, {"type": "Feature", "properties": {"featurecla": "Admin-0 country", "scalerank": 1, "LABELRANK": 3, "SOVEREIGNT": "Ireland", "SOV_A3": "IRL", "ADM0_DIF": 0, "LEVEL": 2, "TYPE": "Sovereign country", "TLC": "1", "ADMIN": "Ireland", "ADM0_A3": "IRL", "GEOU_DIF": 0, "GEOUNIT": "Ireland", "GU_A3": "IRL", "SU_DIF": 0, "SUBUNIT": "Ireland", "SU_A3": "IRL", "BRK_DIFF": 0, "NAME": "Ireland", "NAME_LONG": "Ireland", "BRK_A3": "IRL", "BRK_NAME": "Ireland", "BRK_GROUP": null, "ABBREV": "Ire.", "POSTAL": "IRL", "FORMAL_EN": "Ireland", "FORMAL_FR": null, "NAME_CIAWF": "Ireland", "NOTE_ADM0": null, "NOTE_BRK": null, "NAME_SORT": "Ireland", "NAME_ALT": null, "MAPCOLOR7": 2, "MAPCOLOR8": 3, "MAPCOLOR9": 2, "MAPCOLOR13": 2, "POP_EST": 4941444, "POP_RANK": 12, "POP_YEAR": 2019, "GDP_MD": 388698, "GDP_YEAR": 2019, "ECONOMY": "2. Developed region: nonG7", "INCOME_GRP": "1. High income: OECD", "FIPS_10": "EI", "ISO_A2": "IE", "ISO_A2_EH": "IE", "ISO_A3": "IRL", "ISO_A3_EH": "IRL", "ISO_N3": "372", "ISO_N3_EH": "372", "UN_A3": "372", "WB_A2": "IE", "WB_A3": "IRL", "WOE_ID": 23424803, "WOE_ID_EH": 23424803, "WOE_NOTE": "Exact WOE match as country", "ADM0_ISO": "IRL", "ADM0_DIFF": null, "ADM0_TLC": "IRL", "ADM0_A3_US": "IRL", "ADM0_A3_FR": "IRL", "ADM0_A3_RU": "IRL", "ADM0_A3_ES": "IRL", "ADM0_A3_CN": "IRL", "ADM0_A3_TW": "IRL", "ADM0_A3_IN": "IRL", "ADM0_A3_NP": "IRL", "ADM0_A3_PK": "IRL", "ADM0_A3_DE": "IRL", "ADM0_A3_GB": "IRL", "ADM0_A3_BR": "IRL", "ADM0_A3_IL": "IRL", "ADM0_A3_PS": "IRL", "ADM0_A3_SA": "IRL", "ADM0_A3_EG": "IRL", "ADM0_A3_MA": "IRL", "ADM0_A3_PT": "IRL", "ADM0_A3_AR": "IRL", "ADM0_A3_JP": "IRL", "ADM0_A3_KO": "IRL", "ADM0_A3_VN": "IRL", "ADM0_A3_TR": "IRL", "ADM0_A3_ID": "IRL", "ADM0_A3_PL": "IRL", "ADM0_A3_GR": "IRL", "ADM0_A3_IT": "IRL", "ADM0_A3_NL": "IRL", "ADM0_A3_SE": "IRL", "ADM0_A3_BD": "IRL", "ADM0_A3_UA": "IRL", "ADM0_A3_UN": -99, "ADM0_A3_WB": -99, "CONTINENT": "Europe", "REGION_UN": "Europe", "SUBREGION": "Northern Europe", "REGION_WB": "Europe & Central Asia", "NAME_LEN": 7, "LONG_LEN": 7, "ABBREV_LEN": 4, "TINY": -99, "HOMEPART": 1, "MIN_ZOOM": 0, "MIN_LABEL": 3, "MAX_LABEL": 8, "LABEL_X": -7.798588, "LABEL_Y": 53.078726, "NE_ID": 1159320877, "WIKIDATAID": "Q27", "NAME_AR": "\u062c\u0645\u0647\u0648\u0631\u064a\u0629 \u0623\u064a\u0631\u0644\u0646\u062f\u0627", "NAME_BN": "\u09aa\u09cd\u09b0\u099c\u09be\u09a4\u09a8\u09cd\u09a4\u09cd\u09b0\u09c0 \u0986\u09af\u09bc\u09be\u09b0\u09b2\u09cd\u09af\u09be\u09a8\u09cd\u09a1", "NAME_DE": "Irland", "NAME_EN": "Ireland", "NAME_ES": "Irlanda", "NAME_FA": "\u0627\u06cc\u0631\u0644\u0646\u062f", "NAME_FR": "Irlande", "NAME_EL": "\u0394\u03b7\u03bc\u03bf\u03ba\u03c1\u03b1\u03c4\u03af\u03b1 \u03c4\u03b7\u03c2 \u0399\u03c1\u03bb\u03b1\u03bd\u03b4\u03af\u03b1\u03c2", "NAME_HE": "\u05d0\u05d9\u05e8\u05dc\u05e0\u05d3", "NAME_HI": "\u0906\u092f\u0930\u0932\u0948\u0923\u094d\u0921", "NAME_HU": "\u00cdrorsz\u00e1g", "NAME_ID": "Republik Irlandia", "NAME_IT": "Irlanda", "NAME_JA": "\u30a2\u30a4\u30eb\u30e9\u30f3\u30c9", "NAME_KO": "\uc544\uc77c\ub79c\ub4dc", "NAME_NL": "Ierland", "NAME_PL": "Irlandia", "NAME_PT": "Rep\u00fablica da Irlanda", "NAME_RU": "\u0418\u0440\u043b\u0430\u043d\u0434\u0438\u044f", "NAME_SV": "Irland", "NAME_TR": "\u0130rlanda", "NAME_UK": "\u0406\u0440\u043b\u0430\u043d\u0434\u0456\u044f", "NAME_UR": "\u062c\u0645\u06c1\u0648\u0631\u06cc\u06c1 \u0622\u0626\u0631\u0644\u06cc\u0646\u0688", "NAME_VI": "C\u1ed9ng h\u00f2a Ireland", "NAME_ZH": "\u7231\u5c14\u5170", "NAME_ZHT": "\u611b\u723e\u862d", "FCLASS_ISO": "Admin-0 country", "TLC_DIFF": null, "FCLASS_TLC": "Admin-0 country", "FCLASS_US": null, "FCLASS_FR": null, "FCLASS_RU": null, "FCLASS_ES": null, "FCLASS_CN": null, "FCLASS_TW": null, "FCLASS_IN": null, "FCLASS_NP": null, "FCLASS_PK": null, "FCLASS_DE": null, "FCLASS_GB": null, "FCLASS_BR": null, "FCLASS_IL": null, "FCLASS_PS": null, "FCLASS_SA": null, "FCLASS_EG": null, "FCLASS_MA": null, "FCLASS_PT": null, "FCLASS_AR": null, "FCLASS_JP": null, "FCLASS_KO": null, "FCLASS_VN": null, "FCLASS_TR": null, "FCLASS_ID": null, "FCLASS_PL": null, "FCLASS_GR": null, "FCLASS_IT": null, "FCLASS_NL": null, "FCLASS_SE": null, "FCLASS_BD": null, "FCLASS_UA": null}, "bbox": [-9.977086, 51.669301, -6.032985, 55.131622], "geometry": {"type": "Polygon", "coordinates": [[[-6.197885, 53.867565], [-7.572168, 55.131622], [-6.197885, 53.867565]]]}}, {"type": "Feature", "properties": {"featurecla": "Admin-0 country", "scalerank": 1, "LABELRANK": 3, "SOVEREIGNT": "France", "SOV_A3": "FR1", "ADM0_DIF": 1, "LEVEL": 2, "TYPE": "Dependency", "TLC": "1", "ADMIN": "New Caledonia", "ADM0_A3": "NCL", "GEOU_DIF": 0, "GEOUNIT": "New Caledonia", "GU_A3": "NCL", "SU_DIF": 0, "SUBUNIT": "New Caledonia", "SU_A3": "NCL", "BRK_DIFF": 0, "NAME": "New Caledonia", "NAME_LONG": "New Caledonia", "BRK_A3": "NCL", "BRK_NAME": "New Caledonia", "BRK_GROUP": null, "ABBREV": "New C.", "POSTAL": "NC", "FORMAL_EN": "New Caledonia", "FORMAL_FR": "Nouvelle-Cal\u00e9donie", "NAME_CIAWF": "New Caledonia", "NOTE_ADM0": "Fr.", "NOTE_BRK": null, "NAME_SORT": "New Caledonia", "NAME_ALT": null, "MAPCOLOR7": 7, "MAPCOLOR8": 5, "MAPCOLOR9": 9, "MAPCOLOR13": 11, "POP_EST": 287800, "POP_RANK": 10, "POP_YEAR": 2019, "GDP_MD": 10770, "GDP_YEAR": 2016, "ECONOMY": "6. Developing region", "INCOME_GRP": "2. High income: nonOECD", "FIPS_10": "NC", "ISO_A2": "NC", "ISO_A2_EH": "NC", "ISO_A3": "NCL", "ISO_A3_EH": "NCL", "ISO_N3": "540", "ISO_N3_EH": "540", "UN_A3": "540", "WB_A2": "NC", "WB_A3": "NCL", "WOE_ID": 23424903, "WOE_ID_EH": 23424903, "WOE_NOTE": "Exact WOE match as country", "ADM0_ISO": "NCL", "ADM0_DIFF": null, "ADM0_TLC": "NCL", "ADM0_A3_US": "NCL", "ADM0_A3_FR": "NCL", "ADM0_A3_RU": "NCL", "ADM0_A3_ES": "NCL", "ADM0_A3_CN": "NCL", "ADM0_A3_TW": "NCL", "ADM0_A3_IN": "NCL", "ADM0_A3_NP": "NCL", "ADM0_A3_PK": "NCL", "ADM0_A3_DE": "NCL", "ADM0_A3_GB": "NCL", "ADM0_A3_BR": "NCL", "ADM0_A3_IL": "NCL", "ADM0_A3_PS": "NCL", "ADM0_A3_SA": "NCL", "ADM0_A3_EG": "NCL", "ADM0_A3_MA": "NCL", "ADM0_A3_PT": "NCL", "ADM0_A3_AR": "NCL", "ADM0_A3_JP": "NCL", "ADM0_A3_KO": "NCL", "ADM0_A3_VN": "NCL", "ADM0_A3_TR": "NCL", "ADM0_A3_ID": "NCL", "ADM0_A3_PL": "NCL", "ADM0_A3_GR": "NCL", "ADM0_A3_IT": "NCL", "ADM0_A3_NL": "NCL", "ADM0_A3_SE": "NCL", "ADM0_A3_BD": "NCL", "ADM0_A3_UA": "NCL", "ADM0_A3_UN": -99, "ADM0_A3_WB": -99, "CONTINENT": "Oceania", "REGION_UN": "Oceania", "SUBREGION": "Melanesia", "REGION_WB": "East Asia & Pacific", "NAME_LEN": 13, "LONG_LEN": 13, "ABBREV_LEN": 6, "TINY": -99, "HOMEPART": -99, "MIN_ZOOM": 0, "MIN_LABEL": 4.6, "MAX_LABEL": 8, "LABEL_X": 165.084004, "LABEL_Y": -21.064697, "NE_ID": 1159320641, "WIKIDATAID": "Q33788", "NAME_AR": "\u0643\u0627\u0644\u064a\u062f\u0648\u0646\u064a\u0627 \u0627\u0644\u062c\u062f\u064a\u062f\u0629", "NAME_BN": "\u09a8\u09a4\u09c1\u09a8 \u0995\u09cd\u09af\u09be\u09b2\u09bf\u09a1\u09cb\u09a8\u09bf\u09af\u09bc\u09be", "NAME_DE": "Neukaledonien", "NAME_EN": "New Caledonia", "NAME_ES": "Nueva Caledonia", "NAME_FA": "\u06a9\u0627\u0644\u062f\u0648\u0646\u06cc\u0627\u06cc \u062c\u062f\u06cc\u062f", "NAME_FR": "Nouvelle-Cal\u00e9donie", "NAME_EL": "\u039d\u03ad\u03b1 \u039a\u03b1\u03bb\u03b7\u03b4\u03bf\u03bd\u03af\u03b1", "NAME_HE": "\u05e7\u05dc\u05d3\u05d5\u05e0\u05d9\u05d4 \u05d4\u05d7\u05d3\u05e9\u05d4", "NAME_HI": "\u0928\u092f\u093e \u0915\u0948\u0932\u0947\u0921\u094b\u0928\u093f\u092f\u093e", "NAME_HU": "\u00daj-Kaled\u00f3nia", "NAME_ID": "Kaledonia Baru", "NAME_IT": "Nuova Caledonia", "NAME_JA": "\u30cb\u30e5\u30fc\u30ab\u30ec\u30c9\u30cb\u30a2", "NAME_KO": "\ub204\ubca8\uce7c\ub808\ub3c4\ub2c8", "NAME_NL": "Nieuw-Caledoni\u00eb", "NAME_PL": "Nowa Kaledonia", "NAME_PT": "Nova Caled\u00f3nia", "NAME_RU": "\u041d\u043e\u0432\u0430\u044f \u041a\u0430\u043b\u0435\u0434\u043e\u043d\u0438\u044f", "NAME_SV": "Nya Kaledonien", "NAME_TR": "Yeni Kaledonya", "NAME_UK": "\u041d\u043e\u0432\u0430 \u041a\u0430\u043b\u0435\u0434\u043e\u043d\u0456\u044f", "NAME_UR": "\u0646\u06cc\u0648 \u06a9\u06cc\u0644\u06cc\u0688\u0648\u0646\u06cc\u0627", "NAME_VI": "Nouvelle-Cal\u00e9donie", "NAME_ZH": "\u65b0\u5580\u91cc\u591a\u5c3c\u4e9a", "NAME_ZHT": "\u65b0\u5580\u91cc\u591a\u5c3c\u4e9e", "FCLASS_ISO": "Admin-0 dependency", "TLC_DIFF": null, "FCLASS_TLC": "Admin-0 dependency", "FCLASS_US": null, "FCLASS_FR": null, "FCLASS_RU": null, "FCLASS_ES": null, "FCLASS_CN": null, "FCLASS_TW": null, "FCLASS_IN": null, "FCLASS_NP": null, "FCLASS_PK": null, "FCLASS_DE": null, "FCLASS_GB": null, "FCLASS_BR": null, "FCLASS_IL": null, "FCLASS_PS": null, "FCLASS_SA": null, "FCLASS_EG": null, "FCLASS_MA": null, "FCLASS_PT": null, "FCLASS_AR": null, "FCLASS_JP": null, "FCLASS_KO": null, "FCLASS_VN": null, "FCLASS_TR": null, "FCLASS_ID": null, "FCLASS_PL": null, "FCLASS_GR": null, "FCLASS_IT": null, "FCLASS_NL": null, "FCLASS_SE": null, "FCLASS_BD": null, "FCLASS_UA": null}, "bbox": [164.029606, -22.399976, 167.120011, -20.105646], "geometry": {"type": "Polygon", "coordinates": [[[165.77999, -21.080005], [164.029606, -20.105646], [165.77999, -21.080005]]]}}, {"type": "Feature", "properties": {"featurecla": "Admin-0 country", "scalerank": 1, "LABELRANK": 3, "SOVEREIGNT": "Solomon Islands", "SOV_A3": "SLB", "ADM0_DIF": 0, "LEVEL": 2, "TYPE": "Sovereign country", "TLC": "1", "ADMIN": "Solomon Islands", "ADM0_A3": "SLB", "GEOU_DIF": 0, "GEOUNIT": "Solomon Islands", "GU_A3": "SLB", "SU_DIF": 0, "SUBUNIT": "Solomon Islands", "SU_A3": "SLB", "BRK_DIFF": 0, "NAME": "Solomon Is.", "NAME_LONG": "Solomon Islands", "BRK_A3": "SLB", "BRK_NAME": "Solomon Is.", "BRK_GROUP": null, "ABBREV": "S. Is.", "POSTAL": "SB", "FORMAL_EN": null, "FORMAL_FR": null, "NAME_CIAWF": "Solomon Islands", "NOTE_ADM0": null, "NOTE_BRK": null, "NAME_SORT": "Solomon Islands", "NAME_ALT": null, "MAPCOLOR7": 1, "MAPCOLOR8": 4, "MAPCOLOR9": 1, "MAPCOLOR13": 6, "POP_EST": 669823, "POP_RANK": 11, "POP_YEAR": 2019, "GDP_MD": 1589, "GDP_YEAR": 2019, "ECONOMY": "7. Least developed region", "INCOME_GRP": "4. Lower middle income", "FIPS_10": "BP", "ISO_A2": "SB", "ISO_A2_EH": "SB", "ISO_A3": "SLB", "ISO_A3_EH": "SLB", "ISO_N3": "090", "ISO_N3_EH": "090", "UN_A3": "090", "WB_A2": "SB", "WB_A3": "SLB", "WOE_ID": 23424766, "WOE_ID_EH": 23424766, "WOE_NOTE": "Exact WOE match as country", "ADM0_ISO": "SLB", "ADM0_DIFF": null, "ADM0_TLC": "SLB", "ADM0_A3_US": "SLB", "ADM0_A3_FR": "SLB", "ADM0_A3_RU": "SLB", "ADM0_A3_ES": "SLB", "ADM0_A3_CN": "SLB", "ADM0_A3_TW": "SLB", "ADM0_A3_IN": "SLB", "ADM0_A3_NP": "SLB", "ADM0_A3_PK": "SLB", "ADM0_A3_DE": "SLB", "ADM0_A3_GB": "SLB", "ADM0_A3_BR": "SLB", "ADM0_A3_IL": "SLB", "ADM0_A3_PS": "SLB", "ADM0_A3_SA": "SLB", "ADM0_A3_EG": "SLB", "ADM0_A3_MA": "SLB", "ADM0_A3_PT": "SLB", "ADM0_A3_AR": "SLB", "ADM0_A3_JP": "SLB", "ADM0_A3_KO": "SLB", "ADM0_A3_VN": "SLB", "ADM0_A3_TR": "SLB", "ADM0_A3_ID": "SLB", "ADM0_A3_PL": "SLB", "ADM0_A3_GR": "SLB", "ADM0_A3_IT": "SLB", "ADM0_A3_NL": "SLB", "ADM0_A3_SE": "SLB", "ADM0_A3_BD": "SLB", "ADM0_A3_UA": "SLB", "ADM0_A3_UN": -99, "ADM0_A3_WB": -99, "CONTINENT": "Oceania", "REGION_UN": "Oceania", "SUBREGION": "Melanesia", "REGION_WB": "East Asia & Pacific", "NAME_LEN": 11, "LONG_LEN": 15, "ABBREV_LEN": 6, "TINY": -99, "HOMEPART": 1, "MIN_ZOOM": 0, "MIN_LABEL": 3, "MAX_LABEL": 8, "LABEL_X": 159.170468, "LABEL_Y": -8.029548, "NE_ID": 1159321249, "WIKIDATAID": "Q685", "NAME_AR": "\u062c\u0632\u0631 \u0633\u0644\u064a\u0645\u0627\u0646", "NAME_BN": "\u09b8\u09b2\u09cb\u09ae\u09a8 \u09a6\u09cd\u09ac\u09c0\u09aa\u09aa\u09c1\u099e\u09cd\u099c", "NAME_DE": "Salomonen", "NAME_EN": "Solomon Islands", "NAME_ES": "Islas Salom\u00f3n", "NAME_FA": "\u062c\u0632\u0627\u06cc\u0631 \u0633\u0644\u06cc\u0645\u0627\u0646", "NAME_FR": "\u00celes Salomon", "NAME_EL": "\u039d\u03b7\u03c3\u03b9\u03ac \u03a3\u03bf\u03bb\u03bf\u03bc\u03ce\u03bd\u03c4\u03b1", "NAME_HE": "\u05d0\u05d9\u05d9 \u05e9\u05dc\u05de\u05d4", "NAME_HI": "\u0938\u094b\u0932\u094b\u092e\u0928 \u0926\u094d\u0935\u0940\u092a\u0938\u092e\u0942\u0939", "NAME_HU": "Salamon-szigetek", "NAME_ID": "Kepulauan Solomon", "NAME_IT": "Isole Salomone", "NAME_JA": "\u30bd\u30ed\u30e2\u30f3\u8af8\u5cf6", "NAME_KO": "\uc194\ub85c\ubaac \uc81c\ub3c4", "NAME_NL": "Salomonseilanden", "NAME_PL": "Wyspy Salomona", "NAME_PT": "Ilhas Salom\u00e3o", "NAME_RU": "\u0421\u043e\u043b\u043e\u043c\u043e\u043d\u043e\u0432\u044b \u041e\u0441\u0442\u0440\u043e\u0432\u0430", "NAME_SV": "Salomon\u00f6arna", "NAME_TR": "Solomon Adalar\u0131", "NAME_UK": "\u0421\u043e\u043b\u043e\u043c\u043e\u043d\u043e\u0432\u0456 \u041e\u0441\u0442\u0440\u043e\u0432\u0438", "NAME_UR": "\u062c\u0632\u0627\u0626\u0631 \u0633\u0644\u06cc\u0645\u0627\u0646", "NAME_VI": "Qu\u1ea7n \u0111\u1ea3o Solomon", "NAME_ZH": "\u6240\u7f57\u95e8\u7fa4\u5c9b", "NAME_ZHT": "\u7d22\u7f85\u9580\u7fa4\u5cf6", "FCLASS_ISO": "Admin-0 country", "TLC_DIFF": null, "FCLASS_TLC": "Admin-0 country", "FCLASS_US": null, "FCLASS_FR": null, "FCLASS_RU": null, "FCLASS_ES": null, "FCLASS_CN": null, "FCLASS_TW": null, "FCLASS_IN": null, "FCLASS_NP": null, "FCLASS_PK": null, "FCLASS_DE": null, "FCLASS_GB": null, "FCLASS_BR": null, "FCLASS_IL": null, "FCLASS_PS": null, "FCLASS_SA": null, "FCLASS_EG": null, "FCLASS_MA": null, "FCLASS_PT": null, "FCLASS_AR": null, "FCLASS_JP": null, "FCLASS_KO": null, "FCLASS_VN": null, "FCLASS_TR": null, "FCLASS_ID": null, "FCLASS_PL": null, "FCLASS_GR": null, "FCLASS_IT": null, "FCLASS_NL": null, "FCLASS_SE": null, "FCLASS_BD": null, "FCLASS_UA": null}, "bbox": [156.491358, -10.826367, 162.398646, -6.599338], "geometry": {"type": "MultiPolygon", "coordinates": [[[[162.119025, -10.482719], [162.119025, -10.482719]]], [[[161.679982, -9.599982], [161.679982, -9.599982]]], [[[160.852229, -9.872937], [160.852229, -9.872937]]], [[[159.640003, -8.020027], [159.640003, -8.020027]]], [[[157.14, -7.021638], [157.14, -7.021638]]]]}}, {"type": "Feature", "properties": {"featurecla": "Admin-0 country", "scalerank": 1, "LABELRANK": 2, "SOVEREIGNT": "New Zealand", "SOV_A3": "NZ1", "ADM0_DIF": 1, "LEVEL": 2, "TYPE": "Country", "TLC": "1", "ADMIN": "New Zealand", "ADM0_A3": "NZL", "GEOU_DIF": 0, "GEOUNIT": "New Zealand", "GU_A3": "NZL", "SU_DIF": 0, "SUBUNIT": "New Zealand", "SU_A3": "NZL", "BRK_DIFF": 0, "NAME": "New Zealand", "NAME_LONG": "New Zealand", "BRK_A3": "NZL", "BRK_NAME": "New Zealand", "BRK_GROUP": null, "ABBREV": "N.Z.", "POSTAL": "NZ", "FORMAL_EN": "New Zealand", "FORMAL_FR": null, "NAME_CIAWF": "New Zealand", "NOTE_ADM0": null, "NOTE_BRK": null, "NAME_SORT": "New Zealand", "NAME_ALT": null, "MAPCOLOR7": 3, "MAPCOLOR8": 3, "MAPCOLOR9": 4, "MAPCOLOR13": 4, "POP_EST": 4917000, "POP_RANK": 12, "POP_YEAR": 2019, "GDP_MD": 206928, "GDP_YEAR": 2019, "ECONOMY": "2. Developed region: nonG7", "INCOME_GRP": "1. High income: OECD", "FIPS_10": "NZ", "ISO_A2": "NZ", "ISO_A2_EH": "NZ", "ISO_A3": "NZL", "ISO_A3_EH": "NZL", "ISO_N3": "554", "ISO_N3_EH": "554", "UN_A3": "554", "WB_A2": "NZ", "WB_A3": "NZL", "WOE_ID": 23424916, "WOE_ID_EH": 23424916, "WOE_NOTE": "Exact WOE match as country", "ADM0_ISO": "NZL", "ADM0_DIFF": null, "ADM0_TLC": "NZL", "ADM0_A3_US": "NZL", "ADM0_A3_FR": "NZL", "ADM0_A3_RU": "NZL", "ADM0_A3_ES": "NZL", "ADM0_A3_CN": "NZL", "ADM0_A3_TW": "NZL", "ADM0_A3_IN": "NZL", "ADM0_A3_NP": "NZL", "ADM0_A3_PK": "NZL", "ADM0_A3_DE": "NZL", "ADM0_A3_GB": "NZL", "ADM0_A3_BR": "NZL", "ADM0_A3_IL": "NZL", "ADM0_A3_PS": "NZL", "ADM0_A3_SA": "NZL", "ADM0_A3_EG": "NZL", "ADM0_A3_MA": "NZL", "ADM0_A3_PT": "NZL", "ADM0_A3_AR": "NZL", "ADM0_A3_JP": "NZL", "ADM0_A3_KO": "NZL", "ADM0_A3_VN": "NZL", "ADM0_A3_TR": "NZL", "ADM0_A3_ID": "NZL", "ADM0_A3_PL": "NZL", "ADM0_A3_GR": "NZL", "ADM0_A3_IT": "NZL", "ADM0_A3_NL": "NZL", "ADM0_A3_SE": "NZL", "ADM0_A3_BD": "NZL", "ADM0_A3_UA": "NZL", "ADM0_A3_UN": -99, "ADM0_A3_WB": -99, "CONTINENT": "Oceania", "REGION_UN": "Oceania", "SUBREGION": "Australia and New Zealand", "REGION_WB": "East Asia & Pacific", "NAME_LEN": 11, "LONG_LEN": 11, "ABBREV_LEN": 4, "TINY": -99, "HOMEPART": 1, "MIN_ZOOM": 0, "MIN_LABEL": 2, "MAX_LABEL": 6.7, "LABEL_X": 172.787, "LABEL_Y": -39.759, "NE_ID": 1159321135, "WIKIDATAID": "Q664", "NAME_AR": "\u0646\u064a\u0648\u0632\u064a\u0644\u0646\u062f\u0627", "NAME_BN": "\u09a8\u09bf\u0989\u099c\u09bf\u09b2\u09cd\u09af\u09be\u09a8\u09cd\u09a1", "NAME_DE": "Neuseeland", "NAME_EN": "New Zealand", "NAME_ES": "Nueva Zelanda", "NAME_FA": "\u0646\u06cc\u0648\u0632\u06cc\u0644\u0646\u062f", "NAME_FR": "Nouvelle-Z\u00e9lande", "NAME_EL": "\u039d\u03ad\u03b1 \u0396\u03b7\u03bb\u03b1\u03bd\u03b4\u03af\u03b1", "NAME_HE": "\u05e0\u05d9\u05d5 \u05d6\u05d9\u05dc\u05e0\u05d3", "NAME_HI": "\u0928\u094d\u092f\u0942\u091c\u093c\u0940\u0932\u0948\u0923\u094d\u0921", "NAME_HU": "\u00daj-Z\u00e9land", "NAME_ID": "Selandia Baru", "NAME_IT": "Nuova Zelanda", "NAME_JA": "\u30cb\u30e5\u30fc\u30b8\u30fc\u30e9\u30f3\u30c9", "NAME_KO": "\ub274\uc9c8\ub79c\ub4dc", "NAME_NL": "Nieuw-Zeeland", "NAME_PL": "Nowa Zelandia", "NAME_PT": "Nova Zel\u00e2ndia", "NAME_RU": "\u041d\u043e\u0432\u0430\u044f \u0417\u0435\u043b\u0430\u043d\u0434\u0438\u044f", "NAME_SV": "Nya Zeeland", "NAME_TR": "Yeni Zelanda", "NAME_UK": "\u041d\u043e\u0432\u0430 \u0417\u0435\u043b\u0430\u043d\u0434\u0456\u044f", "NAME_UR": "\u0646\u06cc\u0648\u0632\u06cc \u0644\u06cc\u0646\u0688", "NAME_VI": "New Zealand", "NAME_ZH": "\u65b0\u897f\u5170", "NAME_ZHT": "\u65b0\u897f\u862d", "FCLASS_ISO": "Admin-0 country", "TLC_DIFF": null, "FCLASS_TLC": "Admin-0 country", "FCLASS_US": null, "FCLASS_FR": null, "FCLASS_RU": null, "FCLASS_ES": null, "FCLASS_CN": null, "FCLASS_TW": null, "FCLASS_IN": null, "FCLASS_NP": null, "FCLASS_PK": null, "FCLASS_DE": null, "FCLASS_GB": null, "FCLASS_BR": null, "FCLASS_IL": null, "FCLASS_PS": null, "FCLASS_SA": null, "FCLASS_EG": null, "FCLASS_MA": null, "FCLASS_PT": null, "FCLASS_AR": null, "FCLASS_JP": null, "FCLASS_KO": null, "FCLASS_VN": null, "FCLASS_TR": null, "FCLASS_ID": null, "FCLASS_PL": null, "FCLASS_GR": null, "FCLASS_IT": null, "FCLASS_NL": null, "FCLASS_SE": null, "FCLASS_BD": null, "FCLASS_UA": null}, "bbox": [166.509144, -46.641235, 178.517094, -34.450662], "geometry": {"type": "MultiPolygon", "coordinates": [[[[176.885824, -40.065978], [173.824047, -39.508854], [173.054171, -35.237125], [175.808887, -36.798942], [177.206993, -39.145776], [176.885824, -40.065978]]], [[[169.667815, -43.555326], [173.247234, -41.331999], [172.308584, -43.865694], [166.676886, -46.219917], [169.667815, -43.555326]]]]}}, {"type": "Feature", "properties": {"featurecla": "Admin-0 country", "scalerank": 1, "LABELRANK": 2, "SOVEREIGNT": "Australia", "SOV_A3": "AU1", "ADM0_DIF": 1, "LEVEL": 2, "TYPE": "Country", "TLC": "1", "ADMIN": "Australia", "ADM0_A3": "AUS", "GEOU_DIF": 0, "GEOUNIT": "Australia", "GU_A3": "AUS", "SU_DIF": 0, "SUBUNIT": "Australia", "SU_A3": "AUS", "BRK_DIFF": 0, "NAME": "Australia", "NAME_LONG": "Australia", "BRK_A3": "AUS", "BRK_NAME": "Australia", "BRK_GROUP": null, "ABBREV": "Auz.", "POSTAL": "AU", "FORMAL_EN": "Commonwealth of Australia", "FORMAL_FR": null, "NAME_CIAWF": "Australia", "NOTE_ADM0": null, "NOTE_BRK": null, "NAME_SORT": "Australia", "NAME_ALT": null, "MAPCOLOR7": 1, "MAPCOLOR8": 2, "MAPCOLOR9": 2, "MAPCOLOR13": 7, "POP_EST": 25364307, "POP_RANK": 15, "POP_YEAR": 2019, "GDP_MD": 1396567, "GDP_YEAR": 2019, "ECONOMY": "2. Developed region: nonG7", "INCOME_GRP": "1. High income: OECD", "FIPS_10": "AS", "ISO_A2": "AU", "ISO_A2_EH": "AU", "ISO_A3": "AUS", "ISO_A3_EH": "AUS", "ISO_N3": "036", "ISO_N3_EH": "036", "UN_A3": "036", "WB_A2": "AU", "WB_A3": "AUS", "WOE_ID": -90, "WOE_ID_EH": 23424748, "WOE_NOTE": "Includes Ashmore and Cartier Islands (23424749) and Coral Sea Islands (23424790).", "ADM0_ISO": "AUS", "ADM0_DIFF": null, "ADM0_TLC": "AUS", "ADM0_A3_US": "AUS", "ADM0_A3_FR": "AUS", "ADM0_A3_RU": "AUS", "ADM0_A3_ES": "AUS", "ADM0_A3_CN": "AUS", "ADM0_A3_TW": "AUS", "ADM0_A3_IN": "AUS", "ADM0_A3_NP": "AUS", "ADM0_A3_PK": "AUS", "ADM0_A3_DE": "AUS", "ADM0_A3_GB": "AUS", "ADM0_A3_BR": "AUS", "ADM0_A3_IL": "AUS", "ADM0_A3_PS": "AUS", "ADM0_A3_SA": "AUS", "ADM0_A3_EG": "AUS", "ADM0_A3_MA": "AUS", "ADM0_A3_PT": "AUS", "ADM0_A3_AR": "AUS", "ADM0_A3_JP": "AUS", "ADM0_A3_KO": "AUS", "ADM0_A3_VN": "AUS", "ADM0_A3_TR": "AUS", "ADM0_A3_ID": "AUS", "ADM0_A3_PL": "AUS", "ADM0_A3_GR": "AUS", "ADM0_A3_IT": "AUS", "ADM0_A3_NL": "AUS", "ADM0_A3_SE": "AUS", "ADM0_A3_BD": "AUS", "ADM0_A3_UA": "AUS", "ADM0_A3_UN": -99, "ADM0_A3_WB": -99, "CONTINENT": "Oceania", "REGION_UN": "Oceania", "SUBREGION": "Australia and New Zealand", "REGION_WB": "East Asia & Pacific", "NAME_LEN": 9, "LONG_LEN": 9, "ABBREV_LEN": 4, "TINY": -99, "HOMEPART": 1, "MIN_ZOOM": 0, "MIN_LABEL": 1.7, "MAX_LABEL": 5.7, "LABEL_X": 134.04972, "LABEL_Y": -24.129522, "NE_ID": 1159320355, "WIKIDATAID": "Q408", "NAME_AR": "\u0623\u0633\u062a\u0631\u0627\u0644\u064a\u0627", "NAME_BN": "\u0985\u09b8\u09cd\u099f\u09cd\u09b0\u09c7\u09b2\u09bf\u09af\u09bc\u09be", "NAME_DE": "Australien", "NAME_EN": "Australia", "NAME_ES": "Australia", "NAME_FA": "\u0627\u0633\u062a\u0631\u0627\u0644\u06cc\u0627", "NAME_FR": "Australie", "NAME_EL": "\u0391\u03c5\u03c3\u03c4\u03c1\u03b1\u03bb\u03af\u03b1", "NAME_HE": "\u05d0\u05d5\u05e1\u05d8\u05e8\u05dc\u05d9\u05d4", "NAME_HI": "\u0911\u0938\u094d\u091f\u094d\u0930\u0947\u0932\u093f\u092f\u093e", "NAME_HU": "Ausztr\u00e1lia", "NAME_ID": "Australia", "NAME_IT": "Australia", "NAME_JA": "\u30aa\u30fc\u30b9\u30c8\u30e9\u30ea\u30a2", "NAME_KO": "\uc624\uc2a4\ud2b8\ub808\uc77c\ub9ac\uc544", "NAME_NL": "Australi\u00eb", "NAME_PL": "Australia", "NAME_PT": "Austr\u00e1lia", "NAME_RU": "\u0410\u0432\u0441\u0442\u0440\u0430\u043b\u0438\u044f", "NAME_SV": "Australien", "NAME_TR": "Avustralya", "NAME_UK": "\u0410\u0432\u0441\u0442\u0440\u0430\u043b\u0456\u044f", "NAME_UR": "\u0622\u0633\u0679\u0631\u06cc\u0644\u06cc\u0627", "NAME_VI": "\u00dac", "NAME_ZH": "\u6fb3\u5927\u5229\u4e9a", "NAME_ZHT": "\u6fb3\u5927\u5229\u4e9e", "FCLASS_ISO": "Admin-0 country", "TLC_DIFF": null, "FCLASS_TLC": "Admin-0 country", "FCLASS_US": null, "FCLASS_FR": null, "FCLASS_RU": null, "FCLASS_ES": null, "FCLASS_CN": null, "FCLASS_TW": null, "FCLASS_IN": null, "FCLASS_NP": null, "FCLASS_PK": null, "FCLASS_DE": null, "FCLASS_GB": null, "FCLASS_BR": null, "FCLASS_IL": null, "FCLASS_PS": null, "FCLASS_SA": null, "FCLASS_EG": null, "FCLASS_MA": null, "FCLASS_PT": null, "FCLASS_AR": null, "FCLASS_JP": null, "FCLASS_KO": null, "FCLASS_VN": null, "FCLASS_TR": null, "FCLASS_ID": null, "FCLASS_PL": null, "FCLASS_GR": null, "FCLASS_IT": null, "FCLASS_NL": null, "FCLASS_SE": null, "FCLASS_BD": null, "FCLASS_UA": null}, "bbox": [113.338953, -43.634597, 153.569469, -10.668186], "geometry": {"type": "MultiPolygon", "coordinates": [[[[147.689259, -40.808258], [146.048378, -43.549745], [147.689259, -40.808258]]], [[[126.148714, -32.215966], [120.580268, -33.930177], [115.564347, -34.386428], [115.160909, -30.601594], [113.338953, -26.116545], [113.393523, -24.384764], [115.460167, -21.495173], [119.252494, -19.952942], [123.012574, -16.4052], [125.167275, -14.680396], [128.35969, -14.86917], [131.223495, -12.183649], [134.393068, -12.042365], [136.305407, -13.29123], [137.580471, -16.215082], [141.274095, -16.38887], [141.68699, -12.407614], [143.158632, -12.325656], [145.271991, -15.428205], [148.177602, -19.955939], [150.899554, -23.462237], [153.512108, -28.995077], [151.010555, -34.31036], [147.381733, -38.219217], [142.745427, -38.538268], [138.120748, -35.612296], [137.810328, -32.900007], [134.273903, -32.617234], [126.148714, -32.215966]]]]}}, {"type": "Feature", "properties": {"featurecla": "Admin-0 country", "scalerank": 1, "LABELRANK": 3, "SOVEREIGNT": "Sri Lanka", "SOV_A3": "LKA", "ADM0_DIF": 0, "LEVEL": 2, "TYPE": "Sovereign country", "TLC": "1", "ADMIN": "Sri Lanka", "ADM0_A3": "LKA", "GEOU_DIF": 0, "GEOUNIT": "Sri Lanka", "GU_A3": "LKA", "SU_DIF": 0, "SUBUNIT": "Sri Lanka", "SU_A3": "LKA", "BRK_DIFF": 0, "NAME": "Sri Lanka", "NAME_LONG": "Sri Lanka", "BRK_A3": "LKA", "BRK_NAME": "Sri Lanka", "BRK_GROUP": null, "ABBREV": "Sri L.", "POSTAL": "LK", "FORMAL_EN": "Democratic Socialist Republic of Sri Lanka", "FORMAL_FR": null, "NAME_CIAWF": "Sri Lanka", "NOTE_ADM0": null, "NOTE_BRK": null, "NAME_SORT": "Sri Lanka", "NAME_ALT": null, "MAPCOLOR7": 3, "MAPCOLOR8": 5, "MAPCOLOR9": 4, "MAPCOLOR13": 9, "POP_EST": 21803000, "POP_RANK": 15, "POP_YEAR": 2019, "GDP_MD": 84008, "GDP_YEAR": 2019, "ECONOMY": "6. Developing region", "INCOME_GRP": "4. Lower middle income", "FIPS_10": "CE", "ISO_A2": "LK", "ISO_A2_EH": "LK", "ISO_A3": "LKA", "ISO_A3_EH": "LKA", "ISO_N3": "144", "ISO_N3_EH": "144", "UN_A3": "144", "WB_A2": "LK", "WB_A3": "LKA", "WOE_ID": 23424778, "WOE_ID_EH": 23424778, "WOE_NOTE": "Exact WOE match as country", "ADM0_ISO": "LKA", "ADM0_DIFF": null, "ADM0_TLC": "LKA", "ADM0_A3_US": "LKA", "ADM0_A3_FR": "LKA", "ADM0_A3_RU": "LKA", "ADM0_A3_ES": "LKA", "ADM0_A3_CN": "LKA", "ADM0_A3_TW": "LKA", "ADM0_A3_IN": "LKA", "ADM0_A3_NP": "LKA", "ADM0_A3_PK": "LKA", "ADM0_A3_DE": "LKA", "ADM0_A3_GB": "LKA", "ADM0_A3_BR": "LKA", "ADM0_A3_IL": "LKA", "ADM0_A3_PS": "LKA", "ADM0_A3_SA": "LKA", "ADM0_A3_EG": "LKA", "ADM0_A3_MA": "LKA", "ADM0_A3_PT": "LKA", "ADM0_A3_AR": "LKA", "ADM0_A3_JP": "LKA", "ADM0_A3_KO": "LKA", "ADM0_A3_VN": "LKA", "ADM0_A3_TR": "LKA", "ADM0_A3_ID": "LKA", "ADM0_A3_PL": "LKA", "ADM0_A3_GR": "LKA", "ADM0_A3_IT": "LKA", "ADM0_A3_NL": "LKA", "ADM0_A3_SE": "LKA", "ADM0_A3_BD": "LKA", "ADM0_A3_UA": "LKA", "ADM0_A3_UN": -99, "ADM0_A3_WB": -99, "CONTINENT": "Asia", "REGION_UN": "Asia", "SUBREGION": "Southern Asia", "REGION_WB": "South Asia", "NAME_LEN": 9, "LONG_LEN": 9, "ABBREV_LEN": 6, "TINY": -99, "HOMEPART": 1, "MIN_ZOOM": 0, "MIN_LABEL": 3, "MAX_LABEL": 8, "LABEL_X": 80.704823, "LABEL_Y": 7.581097, "NE_ID": 1159321025, "WIKIDATAID": "Q854", "NAME_AR": "\u0633\u0631\u064a\u0644\u0627\u0646\u0643\u0627", "NAME_BN": "\u09b6\u09cd\u09b0\u09c0\u09b2\u0999\u09cd\u0995\u09be", "NAME_DE": "Sri Lanka", "NAME_EN": "Sri Lanka", "NAME_ES": "Sri Lanka", "NAME_FA": "\u0633\u0631\u06cc\u0644\u0627\u0646\u06a9\u0627", "NAME_FR": "Sri Lanka", "NAME_EL": "\u03a3\u03c1\u03b9 \u039b\u03ac\u03bd\u03ba\u03b1", "NAME_HE": "\u05e1\u05e8\u05d9 \u05dc\u05e0\u05e7\u05d4", "NAME_HI": "\u0936\u094d\u0930\u0940\u0932\u0902\u0915\u093e", "NAME_HU": "Sr\u00ed Lanka", "NAME_ID": "Sri Lanka", "NAME_IT": "Sri Lanka", "NAME_JA": "\u30b9\u30ea\u30e9\u30f3\u30ab", "NAME_KO": "\uc2a4\ub9ac\ub791\uce74", "NAME_NL": "Sri Lanka", "NAME_PL": "Sri Lanka", "NAME_PT": "Sri Lanka", "NAME_RU": "\u0428\u0440\u0438-\u041b\u0430\u043d\u043a\u0430", "NAME_SV": "Sri Lanka", "NAME_TR": "Sri Lanka", "NAME_UK": "\u0428\u0440\u0456-\u041b\u0430\u043d\u043a\u0430", "NAME_UR": "\u0633\u0631\u06cc \u0644\u0646\u06a9\u0627", "NAME_VI": "Sri Lanka", "NAME_ZH": "\u65af\u91cc\u5170\u5361", "NAME_ZHT": "\u65af\u91cc\u862d\u5361", "FCLASS_ISO": "Admin-0 country", "TLC_DIFF": null, "FCLASS_TLC": "Admin-0 country", "FCLASS_US": null, "FCLASS_FR": null, "FCLASS_RU": null, "FCLASS_ES": null, "FCLASS_CN": null, "FCLASS_TW": null, "FCLASS_IN": null, "FCLASS_NP": null, "FCLASS_PK": null, "FCLASS_DE": null, "FCLASS_GB": null, "FCLASS_BR": null, "FCLASS_IL": null, "FCLASS_PS": null, "FCLASS_SA": null, "FCLASS_EG": null, "FCLASS_MA": null, "FCLASS_PT": null, "FCLASS_AR": null, "FCLASS_JP": null, "FCLASS_KO": null, "FCLASS_VN": null, "FCLASS_TR": null, "FCLASS_ID": null, "FCLASS_PL": null, "FCLASS_GR": null, "FCLASS_IT": null, "FCLASS_NL": null, "FCLASS_SE": null, "FCLASS_BD": null, "FCLASS_UA": null}, "bbox": [79.695167, 5.96837, 81.787959, 9.824078], "geometry": {"type": "Polygon", "coordinates": [[[81.787959, 7.523055], [81.304319, 8.564206], [81.787959, 7.523055]]]}}, {"type": "Feature", "properties": {"featurecla": "Admin-0 country", "scalerank": 1, "LABELRANK": 2, "SOVEREIGNT": "China", "SOV_A3": "CH1", "ADM0_DIF": 1, "LEVEL": 2, "TYPE": "Country", "TLC": "1", "ADMIN": "China", "ADM0_A3": "CHN", "GEOU_DIF": 0, "GEOUNIT": "China", "GU_A3": "CHN", "SU_DIF": 0, "SUBUNIT": "China", "SU_A3": "CHN", "BRK_DIFF": 0, "NAME": "China", "NAME_LONG": "China", "BRK_A3": "CHN", "BRK_NAME": "China", "BRK_GROUP": null, "ABBREV": "China", "POSTAL": "CN", "FORMAL_EN": "People's Republic of China", "FORMAL_FR": null, "NAME_CIAWF": "China", "NOTE_ADM0": null, "NOTE_BRK": null, "NAME_SORT": "China", "NAME_ALT": null, "MAPCOLOR7": 4, "MAPCOLOR8": 4, "MAPCOLOR9": 4, "MAPCOLOR13": 3, "POP_EST": 1397715000, "POP_RANK": 18, "POP_YEAR": 2019, "GDP_MD": 14342903, "GDP_YEAR": 2019, "ECONOMY": "3. Emerging region: BRIC", "INCOME_GRP": "3. Upper middle income", "FIPS_10": "CH", "ISO_A2": "CN", "ISO_A2_EH": "CN", "ISO_A3": "CHN", "ISO_A3_EH": "CHN", "ISO_N3": "156", "ISO_N3_EH": "156", "UN_A3": "156", "WB_A2": "CN", "WB_A3": "CHN", "WOE_ID": 23424781, "WOE_ID_EH": 23424781, "WOE_NOTE": "Exact WOE match as country", "ADM0_ISO": "CHN", "ADM0_DIFF": null, "ADM0_TLC": "CHN", "ADM0_A3_US": "CHN", "ADM0_A3_FR": "CHN", "ADM0_A3_RU": "CHN", "ADM0_A3_ES": "CHN", "ADM0_A3_CN": "CHN", "ADM0_A3_TW": "TWN", "ADM0_A3_IN": "CHN", "ADM0_A3_NP": "CHN", "ADM0_A3_PK": "CHN", "ADM0_A3_DE": "CHN", "ADM0_A3_GB": "CHN", "ADM0_A3_BR": "CHN", "ADM0_A3_IL": "CHN", "ADM0_A3_PS": "CHN", "ADM0_A3_SA": "CHN", "ADM0_A3_EG": "CHN", "ADM0_A3_MA": "CHN", "ADM0_A3_PT": "CHN", "ADM0_A3_AR": "CHN", "ADM0_A3_JP": "CHN", "ADM0_A3_KO": "CHN", "ADM0_A3_VN": "CHN", "ADM0_A3_TR": "CHN", "ADM0_A3_ID": "CHN", "ADM0_A3_PL": "CHN", "ADM0_A3_GR": "CHN", "ADM0_A3_IT": "CHN", "ADM0_A3_NL": "CHN", "ADM0_A3_SE": "CHN", "ADM0_A3_BD": "CHN", "ADM0_A3_UA": "CHN", "ADM0_A3_UN": -99, "ADM0_A3_WB": -99, "CONTINENT": "Asia", "REGION_UN": "Asia", "SUBREGION": "Eastern Asia", "REGION_WB": "East Asia & Pacific", "NAME_LEN": 5, "LONG_LEN": 5, "ABBREV_LEN": 5, "TINY": -99, "HOMEPART": 1, "MIN_ZOOM": 0, "MIN_LABEL": 1.7, "MAX_LABEL": 5.7, "LABEL_X": 106.337289, "LABEL_Y": 32.498178, "NE_ID": 1159320471, "WIKIDATAID": "Q148", "NAME_AR": "\u0627\u0644\u0635\u064a\u0646", "NAME_BN": "\u0997\u09a3\u099a\u09c0\u09a8", "NAME_DE": "Volksrepublik China", "NAME_EN": "People's Republic of China", "NAME_ES": "China", "NAME_FA": "\u062c\u0645\u0647\u0648\u0631\u06cc \u062e\u0644\u0642 \u0686\u06cc\u0646", "NAME_FR": "R\u00e9publique populaire de Chine", "NAME_EL": "\u039b\u03b1\u03ca\u03ba\u03ae \u0394\u03b7\u03bc\u03bf\u03ba\u03c1\u03b1\u03c4\u03af\u03b1 \u03c4\u03b7\u03c2 \u039a\u03af\u03bd\u03b1\u03c2", "NAME_HE": "\u05d4\u05e8\u05e4\u05d5\u05d1\u05dc\u05d9\u05e7\u05d4 \u05d4\u05e2\u05de\u05de\u05d9\u05ea \u05e9\u05dc \u05e1\u05d9\u05df", "NAME_HI": "\u091a\u0940\u0928\u0940 \u091c\u0928\u0935\u093e\u0926\u0940 \u0917\u0923\u0930\u093e\u091c\u094d\u092f", "NAME_HU": "K\u00edna", "NAME_ID": "Republik Rakyat Tiongkok", "NAME_IT": "Cina", "NAME_JA": "\u4e2d\u83ef\u4eba\u6c11\u5171\u548c\u56fd", "NAME_KO": "\uc911\ud654\uc778\ubbfc\uacf5\ud654\uad6d", "NAME_NL": "Volksrepubliek China", "NAME_PL": "Chi\u0144ska Republika Ludowa", "NAME_PT": "China", "NAME_RU": "\u041a\u0438\u0442\u0430\u0439\u0441\u043a\u0430\u044f \u041d\u0430\u0440\u043e\u0434\u043d\u0430\u044f \u0420\u0435\u0441\u043f\u0443\u0431\u043b\u0438\u043a\u0430", "NAME_SV": "Kina", "NAME_TR": "\u00c7in Halk Cumhuriyeti", "NAME_UK": "\u041a\u0438\u0442\u0430\u0439\u0441\u044c\u043a\u0430 \u041d\u0430\u0440\u043e\u0434\u043d\u0430 \u0420\u0435\u0441\u043f\u0443\u0431\u043b\u0456\u043a\u0430", "NAME_UR": "\u0639\u0648\u0627\u0645\u06cc \u062c\u0645\u06c1\u0648\u0631\u06cc\u06c1 \u0686\u06cc\u0646", "NAME_VI": "Trung Qu\u1ed1c", "NAME_ZH": "\u4e2d\u534e\u4eba\u6c11\u5171\u548c\u56fd", "NAME_ZHT": "\u4e2d\u83ef\u4eba\u6c11\u5171\u548c\u570b", "FCLASS_ISO": "Admin-0 country", "TLC_DIFF": null, "FCLASS_TLC": "Admin-0 country", "FCLASS_US": null, "FCLASS_FR": null, "FCLASS_RU": null, "FCLASS_ES": null, "FCLASS_CN": null, "FCLASS_TW": "Unrecognized", "FCLASS_IN": null, "FCLASS_NP": null, "FCLASS_PK": null, "FCLASS_DE": null, "FCLASS_GB": null, "FCLASS_BR": null, "FCLASS_IL": null, "FCLASS_PS": null, "FCLASS_SA": null, "FCLASS_EG": null, "FCLASS_MA": null, "FCLASS_PT": null, "FCLASS_AR": null, "FCLASS_JP": null, "FCLASS_KO": null, "FCLASS_VN": null, "FCLASS_TR": null, "FCLASS_ID": null, "FCLASS_PL": null, "FCLASS_GR": null, "FCLASS_IT": null, "FCLASS_NL": null, "FCLASS_SE": null, "FCLASS_BD": null, "FCLASS_UA": null}, "bbox": [73.675379, 18.197701, 135.026311, 53.4588], "geometry": {"type": "MultiPolygon", "coordinates": [[[[109.47521, 18.197701], [110.339188, 18.678395], [109.47521, 18.197701]]], [[[80.25999, 42.349999], [85.720484, 47.452969], [90.970809, 46.888146], [96.349396, 42.725635], [106.129316, 42.134328], [111.873306, 45.102079], [119.66327, 46.69268], [116.191802, 49.134598], [120.177089, 52.753886], [127.287456, 50.739797], [134.50081, 47.57845], [130.633866, 42.903015], [126.182045, 41.107336], [122.168595, 40.422443], [118.87815, 37.897325], [120.637009, 36.11144], [121.264257, 30.676267], [118.656871, 24.547391], [110.785466, 21.397144], [106.567273, 22.218205], [101.652018, 22.318199], [99.531992, 22.949039], [98.246231, 27.747221], [93.413348, 28.640629], [88.730326, 28.086865], [82.327513, 30.115268], [78.811086, 33.506198], [74.864816, 38.378846], [76.526368, 40.427946], [80.25999, 42.349999]]]]}}, {"type": "Feature", "properties": {"featurecla": "Admin-0 country", "scalerank": 1, "LABELRANK": 3, "SOVEREIGNT": "Taiwan", "SOV_A3": "TWN", "ADM0_DIF": 0, "LEVEL": 2, "TYPE": "Sovereign country", "TLC": "1", "ADMIN": "Taiwan", "ADM0_A3": "TWN", "GEOU_DIF": 0, "GEOUNIT": "Taiwan", "GU_A3": "TWN", "SU_DIF": 0, "SUBUNIT": "Taiwan", "SU_A3": "TWN", "BRK_DIFF": 0, "NAME": "Taiwan", "NAME_LONG": "Taiwan", "BRK_A3": "TWN", "BRK_NAME": "Taiwan", "BRK_GROUP": null, "ABBREV": "Taiwan", "POSTAL": "TW", "FORMAL_EN": null, "FORMAL_FR": null, "NAME_CIAWF": "Taiwan", "NOTE_ADM0": null, "NOTE_BRK": "Self admin.; Claimed by China", "NAME_SORT": "Taiwan", "NAME_ALT": null, "MAPCOLOR7": 1, "MAPCOLOR8": 5, "MAPCOLOR9": 7, "MAPCOLOR13": 2, "POP_EST": 23568378, "POP_RANK": 15, "POP_YEAR": 2020, "GDP_MD": 1127000, "GDP_YEAR": 2016, "ECONOMY": "2. Developed region: nonG7", "INCOME_GRP": "2. High income: nonOECD", "FIPS_10": "TW", "ISO_A2": "CN-TW", "ISO_A2_EH": "TW", "ISO_A3": "TWN", "ISO_A3_EH": "TWN", "ISO_N3": "158", "ISO_N3_EH": "158", "UN_A3": "-099", "WB_A2": "-99", "WB_A3": "-99", "WOE_ID": 23424971, "WOE_ID_EH": 23424971, "WOE_NOTE": "Exact WOE match as country", "ADM0_ISO": "TWN", "ADM0_DIFF": null, "ADM0_TLC": "TWN", "ADM0_A3_US": "TWN", "ADM0_A3_FR": "TWN", "ADM0_A3_RU": "CHN", "ADM0_A3_ES": "TWN", "ADM0_A3_CN": "CHN", "ADM0_A3_TW": "TWN", "ADM0_A3_IN": "TWN", "ADM0_A3_NP": "CHN", "ADM0_A3_PK": "CHN", "ADM0_A3_DE": "TWN", "ADM0_A3_GB": "TWN", "ADM0_A3_BR": "TWN", "ADM0_A3_IL": "TWN", "ADM0_A3_PS": "TWN", "ADM0_A3_SA": "TWN", "ADM0_A3_EG": "CHN", "ADM0_A3_MA": "CHN", "ADM0_A3_PT": "TWN", "ADM0_A3_AR": "TWN", "ADM0_A3_JP": "TWN", "ADM0_A3_KO": "TWN", "ADM0_A3_VN": "TWN", "ADM0_A3_TR": "TWN", "ADM0_A3_ID": "CHN", "ADM0_A3_PL": "TWN", "ADM0_A3_GR": "TWN", "ADM0_A3_IT": "TWN", "ADM0_A3_NL": "TWN", "ADM0_A3_SE": "TWN", "ADM0_A3_BD": "CHN", "ADM0_A3_UA": "TWN", "ADM0_A3_UN": -99, "ADM0_A3_WB": -99, "CONTINENT": "Asia", "REGION_UN": "Asia", "SUBREGION": "Eastern Asia", "REGION_WB": "East Asia & Pacific", "NAME_LEN": 6, "LONG_LEN": 6, "ABBREV_LEN": 6, "TINY": -99, "HOMEPART": 1, "MIN_ZOOM": 0, "MIN_LABEL": 4.5, "MAX_LABEL": 8, "LABEL_X": 120.868204, "LABEL_Y": 23.652408, "NE_ID": 1159321335, "WIKIDATAID": "Q865", "NAME_AR": "\u062a\u0627\u064a\u0648\u0627\u0646", "NAME_BN": "\u09a4\u09be\u0987\u0993\u09af\u09bc\u09be\u09a8", "NAME_DE": "Republik China", "NAME_EN": "Taiwan", "NAME_ES": "Rep\u00fablica de China", "NAME_FA": "\u062a\u0627\u06cc\u0648\u0627\u0646", "NAME_FR": "Ta\u00efwan", "NAME_EL": "\u0394\u03b7\u03bc\u03bf\u03ba\u03c1\u03b1\u03c4\u03af\u03b1 \u03c4\u03b7\u03c2 \u039a\u03af\u03bd\u03b1\u03c2", "NAME_HE": "\u05d8\u05d0\u05d9\u05d5\u05d5\u05d0\u05df", "NAME_HI": "\u091a\u0940\u0928\u0940 \u0917\u0923\u0930\u093e\u091c\u094d\u092f", "NAME_HU": "K\u00ednai K\u00f6zt\u00e1rsas\u00e1g", "NAME_ID": "Taiwan", "NAME_IT": "Taiwan", "NAME_JA": "\u4e2d\u83ef\u6c11\u56fd", "NAME_KO": "\uc911\ud654\ubbfc\uad6d", "NAME_NL": "Taiwan", "NAME_PL": "Republika Chi\u0144ska", "NAME_PT": "Taiwan", "NAME_RU": "\u0422\u0430\u0439\u0432\u0430\u043d\u044c", "NAME_SV": "Taiwan", "NAME_TR": "\u00c7in Cumhuriyeti", "NAME_UK": "\u0420\u0435\u0441\u043f\u0443\u0431\u043b\u0456\u043a\u0430 \u041a\u0438\u0442\u0430\u0439", "NAME_UR": "\u062a\u0627\u0626\u06cc\u0648\u0627\u0646", "NAME_VI": "\u0110\u00e0i Loan", "NAME_ZH": "\u4e2d\u534e\u6c11\u56fd", "NAME_ZHT": "\u4e2d\u83ef\u6c11\u570b", "FCLASS_ISO": "Admin-1 states provinces", "TLC_DIFF": "1", "FCLASS_TLC": "Admin-0 country", "FCLASS_US": null, "FCLASS_FR": null, "FCLASS_RU": null, "FCLASS_ES": null, "FCLASS_CN": "Admin-1 states provinces", "FCLASS_TW": "Admin-0 country", "FCLASS_IN": null, "FCLASS_NP": "Admin-1 states provinces", "FCLASS_PK": null, "FCLASS_DE": null, "FCLASS_GB": null, "FCLASS_BR": null, "FCLASS_IL": null, "FCLASS_PS": null, "FCLASS_SA": null, "FCLASS_EG": "Admin-1 states provinces", "FCLASS_MA": "Admin-1 states provinces", "FCLASS_PT": null, "FCLASS_AR": null, "FCLASS_JP": null, "FCLASS_KO": null, "FCLASS_VN": null, "FCLASS_TR": null, "FCLASS_ID": "Admin-1 states provinces", "FCLASS_PL": null, "FCLASS_GR": null, "FCLASS_IT": null, "FCLASS_NL": null, "FCLASS_SE": null, "FCLASS_BD": "Admin-1 states provinces", "FCLASS_UA": null}, "bbox": [120.106189, 21.970571, 121.951244, 25.295459], "geometry": {"type": "Polygon", "coordinates": [[[121.777818, 24.394274], [121.777818, 24.394274]]]}}, {"type": "Feature", "properties": {"featurecla": "Admin-0 country", "scalerank": 1, "LABELRANK": 2, "SOVEREIGNT": "Italy", "SOV_A3": "ITA", "ADM0_DIF": 0, "LEVEL": 2, "TYPE": "Sovereign country", "TLC": "1", "ADMIN": "Italy", "ADM0_A3": "ITA", "GEOU_DIF": 0, "GEOUNIT": "Italy", "GU_A3": "ITA", "SU_DIF": 0, "SUBUNIT": "Italy", "SU_A3": "ITA", "BRK_DIFF": 0, "NAME": "Italy", "NAME_LONG": "Italy", "BRK_A3": "ITA", "BRK_NAME": "Italy", "BRK_GROUP": null, "ABBREV": "Italy", "POSTAL": "I", "FORMAL_EN": "Italian Republic", "FORMAL_FR": null, "NAME_CIAWF": "Italy", "NOTE_ADM0": null, "NOTE_BRK": null, "NAME_SORT": "Italy", "NAME_ALT": null, "MAPCOLOR7": 6, "MAPCOLOR8": 7, "MAPCOLOR9": 8, "MAPCOLOR13": 7, "POP_EST": 60297396, "POP_RANK": 16, "POP_YEAR": 2019, "GDP_MD": 2003576, "GDP_YEAR": 2019, "ECONOMY": "1. Developed region: G7", "INCOME_GRP": "1. High income: OECD", "FIPS_10": "IT", "ISO_A2": "IT", "ISO_A2_EH": "IT", "ISO_A3": "ITA", "ISO_A3_EH": "ITA", "ISO_N3": "380", "ISO_N3_EH": "380", "UN_A3": "380", "WB_A2": "IT", "WB_A3": "ITA", "WOE_ID": 23424853, "WOE_ID_EH": 23424853, "WOE_NOTE": "Exact WOE match as country", "ADM0_ISO": "ITA", "ADM0_DIFF": null, "ADM0_TLC": "ITA", "ADM0_A3_US": "ITA", "ADM0_A3_FR": "ITA", "ADM0_A3_RU": "ITA", "ADM0_A3_ES": "ITA", "ADM0_A3_CN": "ITA", "ADM0_A3_TW": "ITA", "ADM0_A3_IN": "ITA", "ADM0_A3_NP": "ITA", "ADM0_A3_PK": "ITA", "ADM0_A3_DE": "ITA", "ADM0_A3_GB": "ITA", "ADM0_A3_BR": "ITA", "ADM0_A3_IL": "ITA", "ADM0_A3_PS": "ITA", "ADM0_A3_SA": "ITA", "ADM0_A3_EG": "ITA", "ADM0_A3_MA": "ITA", "ADM0_A3_PT": "ITA", "ADM0_A3_AR": "ITA", "ADM0_A3_JP": "ITA", "ADM0_A3_KO": "ITA", "ADM0_A3_VN": "ITA", "ADM0_A3_TR": "ITA", "ADM0_A3_ID": "ITA", "ADM0_A3_PL": "ITA", "ADM0_A3_GR": "ITA", "ADM0_A3_IT": "ITA", "ADM0_A3_NL": "ITA", "ADM0_A3_SE": "ITA", "ADM0_A3_BD": "ITA", "ADM0_A3_UA": "ITA", "ADM0_A3_UN": -99, "ADM0_A3_WB": -99, "CONTINENT": "Europe", "REGION_UN": "Europe", "SUBREGION": "Southern Europe", "REGION_WB": "Europe & Central Asia", "NAME_LEN": 5, "LONG_LEN": 5, "ABBREV_LEN": 5, "TINY": -99, "HOMEPART": 1, "MIN_ZOOM": 0, "MIN_LABEL": 2, "MAX_LABEL": 7, "LABEL_X": 11.076907, "LABEL_Y": 44.732482, "NE_ID": 1159320919, "WIKIDATAID": "Q38", "NAME_AR": "\u0625\u064a\u0637\u0627\u0644\u064a\u0627", "NAME_BN": "\u0987\u09a4\u09be\u09b2\u09bf", "NAME_DE": "Italien", "NAME_EN": "Italy", "NAME_ES": "Italia", "NAME_FA": "\u0627\u06cc\u062a\u0627\u0644\u06cc\u0627", "NAME_FR": "Italie", "NAME_EL": "\u0399\u03c4\u03b1\u03bb\u03af\u03b1", "NAME_HE": "\u05d0\u05d9\u05d8\u05dc\u05d9\u05d4", "NAME_HI": "\u0907\u091f\u0932\u0940", "NAME_HU": "Olaszorsz\u00e1g", "NAME_ID": "Italia", "NAME_IT": "Italia", "NAME_JA": "\u30a4\u30bf\u30ea\u30a2", "NAME_KO": "\uc774\ud0c8\ub9ac\uc544", "NAME_NL": "Itali\u00eb", "NAME_PL": "W\u0142ochy", "NAME_PT": "It\u00e1lia", "NAME_RU": "\u0418\u0442\u0430\u043b\u0438\u044f", "NAME_SV": "Italien", "NAME_TR": "\u0130talya", "NAME_UK": "\u0406\u0442\u0430\u043b\u0456\u044f", "NAME_UR": "\u0627\u0637\u0627\u0644\u06cc\u06c1", "NAME_VI": "\u00dd", "NAME_ZH": "\u610f\u5927\u5229", "NAME_ZHT": "\u7fa9\u5927\u5229", "FCLASS_ISO": "Admin-0 country", "TLC_DIFF": null, "FCLASS_TLC": "Admin-0 country", "FCLASS_US": null, "FCLASS_FR": null, "FCLASS_RU": null, "FCLASS_ES": null, "FCLASS_CN": null, "FCLASS_TW": null, "FCLASS_IN": null, "FCLASS_NP": null, "FCLASS_PK": null, "FCLASS_DE": null, "FCLASS_GB": null, "FCLASS_BR": null, "FCLASS_IL": null, "FCLASS_PS": null, "FCLASS_SA": null, "FCLASS_EG": null, "FCLASS_MA": null, "FCLASS_PT": null, "FCLASS_AR": null, "FCLASS_JP": null, "FCLASS_KO": null, "FCLASS_VN": null, "FCLASS_TR": null, "FCLASS_ID": null, "FCLASS_PL": null, "FCLASS_GR": null, "FCLASS_IT": null, "FCLASS_NL": null, "FCLASS_SE": null, "FCLASS_BD": null, "FCLASS_UA": null}, "bbox": [6.749955, 36.619987, 18.480247, 47.115393], "geometry": {"type": "MultiPolygon", "coordinates": [[[[10.442701, 46.893546], [13.141606, 45.736692], [15.926191, 41.961315], [17.73838, 40.277671], [15.687963, 38.214593], [13.627985, 41.188287], [8.428561, 44.231228], [6.843593, 45.991147], [10.363378, 46.483571], [10.442701, 46.893546]]], [[[14.761249, 38.143874], [12.570944, 38.126381], [14.761249, 38.143874]]], [[[8.709991, 40.899984], [8.159998, 40.950007], [8.709991, 40.899984]]]]}}, {"type": "Feature", "properties": {"featurecla": "Admin-0 country", "scalerank": 1, "LABELRANK": 4, "SOVEREIGNT": "Denmark", "SOV_A3": "DN1", "ADM0_DIF": 1, "LEVEL": 2, "TYPE": "Country", "TLC": "1", "ADMIN": "Denmark", "ADM0_A3": "DNK", "GEOU_DIF": 0, "GEOUNIT": "Denmark", "GU_A3": "DNK", "SU_DIF": 0, "SUBUNIT": "Denmark", "SU_A3": "DNK", "BRK_DIFF": 0, "NAME": "Denmark", "NAME_LONG": "Denmark", "BRK_A3": "DNK", "BRK_NAME": "Denmark", "BRK_GROUP": null, "ABBREV": "Den.", "POSTAL": "DK", "FORMAL_EN": "Kingdom of Denmark", "FORMAL_FR": null, "NAME_CIAWF": "Denmark", "NOTE_ADM0": null, "NOTE_BRK": null, "NAME_SORT": "Denmark", "NAME_ALT": null, "MAPCOLOR7": 4, "MAPCOLOR8": 1, "MAPCOLOR9": 3, "MAPCOLOR13": 12, "POP_EST": 5818553, "POP_RANK": 13, "POP_YEAR": 2019, "GDP_MD": 350104, "GDP_YEAR": 2019, "ECONOMY": "2. Developed region: nonG7", "INCOME_GRP": "1. High income: OECD", "FIPS_10": "DA", "ISO_A2": "DK", "ISO_A2_EH": "DK", "ISO_A3": "DNK", "ISO_A3_EH": "DNK", "ISO_N3": "208", "ISO_N3_EH": "208", "UN_A3": "208", "WB_A2": "DK", "WB_A3": "DNK", "WOE_ID": 23424796, "WOE_ID_EH": 23424796, "WOE_NOTE": "Exact WOE match as country", "ADM0_ISO": "DNK", "ADM0_DIFF": null, "ADM0_TLC": "DNK", "ADM0_A3_US": "DNK", "ADM0_A3_FR": "DNK", "ADM0_A3_RU": "DNK", "ADM0_A3_ES": "DNK", "ADM0_A3_CN": "DNK", "ADM0_A3_TW": "DNK", "ADM0_A3_IN": "DNK", "ADM0_A3_NP": "DNK", "ADM0_A3_PK": "DNK", "ADM0_A3_DE": "DNK", "ADM0_A3_GB": "DNK", "ADM0_A3_BR": "DNK", "ADM0_A3_IL": "DNK", "ADM0_A3_PS": "DNK", "ADM0_A3_SA": "DNK", "ADM0_A3_EG": "DNK", "ADM0_A3_MA": "DNK", "ADM0_A3_PT": "DNK", "ADM0_A3_AR": "DNK", "ADM0_A3_JP": "DNK", "ADM0_A3_KO": "DNK", "ADM0_A3_VN": "DNK", "ADM0_A3_TR": "DNK", "ADM0_A3_ID": "DNK", "ADM0_A3_PL": "DNK", "ADM0_A3_GR": "DNK", "ADM0_A3_IT": "DNK", "ADM0_A3_NL": "DNK", "ADM0_A3_SE": "DNK", "ADM0_A3_BD": "DNK", "ADM0_A3_UA": "DNK", "ADM0_A3_UN": -99, "ADM0_A3_WB": -99, "CONTINENT": "Europe", "REGION_UN": "Europe", "SUBREGION": "Northern Europe", "REGION_WB": "Europe & Central Asia", "NAME_LEN": 7, "LONG_LEN": 7, "ABBREV_LEN": 4, "TINY": -99, "HOMEPART": 1, "MIN_ZOOM": 0, "MIN_LABEL": 3, "MAX_LABEL": 8, "LABEL_X": 9.018163, "LABEL_Y": 55.966965, "NE_ID": 1159320547, "WIKIDATAID": "Q35", "NAME_AR": "\u0627\u0644\u062f\u0646\u0645\u0627\u0631\u0643", "NAME_BN": "\u09a1\u09c7\u09a8\u09ae\u09be\u09b0\u09cd\u0995", "NAME_DE": "D\u00e4nemark", "NAME_EN": "Denmark", "NAME_ES": "Dinamarca", "NAME_FA": "\u062f\u0627\u0646\u0645\u0627\u0631\u06a9", "NAME_FR": "Danemark", "NAME_EL": "\u0394\u03b1\u03bd\u03af\u03b1", "NAME_HE": "\u05d3\u05e0\u05de\u05e8\u05e7", "NAME_HI": "\u0921\u0947\u0928\u092e\u093e\u0930\u094d\u0915", "NAME_HU": "D\u00e1nia", "NAME_ID": "Denmark", "NAME_IT": "Danimarca", "NAME_JA": "\u30c7\u30f3\u30de\u30fc\u30af", "NAME_KO": "\ub374\ub9c8\ud06c", "NAME_NL": "Denemarken", "NAME_PL": "Dania", "NAME_PT": "Dinamarca", "NAME_RU": "\u0414\u0430\u043d\u0438\u044f", "NAME_SV": "Danmark", "NAME_TR": "Danimarka", "NAME_UK": "\u0414\u0430\u043d\u0456\u044f", "NAME_UR": "\u0688\u0646\u0645\u0627\u0631\u06a9", "NAME_VI": "\u0110an M\u1ea1ch", "NAME_ZH": "\u4e39\u9ea6", "NAME_ZHT": "\u4e39\u9ea5", "FCLASS_ISO": "Admin-0 country", "TLC_DIFF": null, "FCLASS_TLC": "Admin-0 country", "FCLASS_US": null, "FCLASS_FR": null, "FCLASS_RU": null, "FCLASS_ES": null, "FCLASS_CN": null, "FCLASS_TW": null, "FCLASS_IN": null, "FCLASS_NP": null, "FCLASS_PK": null, "FCLASS_DE": null, "FCLASS_GB": null, "FCLASS_BR": null, "FCLASS_IL": null, "FCLASS_PS": null, "FCLASS_SA": null, "FCLASS_EG": null, "FCLASS_MA": null, "FCLASS_PT": null, "FCLASS_AR": null, "FCLASS_JP": null, "FCLASS_KO": null, "FCLASS_VN": null, "FCLASS_TR": null, "FCLASS_ID": null, "FCLASS_PL": null, "FCLASS_GR": null, "FCLASS_IT": null, "FCLASS_NL": null, "FCLASS_SE": null, "FCLASS_BD": null, "FCLASS_UA": null}, "bbox": [8.089977, 54.800015, 12.690006, 57.730017], "geometry": {"type": "MultiPolygon", "coordinates": [[[[9.921906, 54.983104], [9.775559, 57.447941], [9.649985, 55.469999], [9.921906, 54.983104]]], [[[12.370904, 56.111407], [12.370904, 56.111407]]]]}}, {"type": "Feature", "properties": {"featurecla": "Admin-0 country", "scalerank": 1, "LABELRANK": 2, "SOVEREIGNT": "United Kingdom", "SOV_A3": "GB1", "ADM0_DIF": 1, "LEVEL": 2, "TYPE": "Country", "TLC": "1", "ADMIN": "United Kingdom", "ADM0_A3": "GBR", "GEOU_DIF": 0, "GEOUNIT": "United Kingdom", "GU_A3": "GBR", "SU_DIF": 0, "SUBUNIT": "United Kingdom", "SU_A3": "GBR", "BRK_DIFF": 0, "NAME": "United Kingdom", "NAME_LONG": "United Kingdom", "BRK_A3": "GBR", "BRK_NAME": "United Kingdom", "BRK_GROUP": null, "ABBREV": "U.K.", "POSTAL": "GB", "FORMAL_EN": "United Kingdom of Great Britain and Northern Ireland", "FORMAL_FR": null, "NAME_CIAWF": "United Kingdom", "NOTE_ADM0": null, "NOTE_BRK": null, "NAME_SORT": "United Kingdom", "NAME_ALT": null, "MAPCOLOR7": 6, "MAPCOLOR8": 6, "MAPCOLOR9": 6, "MAPCOLOR13": 3, "POP_EST": 66834405, "POP_RANK": 16, "POP_YEAR": 2019, "GDP_MD": 2829108, "GDP_YEAR": 2019, "ECONOMY": "1. Developed region: G7", "INCOME_GRP": "1. High income: OECD", "FIPS_10": "UK", "ISO_A2": "GB", "ISO_A2_EH": "GB", "ISO_A3": "GBR", "ISO_A3_EH": "GBR", "ISO_N3": "826", "ISO_N3_EH": "826", "UN_A3": "826", "WB_A2": "GB", "WB_A3": "GBR", "WOE_ID": -90, "WOE_ID_EH": 23424975, "WOE_NOTE": "Eh ID includes Channel Islands and Isle of Man. UK constituent countries of England (24554868), Wales (12578049), Scotland (12578048), and Northern Ireland (20070563).", "ADM0_ISO": "GBR", "ADM0_DIFF": null, "ADM0_TLC": "GBR", "ADM0_A3_US": "GBR", "ADM0_A3_FR": "GBR", "ADM0_A3_RU": "GBR", "ADM0_A3_ES": "GBR", "ADM0_A3_CN": "GBR", "ADM0_A3_TW": "GBR", "ADM0_A3_IN": "GBR", "ADM0_A3_NP": "GBR", "ADM0_A3_PK": "GBR", "ADM0_A3_DE": "GBR", "ADM0_A3_GB": "GBR", "ADM0_A3_BR": "GBR", "ADM0_A3_IL": "GBR", "ADM0_A3_PS": "GBR", "ADM0_A3_SA": "GBR", "ADM0_A3_EG": "GBR", "ADM0_A3_MA": "GBR", "ADM0_A3_PT": "GBR", "ADM0_A3_AR": "GBR", "ADM0_A3_JP": "GBR", "ADM0_A3_KO": "GBR", "ADM0_A3_VN": "GBR", "ADM0_A3_TR": "GBR", "ADM0_A3_ID": "GBR", "ADM0_A3_PL": "GBR", "ADM0_A3_GR": "GBR", "ADM0_A3_IT": "GBR", "ADM0_A3_NL": "GBR", "ADM0_A3_SE": "GBR", "ADM0_A3_BD": "GBR", "ADM0_A3_UA": "GBR", "ADM0_A3_UN": -99, "ADM0_A3_WB": -99, "CONTINENT": "Europe", "REGION_UN": "Europe", "SUBREGION": "Northern Europe", "REGION_WB": "Europe & Central Asia", "NAME_LEN": 14, "LONG_LEN": 14, "ABBREV_LEN": 4, "TINY": -99, "HOMEPART": 1, "MIN_ZOOM": 0, "MIN_LABEL": 1.7, "MAX_LABEL": 6.7, "LABEL_X": -2.116346, "LABEL_Y": 54.402739, "NE_ID": 1159320713, "WIKIDATAID": "Q145", "NAME_AR": "\u0627\u0644\u0645\u0645\u0644\u0643\u0629 \u0627\u0644\u0645\u062a\u062d\u062f\u0629", "NAME_BN": "\u09af\u09c1\u0995\u09cd\u09a4\u09b0\u09be\u099c\u09cd\u09af", "NAME_DE": "Vereinigtes K\u00f6nigreich", "NAME_EN": "United Kingdom", "NAME_ES": "Reino Unido", "NAME_FA": "\u0628\u0631\u06cc\u062a\u0627\u0646\u06cc\u0627", "NAME_FR": "Royaume-Uni", "NAME_EL": "\u0397\u03bd\u03c9\u03bc\u03ad\u03bd\u03bf \u0392\u03b1\u03c3\u03af\u03bb\u03b5\u03b9\u03bf", "NAME_HE": "\u05d4\u05de\u05de\u05dc\u05db\u05d4 \u05d4\u05de\u05d0\u05d5\u05d7\u05d3\u05ea", "NAME_HI": "\u092f\u0942\u0928\u093e\u0907\u091f\u0947\u0921 \u0915\u093f\u0902\u0917\u0921\u092e", "NAME_HU": "Egyes\u00fclt Kir\u00e1lys\u00e1g", "NAME_ID": "Britania Raya", "NAME_IT": "Regno Unito", "NAME_JA": "\u30a4\u30ae\u30ea\u30b9", "NAME_KO": "\uc601\uad6d", "NAME_NL": "Verenigd Koninkrijk", "NAME_PL": "Wielka Brytania", "NAME_PT": "Reino Unido", "NAME_RU": "\u0412\u0435\u043b\u0438\u043a\u043e\u0431\u0440\u0438\u0442\u0430\u043d\u0438\u044f", "NAME_SV": "Storbritannien", "NAME_TR": "Birle\u015fik Krall\u0131k", "NAME_UK": "\u0412\u0435\u043b\u0438\u043a\u0430 \u0411\u0440\u0438\u0442\u0430\u043d\u0456\u044f", "NAME_UR": "\u0645\u0645\u0644\u06a9\u062a \u0645\u062a\u062d\u062f\u06c1", "NAME_VI": "V\u01b0\u01a1ng qu\u1ed1c Li\u00ean hi\u1ec7p Anh v\u00e0 B\u1eafc Ireland", "NAME_ZH": "\u82f1\u56fd", "NAME_ZHT": "\u82f1\u570b", "FCLASS_ISO": "Admin-0 country", "TLC_DIFF": null, "FCLASS_TLC": "Admin-0 country", "FCLASS_US": null, "FCLASS_FR": null, "FCLASS_RU": null, "FCLASS_ES": null, "FCLASS_CN": null, "FCLASS_TW": null, "FCLASS_IN": null, "FCLASS_NP": null, "FCLASS_PK": null, "FCLASS_DE": null, "FCLASS_GB": null, "FCLASS_BR": null, "FCLASS_IL": null, "FCLASS_PS": null, "FCLASS_SA": null, "FCLASS_EG": null, "FCLASS_MA": null, "FCLASS_PT": null, "FCLASS_AR": null, "FCLASS_JP": null, "FCLASS_KO": null, "FCLASS_VN": null, "FCLASS_TR": null, "FCLASS_ID": null, "FCLASS_PL": null, "FCLASS_GR": null, "FCLASS_IT": null, "FCLASS_NL": null, "FCLASS_SE": null, "FCLASS_BD": null, "FCLASS_UA": null}, "bbox": [-7.572168, 49.96, 1.681531, 58.635], "geometry": {"type": "MultiPolygon", "coordinates": [[[[-6.197885, 53.867565], [-6.197885, 53.867565]]], [[[-3.093831, 53.404547], [-5.047981, 55.783986], [-4.073828, 57.553025], [-0.430485, 54.464376], [-0.787517, 50.774989], [-3.414851, 51.426009], [-3.093831, 53.404547]]]]}}, {"type": "Feature", "properties": {"featurecla": "Admin-0 country", "scalerank": 1, "LABELRANK": 3, "SOVEREIGNT": "Iceland", "SOV_A3": "ISL", "ADM0_DIF": 0, "LEVEL": 2, "TYPE": "Sovereign country", "TLC": "1", "ADMIN": "Iceland", "ADM0_A3": "ISL", "GEOU_DIF": 0, "GEOUNIT": "Iceland", "GU_A3": "ISL", "SU_DIF": 0, "SUBUNIT": "Iceland", "SU_A3": "ISL", "BRK_DIFF": 0, "NAME": "Iceland", "NAME_LONG": "Iceland", "BRK_A3": "ISL", "BRK_NAME": "Iceland", "BRK_GROUP": null, "ABBREV": "Iceland", "POSTAL": "IS", "FORMAL_EN": "Republic of Iceland", "FORMAL_FR": null, "NAME_CIAWF": "Iceland", "NOTE_ADM0": null, "NOTE_BRK": null, "NAME_SORT": "Iceland", "NAME_ALT": null, "MAPCOLOR7": 1, "MAPCOLOR8": 4, "MAPCOLOR9": 4, "MAPCOLOR13": 9, "POP_EST": 361313, "POP_RANK": 10, "POP_YEAR": 2019, "GDP_MD": 24188, "GDP_YEAR": 2019, "ECONOMY": "2. Developed region: nonG7", "INCOME_GRP": "1. High income: OECD", "FIPS_10": "IC", "ISO_A2": "IS", "ISO_A2_EH": "IS", "ISO_A3": "ISL", "ISO_A3_EH": "ISL", "ISO_N3": "352", "ISO_N3_EH": "352", "UN_A3": "352", "WB_A2": "IS", "WB_A3": "ISL", "WOE_ID": 23424845, "WOE_ID_EH": 23424845, "WOE_NOTE": "Exact WOE match as country", "ADM0_ISO": "ISL", "ADM0_DIFF": null, "ADM0_TLC": "ISL", "ADM0_A3_US": "ISL", "ADM0_A3_FR": "ISL", "ADM0_A3_RU": "ISL", "ADM0_A3_ES": "ISL", "ADM0_A3_CN": "ISL", "ADM0_A3_TW": "ISL", "ADM0_A3_IN": "ISL", "ADM0_A3_NP": "ISL", "ADM0_A3_PK": "ISL", "ADM0_A3_DE": "ISL", "ADM0_A3_GB": "ISL", "ADM0_A3_BR": "ISL", "ADM0_A3_IL": "ISL", "ADM0_A3_PS": "ISL", "ADM0_A3_SA": "ISL", "ADM0_A3_EG": "ISL", "ADM0_A3_MA": "ISL", "ADM0_A3_PT": "ISL", "ADM0_A3_AR": "ISL", "ADM0_A3_JP": "ISL", "ADM0_A3_KO": "ISL", "ADM0_A3_VN": "ISL", "ADM0_A3_TR": "ISL", "ADM0_A3_ID": "ISL", "ADM0_A3_PL": "ISL", "ADM0_A3_GR": "ISL", "ADM0_A3_IT": "ISL", "ADM0_A3_NL": "ISL", "ADM0_A3_SE": "ISL", "ADM0_A3_BD": "ISL", "ADM0_A3_UA": "ISL", "ADM0_A3_UN": -99, "ADM0_A3_WB": -99, "CONTINENT": "Europe", "REGION_UN": "Europe", "SUBREGION": "Northern Europe", "REGION_WB": "Europe & Central Asia", "NAME_LEN": 7, "LONG_LEN": 7, "ABBREV_LEN": 7, "TINY": -99, "HOMEPART": 1, "MIN_ZOOM": 0, "MIN_LABEL": 2, "MAX_LABEL": 7, "LABEL_X": -18.673711, "LABEL_Y": 64.779286, "NE_ID": 1159320917, "WIKIDATAID": "Q189", "NAME_AR": "\u0622\u064a\u0633\u0644\u0646\u062f\u0627", "NAME_BN": "\u0986\u0987\u09b8\u09b2\u09cd\u09af\u09be\u09a8\u09cd\u09a1", "NAME_DE": "Island", "NAME_EN": "Iceland", "NAME_ES": "Islandia", "NAME_FA": "\u0627\u06cc\u0633\u0644\u0646\u062f", "NAME_FR": "Islande", "NAME_EL": "\u0399\u03c3\u03bb\u03b1\u03bd\u03b4\u03af\u03b1", "NAME_HE": "\u05d0\u05d9\u05e1\u05dc\u05e0\u05d3", "NAME_HI": "\u0906\u0907\u0938\u0932\u0948\u0923\u094d\u0921", "NAME_HU": "Izland", "NAME_ID": "Islandia", "NAME_IT": "Islanda", "NAME_JA": "\u30a2\u30a4\u30b9\u30e9\u30f3\u30c9", "NAME_KO": "\uc544\uc774\uc2ac\ub780\ub4dc", "NAME_NL": "IJsland", "NAME_PL": "Islandia", "NAME_PT": "Isl\u00e2ndia", "NAME_RU": "\u0418\u0441\u043b\u0430\u043d\u0434\u0438\u044f", "NAME_SV": "Island", "NAME_TR": "\u0130zlanda", "NAME_UK": "\u0406\u0441\u043b\u0430\u043d\u0434\u0456\u044f", "NAME_UR": "\u0622\u0626\u0633 \u0644\u06cc\u0646\u0688", "NAME_VI": "Iceland", "NAME_ZH": "\u51b0\u5c9b", "NAME_ZHT": "\u51b0\u5cf6", "FCLASS_ISO": "Admin-0 country", "TLC_DIFF": null, "FCLASS_TLC": "Admin-0 country", "FCLASS_US": null, "FCLASS_FR": null, "FCLASS_RU": null, "FCLASS_ES": null, "FCLASS_CN": null, "FCLASS_TW": null, "FCLASS_IN": null, "FCLASS_NP": null, "FCLASS_PK": null, "FCLASS_DE": null, "FCLASS_GB": null, "FCLASS_BR": null, "FCLASS_IL": null, "FCLASS_PS": null, "FCLASS_SA": null, "FCLASS_EG": null, "FCLASS_MA": null, "FCLASS_PT": null, "FCLASS_AR": null, "FCLASS_JP": null, "FCLASS_KO": null, "FCLASS_VN": null, "FCLASS_TR": null, "FCLASS_ID": null, "FCLASS_PL": null, "FCLASS_GR": null, "FCLASS_IT": null, "FCLASS_NL": null, "FCLASS_SE": null, "FCLASS_BD": null, "FCLASS_UA": null}, "bbox": [-24.326184, 63.496383, -13.609732, 66.526792], "geometry": {"type": "Polygon", "coordinates": [[[-14.508695, 66.455892], [-21.778484, 64.402116], [-19.056842, 66.276601], [-14.508695, 66.455892]]]}}, {"type": "Feature", "properties": {"featurecla": "Admin-0 country", "scalerank": 1, "LABELRANK": 5, "SOVEREIGNT": "Azerbaijan", "SOV_A3": "AZE", "ADM0_DIF": 0, "LEVEL": 2, "TYPE": "Sovereign country", "TLC": "1", "ADMIN": "Azerbaijan", "ADM0_A3": "AZE", "GEOU_DIF": 0, "GEOUNIT": "Azerbaijan", "GU_A3": "AZE", "SU_DIF": 0, "SUBUNIT": "Azerbaijan", "SU_A3": "AZE", "BRK_DIFF": 0, "NAME": "Azerbaijan", "NAME_LONG": "Azerbaijan", "BRK_A3": "AZE", "BRK_NAME": "Azerbaijan", "BRK_GROUP": null, "ABBREV": "Aze.", "POSTAL": "AZ", "FORMAL_EN": "Republic of Azerbaijan", "FORMAL_FR": null, "NAME_CIAWF": "Azerbaijan", "NOTE_ADM0": null, "NOTE_BRK": null, "NAME_SORT": "Azerbaijan", "NAME_ALT": null, "MAPCOLOR7": 1, "MAPCOLOR8": 6, "MAPCOLOR9": 5, "MAPCOLOR13": 8, "POP_EST": 10023318, "POP_RANK": 14, "POP_YEAR": 2019, "GDP_MD": 48047, "GDP_YEAR": 2019, "ECONOMY": "6. Developing region", "INCOME_GRP": "3. Upper middle income", "FIPS_10": "AJ", "ISO_A2": "AZ", "ISO_A2_EH": "AZ", "ISO_A3": "AZE", "ISO_A3_EH": "AZE", "ISO_N3": "031", "ISO_N3_EH": "031", "UN_A3": "031", "WB_A2": "AZ", "WB_A3": "AZE", "WOE_ID": 23424741, "WOE_ID_EH": 23424741, "WOE_NOTE": "Exact WOE match as country", "ADM0_ISO": "AZE", "ADM0_DIFF": null, "ADM0_TLC": "AZE", "ADM0_A3_US": "AZE", "ADM0_A3_FR": "AZE", "ADM0_A3_RU": "AZE", "ADM0_A3_ES": "AZE", "ADM0_A3_CN": "AZE", "ADM0_A3_TW": "AZE", "ADM0_A3_IN": "AZE", "ADM0_A3_NP": "AZE", "ADM0_A3_PK": "AZE", "ADM0_A3_DE": "AZE", "ADM0_A3_GB": "AZE", "ADM0_A3_BR": "AZE", "ADM0_A3_IL": "AZE", "ADM0_A3_PS": "AZE", "ADM0_A3_SA": "AZE", "ADM0_A3_EG": "AZE", "ADM0_A3_MA": "AZE", "ADM0_A3_PT": "AZE", "ADM0_A3_AR": "AZE", "ADM0_A3_JP": "AZE", "ADM0_A3_KO": "AZE", "ADM0_A3_VN": "AZE", "ADM0_A3_TR": "AZE", "ADM0_A3_ID": "AZE", "ADM0_A3_PL": "AZE", "ADM0_A3_GR": "AZE", "ADM0_A3_IT": "AZE", "ADM0_A3_NL": "AZE", "ADM0_A3_SE": "AZE", "ADM0_A3_BD": "AZE", "ADM0_A3_UA": "AZE", "ADM0_A3_UN": -99, "ADM0_A3_WB": -99, "CONTINENT": "Asia", "REGION_UN": "Asia", "SUBREGION": "Western Asia", "REGION_WB": "Europe & Central Asia", "NAME_LEN": 10, "LONG_LEN": 10, "ABBREV_LEN": 4, "TINY": -99, "HOMEPART": 1, "MIN_ZOOM": 0, "MIN_LABEL": 4, "MAX_LABEL": 9, "LABEL_X": 47.210994, "LABEL_Y": 40.402387, "NE_ID": 1159320381, "WIKIDATAID": "Q227", "NAME_AR": "\u0623\u0630\u0631\u0628\u064a\u062c\u0627\u0646", "NAME_BN": "\u0986\u099c\u09be\u09b0\u09ac\u09be\u0987\u099c\u09be\u09a8", "NAME_DE": "Aserbaidschan", "NAME_EN": "Azerbaijan", "NAME_ES": "Azerbaiy\u00e1n", "NAME_FA": "\u062c\u0645\u0647\u0648\u0631\u06cc \u0622\u0630\u0631\u0628\u0627\u06cc\u062c\u0627\u0646", "NAME_FR": "Azerba\u00efdjan", "NAME_EL": "\u0391\u03b6\u03b5\u03c1\u03bc\u03c0\u03b1\u03ca\u03c4\u03b6\u03ac\u03bd", "NAME_HE": "\u05d0\u05d6\u05e8\u05d1\u05d9\u05d9\u05d2'\u05df", "NAME_HI": "\u0905\u091c\u093c\u0930\u092c\u0948\u091c\u093e\u0928", "NAME_HU": "Azerbajdzs\u00e1n", "NAME_ID": "Azerbaijan", "NAME_IT": "Azerbaigian", "NAME_JA": "\u30a2\u30bc\u30eb\u30d0\u30a4\u30b8\u30e3\u30f3", "NAME_KO": "\uc544\uc81c\ub974\ubc14\uc774\uc794", "NAME_NL": "Azerbeidzjan", "NAME_PL": "Azerbejd\u017can", "NAME_PT": "Azerbaij\u00e3o", "NAME_RU": "\u0410\u0437\u0435\u0440\u0431\u0430\u0439\u0434\u0436\u0430\u043d", "NAME_SV": "Azerbajdzjan", "NAME_TR": "Azerbaycan", "NAME_UK": "\u0410\u0437\u0435\u0440\u0431\u0430\u0439\u0434\u0436\u0430\u043d", "NAME_UR": "\u0622\u0630\u0631\u0628\u0627\u0626\u06cc\u062c\u0627\u0646", "NAME_VI": "Azerbaijan", "NAME_ZH": "\u963f\u585e\u62dc\u7586", "NAME_ZHT": "\u4e9e\u585e\u62dc\u7136", "FCLASS_ISO": "Admin-0 country", "TLC_DIFF": null, "FCLASS_TLC": "Admin-0 country", "FCLASS_US": null, "FCLASS_FR": null, "FCLASS_RU": null, "FCLASS_ES": null, "FCLASS_CN": null, "FCLASS_TW": null, "FCLASS_IN": null, "FCLASS_NP": null, "FCLASS_PK": null, "FCLASS_DE": null, "FCLASS_GB": null, "FCLASS_BR": null, "FCLASS_IL": null, "FCLASS_PS": null, "FCLASS_SA": null, "FCLASS_EG": null, "FCLASS_MA": null, "FCLASS_PT": null, "FCLASS_AR": null, "FCLASS_JP": null, "FCLASS_KO": null, "FCLASS_VN": null, "FCLASS_TR": null, "FCLASS_ID": null, "FCLASS_PL": null, "FCLASS_GR": null, "FCLASS_IT": null, "FCLASS_NL": null, "FCLASS_SE": null, "FCLASS_BD": null, "FCLASS_UA": null}, "bbox": [44.79399, 38.270378, 50.392821, 41.860675], "geometry": {"type": "MultiPolygon", "coordinates": [[[[46.404951, 41.860675], [50.08483, 40.526157], [48.010744, 38.794015], [45.891907, 40.218476], [46.637908, 41.181673], [46.404951, 41.860675]]], [[[46.143623, 38.741201], [46.143623, 38.741201]]]]}}, {"type": "Feature", "properties": {"featurecla": "Admin-0 country", "scalerank": 1, "LABELRANK": 5, "SOVEREIGNT": "Georgia", "SOV_A3": "GEO", "ADM0_DIF": 0, "LEVEL": 2, "TYPE": "Sovereign country", "TLC": "1", "ADMIN": "Georgia", "ADM0_A3": "GEO", "GEOU_DIF": 0, "GEOUNIT": "Georgia", "GU_A3": "GEO", "SU_DIF": 0, "SUBUNIT": "Georgia", "SU_A3": "GEO", "BRK_DIFF": 0, "NAME": "Georgia", "NAME_LONG": "Georgia", "BRK_A3": "GEO", "BRK_NAME": "Georgia", "BRK_GROUP": null, "ABBREV": "Geo.", "POSTAL": "GE", "FORMAL_EN": "Georgia", "FORMAL_FR": null, "NAME_CIAWF": "Georgia", "NOTE_ADM0": null, "NOTE_BRK": null, "NAME_SORT": "Georgia", "NAME_ALT": null, "MAPCOLOR7": 5, "MAPCOLOR8": 1, "MAPCOLOR9": 3, "MAPCOLOR13": 2, "POP_EST": 3720382, "POP_RANK": 12, "POP_YEAR": 2019, "GDP_MD": 17477, "GDP_YEAR": 2019, "ECONOMY": "6. Developing region", "INCOME_GRP": "4. Lower middle income", "FIPS_10": "GG", "ISO_A2": "GE", "ISO_A2_EH": "GE", "ISO_A3": "GEO", "ISO_A3_EH": "GEO", "ISO_N3": "268", "ISO_N3_EH": "268", "UN_A3": "268", "WB_A2": "GE", "WB_A3": "GEO", "WOE_ID": 23424823, "WOE_ID_EH": 23424823, "WOE_NOTE": "Exact WOE match as country", "ADM0_ISO": "GEO", "ADM0_DIFF": null, "ADM0_TLC": "GEO", "ADM0_A3_US": "GEO", "ADM0_A3_FR": "GEO", "ADM0_A3_RU": "GEO", "ADM0_A3_ES": "GEO", "ADM0_A3_CN": "GEO", "ADM0_A3_TW": "GEO", "ADM0_A3_IN": "GEO", "ADM0_A3_NP": "GEO", "ADM0_A3_PK": "GEO", "ADM0_A3_DE": "GEO", "ADM0_A3_GB": "GEO", "ADM0_A3_BR": "GEO", "ADM0_A3_IL": "GEO", "ADM0_A3_PS": "GEO", "ADM0_A3_SA": "GEO", "ADM0_A3_EG": "GEO", "ADM0_A3_MA": "GEO", "ADM0_A3_PT": "GEO", "ADM0_A3_AR": "GEO", "ADM0_A3_JP": "GEO", "ADM0_A3_KO": "GEO", "ADM0_A3_VN": "GEO", "ADM0_A3_TR": "GEO", "ADM0_A3_ID": "GEO", "ADM0_A3_PL": "GEO", "ADM0_A3_GR": "GEO", "ADM0_A3_IT": "GEO", "ADM0_A3_NL": "GEO", "ADM0_A3_SE": "GEO", "ADM0_A3_BD": "GEO", "ADM0_A3_UA": "GEO", "ADM0_A3_UN": -99, "ADM0_A3_WB": -99, "CONTINENT": "Asia", "REGION_UN": "Asia", "SUBREGION": "Western Asia", "REGION_WB": "Europe & Central Asia", "NAME_LEN": 7, "LONG_LEN": 7, "ABBREV_LEN": 4, "TINY": -99, "HOMEPART": 1, "MIN_ZOOM": 0, "MIN_LABEL": 4, "MAX_LABEL": 9, "LABEL_X": 43.735724, "LABEL_Y": 41.870087, "NE_ID": 1159320779, "WIKIDATAID": "Q230", "NAME_AR": "\u062c\u0648\u0631\u062c\u064a\u0627", "NAME_BN": "\u099c\u09b0\u09cd\u099c\u09bf\u09af\u09bc\u09be", "NAME_DE": "Georgien", "NAME_EN": "Georgia", "NAME_ES": "Georgia", "NAME_FA": "\u06af\u0631\u062c\u0633\u062a\u0627\u0646", "NAME_FR": "G\u00e9orgie", "NAME_EL": "\u0393\u03b5\u03c9\u03c1\u03b3\u03af\u03b1", "NAME_HE": "\u05d2\u05d0\u05d5\u05e8\u05d2\u05d9\u05d4", "NAME_HI": "\u091c\u0949\u0930\u094d\u091c\u093f\u092f\u093e", "NAME_HU": "Gr\u00fazia", "NAME_ID": "Georgia", "NAME_IT": "Georgia", "NAME_JA": "\u30b8\u30e7\u30fc\u30b8\u30a2", "NAME_KO": "\uc870\uc9c0\uc544", "NAME_NL": "Georgi\u00eb", "NAME_PL": "Gruzja", "NAME_PT": "Ge\u00f3rgia", "NAME_RU": "\u0413\u0440\u0443\u0437\u0438\u044f", "NAME_SV": "Georgien", "NAME_TR": "G\u00fcrcistan", "NAME_UK": "\u0413\u0440\u0443\u0437\u0456\u044f", "NAME_UR": "\u062c\u0627\u0631\u062c\u06cc\u0627", "NAME_VI": "Gruzia", "NAME_ZH": "\u683c\u9c81\u5409\u4e9a", "NAME_ZHT": "\u55ac\u6cbb\u4e9e", "FCLASS_ISO": "Admin-0 country", "TLC_DIFF": null, "FCLASS_TLC": "Admin-0 country", "FCLASS_US": null, "FCLASS_FR": null, "FCLASS_RU": null, "FCLASS_ES": null, "FCLASS_CN": null, "FCLASS_TW": null, "FCLASS_IN": null, "FCLASS_NP": null, "FCLASS_PK": null, "FCLASS_DE": null, "FCLASS_GB": null, "FCLASS_BR": null, "FCLASS_IL": null, "FCLASS_PS": null, "FCLASS_SA": null, "FCLASS_EG": null, "FCLASS_MA": null, "FCLASS_PT": null, "FCLASS_AR": null, "FCLASS_JP": null, "FCLASS_KO": null, "FCLASS_VN": null, "FCLASS_TR": null, "FCLASS_ID": null, "FCLASS_PL": null, "FCLASS_GR": null, "FCLASS_IT": null, "FCLASS_NL": null, "FCLASS_SE": null, "FCLASS_BD": null, "FCLASS_UA": null}, "bbox": [39.955009, 41.064445, 46.637908, 43.553104], "geometry": {"type": "Polygon", "coordinates": [[[39.955009, 43.434998], [45.7764, 42.09244], [43.582746, 41.092143], [39.955009, 43.434998]]]}}, {"type": "Feature", "properties": {"featurecla": "Admin-0 country", "scalerank": 1, "LABELRANK": 2, "SOVEREIGNT": "Philippines", "SOV_A3": "PHL", "ADM0_DIF": 0, "LEVEL": 2, "TYPE": "Sovereign country", "TLC": "1", "ADMIN": "Philippines", "ADM0_A3": "PHL", "GEOU_DIF": 0, "GEOUNIT": "Philippines", "GU_A3": "PHL", "SU_DIF": 0, "SUBUNIT": "Philippines", "SU_A3": "PHL", "BRK_DIFF": 0, "NAME": "Philippines", "NAME_LONG": "Philippines", "BRK_A3": "PHL", "BRK_NAME": "Philippines", "BRK_GROUP": null, "ABBREV": "Phil.", "POSTAL": "PH", "FORMAL_EN": "Republic of the Philippines", "FORMAL_FR": null, "NAME_CIAWF": "Philippines", "NOTE_ADM0": null, "NOTE_BRK": null, "NAME_SORT": "Philippines", "NAME_ALT": null, "MAPCOLOR7": 3, "MAPCOLOR8": 2, "MAPCOLOR9": 2, "MAPCOLOR13": 8, "POP_EST": 108116615, "POP_RANK": 17, "POP_YEAR": 2019, "GDP_MD": 376795, "GDP_YEAR": 2019, "ECONOMY": "5. Emerging region: G20", "INCOME_GRP": "4. Lower middle income", "FIPS_10": "RP", "ISO_A2": "PH", "ISO_A2_EH": "PH", "ISO_A3": "PHL", "ISO_A3_EH": "PHL", "ISO_N3": "608", "ISO_N3_EH": "608", "UN_A3": "608", "WB_A2": "PH", "WB_A3": "PHL", "WOE_ID": 23424934, "WOE_ID_EH": 23424934, "WOE_NOTE": "Exact WOE match as country", "ADM0_ISO": "PHL", "ADM0_DIFF": null, "ADM0_TLC": "PHL", "ADM0_A3_US": "PHL", "ADM0_A3_FR": "PHL", "ADM0_A3_RU": "PHL", "ADM0_A3_ES": "PHL", "ADM0_A3_CN": "PHL", "ADM0_A3_TW": "PHL", "ADM0_A3_IN": "PHL", "ADM0_A3_NP": "PHL", "ADM0_A3_PK": "PHL", "ADM0_A3_DE": "PHL", "ADM0_A3_GB": "PHL", "ADM0_A3_BR": "PHL", "ADM0_A3_IL": "PHL", "ADM0_A3_PS": "PHL", "ADM0_A3_SA": "PHL", "ADM0_A3_EG": "PHL", "ADM0_A3_MA": "PHL", "ADM0_A3_PT": "PHL", "ADM0_A3_AR": "PHL", "ADM0_A3_JP": "PHL", "ADM0_A3_KO": "PHL", "ADM0_A3_VN": "PHL", "ADM0_A3_TR": "PHL", "ADM0_A3_ID": "PHL", "ADM0_A3_PL": "PHL", "ADM0_A3_GR": "PHL", "ADM0_A3_IT": "PHL", "ADM0_A3_NL": "PHL", "ADM0_A3_SE": "PHL", "ADM0_A3_BD": "PHL", "ADM0_A3_UA": "PHL", "ADM0_A3_UN": -99, "ADM0_A3_WB": -99, "CONTINENT": "Asia", "REGION_UN": "Asia", "SUBREGION": "South-Eastern Asia", "REGION_WB": "East Asia & Pacific", "NAME_LEN": 11, "LONG_LEN": 11, "ABBREV_LEN": 5, "TINY": -99, "HOMEPART": 1, "MIN_ZOOM": 0, "MIN_LABEL": 2.5, "MAX_LABEL": 7, "LABEL_X": 122.465, "LABEL_Y": 11.198, "NE_ID": 1159321169, "WIKIDATAID": "Q928", "NAME_AR": "\u0627\u0644\u0641\u0644\u0628\u064a\u0646", "NAME_BN": "\u09ab\u09bf\u09b2\u09bf\u09aa\u09be\u0987\u09a8", "NAME_DE": "Philippinen", "NAME_EN": "Philippines", "NAME_ES": "Filipinas", "NAME_FA": "\u0641\u06cc\u0644\u06cc\u067e\u06cc\u0646", "NAME_FR": "Philippines", "NAME_EL": "\u03a6\u03b9\u03bb\u03b9\u03c0\u03c0\u03af\u03bd\u03b5\u03c2", "NAME_HE": "\u05d4\u05e4\u05d9\u05dc\u05d9\u05e4\u05d9\u05e0\u05d9\u05dd", "NAME_HI": "\u092b\u093c\u093f\u0932\u0940\u092a\u0940\u0928\u094d\u0938", "NAME_HU": "F\u00fcl\u00f6p-szigetek", "NAME_ID": "Filipina", "NAME_IT": "Filippine", "NAME_JA": "\u30d5\u30a3\u30ea\u30d4\u30f3", "NAME_KO": "\ud544\ub9ac\ud540", "NAME_NL": "Filipijnen", "NAME_PL": "Filipiny", "NAME_PT": "Filipinas", "NAME_RU": "\u0424\u0438\u043b\u0438\u043f\u043f\u0438\u043d\u044b", "NAME_SV": "Filippinerna", "NAME_TR": "Filipinler", "NAME_UK": "\u0424\u0456\u043b\u0456\u043f\u043f\u0456\u043d\u0438", "NAME_UR": "\u0641\u0644\u067e\u0627\u0626\u0646", "NAME_VI": "Philippines", "NAME_ZH": "\u83f2\u5f8b\u5bbe", "NAME_ZHT": "\u83f2\u5f8b\u8cd3", "FCLASS_ISO": "Admin-0 country", "TLC_DIFF": null, "FCLASS_TLC": "Admin-0 country", "FCLASS_US": null, "FCLASS_FR": null, "FCLASS_RU": null, "FCLASS_ES": null, "FCLASS_CN": null, "FCLASS_TW": null, "FCLASS_IN": null, "FCLASS_NP": null, "FCLASS_PK": null, "FCLASS_DE": null, "FCLASS_GB": null, "FCLASS_BR": null, "FCLASS_IL": null, "FCLASS_PS": null, "FCLASS_SA": null, "FCLASS_EG": null, "FCLASS_MA": null, "FCLASS_PT": null, "FCLASS_AR": null, "FCLASS_JP": null, "FCLASS_KO": null, "FCLASS_VN": null, "FCLASS_TR": null, "FCLASS_ID": null, "FCLASS_PL": null, "FCLASS_GR": null, "FCLASS_IT": null, "FCLASS_NL": null, "FCLASS_SE": null, "FCLASS_BD": null, "FCLASS_UA": null}, "bbox": [117.174275, 5.581003, 126.537424, 18.505227], "geometry": {"type": "MultiPolygon", "coordinates": [[[[120.833896, 12.704496], [120.833896, 12.704496]]], [[[122.586089, 9.981045], [123.309921, 9.318269], [122.586089, 9.981045]]], [[[126.376814, 8.414706], [124.219788, 6.161355], [122.312359, 8.034962], [126.222714, 9.286074], [126.376814, 8.414706]]], [[[118.504581, 9.316383], [118.504581, 9.316383]]], [[[122.336957, 18.224883], [122.701276, 14.336541], [122.03465, 13.784482], [119.920929, 15.406347], [122.336957, 18.224883]]], [[[122.03837, 11.415841], [122.03837, 11.415841]]], [[[125.502552, 12.162695], [124.302522, 11.495371], [125.502552, 12.162695]]]]}}, {"type": "Feature", "properties": {"featurecla": "Admin-0 country", "scalerank": 1, "LABELRANK": 3, "SOVEREIGNT": "Malaysia", "SOV_A3": "MYS", "ADM0_DIF": 0, "LEVEL": 2, "TYPE": "Sovereign country", "TLC": "1", "ADMIN": "Malaysia", "ADM0_A3": "MYS", "GEOU_DIF": 0, "GEOUNIT": "Malaysia", "GU_A3": "MYS", "SU_DIF": 0, "SUBUNIT": "Malaysia", "SU_A3": "MYS", "BRK_DIFF": 0, "NAME": "Malaysia", "NAME_LONG": "Malaysia", "BRK_A3": "MYS", "BRK_NAME": "Malaysia", "BRK_GROUP": null, "ABBREV": "Malay.", "POSTAL": "MY", "FORMAL_EN": "Malaysia", "FORMAL_FR": null, "NAME_CIAWF": "Malaysia", "NOTE_ADM0": null, "NOTE_BRK": null, "NAME_SORT": "Malaysia", "NAME_ALT": null, "MAPCOLOR7": 2, "MAPCOLOR8": 4, "MAPCOLOR9": 3, "MAPCOLOR13": 6, "POP_EST": 31949777, "POP_RANK": 15, "POP_YEAR": 2019, "GDP_MD": 364681, "GDP_YEAR": 2019, "ECONOMY": "6. Developing region", "INCOME_GRP": "3. Upper middle income", "FIPS_10": "MY", "ISO_A2": "MY", "ISO_A2_EH": "MY", "ISO_A3": "MYS", "ISO_A3_EH": "MYS", "ISO_N3": "458", "ISO_N3_EH": "458", "UN_A3": "458", "WB_A2": "MY", "WB_A3": "MYS", "WOE_ID": 23424901, "WOE_ID_EH": 23424901, "WOE_NOTE": "Exact WOE match as country", "ADM0_ISO": "MYS", "ADM0_DIFF": null, "ADM0_TLC": "MYS", "ADM0_A3_US": "MYS", "ADM0_A3_FR": "MYS", "ADM0_A3_RU": "MYS", "ADM0_A3_ES": "MYS", "ADM0_A3_CN": "MYS", "ADM0_A3_TW": "MYS", "ADM0_A3_IN": "MYS", "ADM0_A3_NP": "MYS", "ADM0_A3_PK": "MYS", "ADM0_A3_DE": "MYS", "ADM0_A3_GB": "MYS", "ADM0_A3_BR": "MYS", "ADM0_A3_IL": "MYS", "ADM0_A3_PS": "MYS", "ADM0_A3_SA": "MYS", "ADM0_A3_EG": "MYS", "ADM0_A3_MA": "MYS", "ADM0_A3_PT": "MYS", "ADM0_A3_AR": "MYS", "ADM0_A3_JP": "MYS", "ADM0_A3_KO": "MYS", "ADM0_A3_VN": "MYS", "ADM0_A3_TR": "MYS", "ADM0_A3_ID": "MYS", "ADM0_A3_PL": "MYS", "ADM0_A3_GR": "MYS", "ADM0_A3_IT": "MYS", "ADM0_A3_NL": "MYS", "ADM0_A3_SE": "MYS", "ADM0_A3_BD": "MYS", "ADM0_A3_UA": "MYS", "ADM0_A3_UN": -99, "ADM0_A3_WB": -99, "CONTINENT": "Asia", "REGION_UN": "Asia", "SUBREGION": "South-Eastern Asia", "REGION_WB": "East Asia & Pacific", "NAME_LEN": 8, "LONG_LEN": 8, "ABBREV_LEN": 6, "TINY": -99, "HOMEPART": 1, "MIN_ZOOM": 0, "MIN_LABEL": 3, "MAX_LABEL": 8, "LABEL_X": 113.83708, "LABEL_Y": 2.528667, "NE_ID": 1159321083, "WIKIDATAID": "Q833", "NAME_AR": "\u0645\u0627\u0644\u064a\u0632\u064a\u0627", "NAME_BN": "\u09ae\u09be\u09b2\u09af\u09bc\u09c7\u09b6\u09bf\u09af\u09bc\u09be", "NAME_DE": "Malaysia", "NAME_EN": "Malaysia", "NAME_ES": "Malasia", "NAME_FA": "\u0645\u0627\u0644\u0632\u06cc", "NAME_FR": "Malaisie", "NAME_EL": "\u039c\u03b1\u03bb\u03b1\u03b9\u03c3\u03af\u03b1", "NAME_HE": "\u05de\u05dc\u05d6\u05d9\u05d4", "NAME_HI": "\u092e\u0932\u0947\u0936\u093f\u092f\u093e", "NAME_HU": "Malajzia", "NAME_ID": "Malaysia", "NAME_IT": "Malaysia", "NAME_JA": "\u30de\u30ec\u30fc\u30b7\u30a2", "NAME_KO": "\ub9d0\ub808\uc774\uc2dc\uc544", "NAME_NL": "Maleisi\u00eb", "NAME_PL": "Malezja", "NAME_PT": "Mal\u00e1sia", "NAME_RU": "\u041c\u0430\u043b\u0430\u0439\u0437\u0438\u044f", "NAME_SV": "Malaysia", "NAME_TR": "Malezya", "NAME_UK": "\u041c\u0430\u043b\u0430\u0439\u0437\u0456\u044f", "NAME_UR": "\u0645\u0644\u0627\u0626\u06cc\u0634\u06cc\u0627", "NAME_VI": "Malaysia", "NAME_ZH": "\u9a6c\u6765\u897f\u4e9a", "NAME_ZHT": "\u99ac\u4f86\u897f\u4e9e", "FCLASS_ISO": "Admin-0 country", "TLC_DIFF": null, "FCLASS_TLC": "Admin-0 country", "FCLASS_US": null, "FCLASS_FR": null, "FCLASS_RU": null, "FCLASS_ES": null, "FCLASS_CN": null, "FCLASS_TW": null, "FCLASS_IN": null, "FCLASS_NP": null, "FCLASS_PK": null, "FCLASS_DE": null, "FCLASS_GB": null, "FCLASS_BR": null, "FCLASS_IL": null, "FCLASS_PS": null, "FCLASS_SA": null, "FCLASS_EG": null, "FCLASS_MA": null, "FCLASS_PT": null, "FCLASS_AR": null, "FCLASS_JP": null, "FCLASS_KO": null, "FCLASS_VN": null, "FCLASS_TR": null, "FCLASS_ID": null, "FCLASS_PL": null, "FCLASS_GR": null, "FCLASS_IT": null, "FCLASS_NL": null, "FCLASS_SE": null, "FCLASS_BD": null, "FCLASS_UA": null}, "bbox": [100.085757, 0.773131, 119.181904, 6.928053], "geometry": {"type": "MultiPolygon", "coordinates": [[[[100.085757, 6.464489], [103.381215, 4.855001], [103.519707, 1.226334], [100.085757, 6.464489]]], [[[117.882035, 4.137551], [112.380252, 1.410121], [111.370081, 2.697303], [115.4057, 4.955228], [119.181904, 5.407836], [117.882035, 4.137551]]]]}}, {"type": "Feature", "properties": {"featurecla": "Admin-0 country", "scalerank": 1, "LABELRANK": 6, "SOVEREIGNT": "Brunei", "SOV_A3": "BRN", "ADM0_DIF": 0, "LEVEL": 2, "TYPE": "Sovereign country", "TLC": "1", "ADMIN": "Brunei", "ADM0_A3": "BRN", "GEOU_DIF": 0, "GEOUNIT": "Brunei", "GU_A3": "BRN", "SU_DIF": 0, "SUBUNIT": "Brunei", "SU_A3": "BRN", "BRK_DIFF": 0, "NAME": "Brunei", "NAME_LONG": "Brunei Darussalam", "BRK_A3": "BRN", "BRK_NAME": "Brunei", "BRK_GROUP": null, "ABBREV": "Brunei", "POSTAL": "BN", "FORMAL_EN": "Negara Brunei Darussalam", "FORMAL_FR": null, "NAME_CIAWF": "Brunei", "NOTE_ADM0": null, "NOTE_BRK": null, "NAME_SORT": "Brunei", "NAME_ALT": null, "MAPCOLOR7": 4, "MAPCOLOR8": 6, "MAPCOLOR9": 6, "MAPCOLOR13": 12, "POP_EST": 433285, "POP_RANK": 10, "POP_YEAR": 2019, "GDP_MD": 13469, "GDP_YEAR": 2019, "ECONOMY": "6. Developing region", "INCOME_GRP": "2. High income: nonOECD", "FIPS_10": "BX", "ISO_A2": "BN", "ISO_A2_EH": "BN", "ISO_A3": "BRN", "ISO_A3_EH": "BRN", "ISO_N3": "096", "ISO_N3_EH": "096", "UN_A3": "096", "WB_A2": "BN", "WB_A3": "BRN", "WOE_ID": 23424773, "WOE_ID_EH": 23424773, "WOE_NOTE": "Exact WOE match as country", "ADM0_ISO": "BRN", "ADM0_DIFF": null, "ADM0_TLC": "BRN", "ADM0_A3_US": "BRN", "ADM0_A3_FR": "BRN", "ADM0_A3_RU": "BRN", "ADM0_A3_ES": "BRN", "ADM0_A3_CN": "BRN", "ADM0_A3_TW": "BRN", "ADM0_A3_IN": "BRN", "ADM0_A3_NP": "BRN", "ADM0_A3_PK": "BRN", "ADM0_A3_DE": "BRN", "ADM0_A3_GB": "BRN", "ADM0_A3_BR": "BRN", "ADM0_A3_IL": "BRN", "ADM0_A3_PS": "BRN", "ADM0_A3_SA": "BRN", "ADM0_A3_EG": "BRN", "ADM0_A3_MA": "BRN", "ADM0_A3_PT": "BRN", "ADM0_A3_AR": "BRN", "ADM0_A3_JP": "BRN", "ADM0_A3_KO": "BRN", "ADM0_A3_VN": "BRN", "ADM0_A3_TR": "BRN", "ADM0_A3_ID": "BRN", "ADM0_A3_PL": "BRN", "ADM0_A3_GR": "BRN", "ADM0_A3_IT": "BRN", "ADM0_A3_NL": "BRN", "ADM0_A3_SE": "BRN", "ADM0_A3_BD": "BRN", "ADM0_A3_UA": "BRN", "ADM0_A3_UN": -99, "ADM0_A3_WB": -99, "CONTINENT": "Asia", "REGION_UN": "Asia", "SUBREGION": "South-Eastern Asia", "REGION_WB": "East Asia & Pacific", "NAME_LEN": 6, "LONG_LEN": 17, "ABBREV_LEN": 6, "TINY": 2, "HOMEPART": 1, "MIN_ZOOM": 0, "MIN_LABEL": 4, "MAX_LABEL": 9, "LABEL_X": 114.551943, "LABEL_Y": 4.448298, "NE_ID": 1159320451, "WIKIDATAID": "Q921", "NAME_AR": "\u0628\u0631\u0648\u0646\u0627\u064a", "NAME_BN": "\u09ac\u09cd\u09b0\u09c1\u09a8\u09be\u0987", "NAME_DE": "Brunei", "NAME_EN": "Brunei", "NAME_ES": "Brun\u00e9i", "NAME_FA": "\u0628\u0631\u0648\u0646\u0626\u06cc", "NAME_FR": "Brunei", "NAME_EL": "\u039c\u03c0\u03c1\u03bf\u03c5\u03bd\u03ad\u03b9", "NAME_HE": "\u05d1\u05e8\u05d5\u05e0\u05d9\u05d9", "NAME_HI": "\u092c\u094d\u0930\u0941\u0928\u0947\u0908", "NAME_HU": "Brunei", "NAME_ID": "Brunei Darussalam", "NAME_IT": "Brunei", "NAME_JA": "\u30d6\u30eb\u30cd\u30a4", "NAME_KO": "\ube0c\ub8e8\ub098\uc774", "NAME_NL": "Brunei", "NAME_PL": "Brunei", "NAME_PT": "Brunei", "NAME_RU": "\u0411\u0440\u0443\u043d\u0435\u0439", "NAME_SV": "Brunei", "NAME_TR": "Brunei", "NAME_UK": "\u0411\u0440\u0443\u043d\u0435\u0439", "NAME_UR": "\u0628\u0631\u0648\u0646\u0627\u0626\u06cc \u062f\u0627\u0631 \u0627\u0644\u0633\u0644\u0627\u0645", "NAME_VI": "Brunei", "NAME_ZH": "\u6587\u83b1", "NAME_ZHT": "\u6c76\u840a", "FCLASS_ISO": "Admin-0 country", "TLC_DIFF": null, "FCLASS_TLC": "Admin-0 country", "FCLASS_US": null, "FCLASS_FR": null, "FCLASS_RU": null, "FCLASS_ES": null, "FCLASS_CN": null, "FCLASS_TW": null, "FCLASS_IN": null, "FCLASS_NP": null, "FCLASS_PK": null, "FCLASS_DE": null, "FCLASS_GB": null, "FCLASS_BR": null, "FCLASS_IL": null, "FCLASS_PS": null, "FCLASS_SA": null, "FCLASS_EG": null, "FCLASS_MA": null, "FCLASS_PT": null, "FCLASS_AR": null, "FCLASS_JP": null, "FCLASS_KO": null, "FCLASS_VN": null, "FCLASS_TR": null, "FCLASS_ID": null, "FCLASS_PL": null, "FCLASS_GR": null, "FCLASS_IT": null, "FCLASS_NL": null, "FCLASS_SE": null, "FCLASS_BD": null, "FCLASS_UA": null}, "bbox": [114.204017, 4.007637, 115.45071, 5.44773], "geometry": {"type": "Polygon", "coordinates": [[[115.45071, 5.44773], [115.45071, 5.44773]]]}}, {"type": "Feature", "properties": {"featurecla": "Admin-0 country", "scalerank": 1, "LABELRANK": 6, "SOVEREIGNT": "Slovenia", "SOV_A3": "SVN", "ADM0_DIF": 0, "LEVEL": 2, "TYPE": "Sovereign country", "TLC": "1", "ADMIN": "Slovenia", "ADM0_A3": "SVN", "GEOU_DIF": 0, "GEOUNIT": "Slovenia", "GU_A3": "SVN", "SU_DIF": 0, "SUBUNIT": "Slovenia", "SU_A3": "SVN", "BRK_DIFF": 0, "NAME": "Slovenia", "NAME_LONG": "Slovenia", "BRK_A3": "SVN", "BRK_NAME": "Slovenia", "BRK_GROUP": null, "ABBREV": "Slo.", "POSTAL": "SLO", "FORMAL_EN": "Republic of Slovenia", "FORMAL_FR": null, "NAME_CIAWF": "Slovenia", "NOTE_ADM0": null, "NOTE_BRK": null, "NAME_SORT": "Slovenia", "NAME_ALT": null, "MAPCOLOR7": 2, "MAPCOLOR8": 3, "MAPCOLOR9": 2, "MAPCOLOR13": 12, "POP_EST": 2087946, "POP_RANK": 12, "POP_YEAR": 2019, "GDP_MD": 54174, "GDP_YEAR": 2019, "ECONOMY": "2. Developed region: nonG7", "INCOME_GRP": "1. High income: OECD", "FIPS_10": "SI", "ISO_A2": "SI", "ISO_A2_EH": "SI", "ISO_A3": "SVN", "ISO_A3_EH": "SVN", "ISO_N3": "705", "ISO_N3_EH": "705", "UN_A3": "705", "WB_A2": "SI", "WB_A3": "SVN", "WOE_ID": 23424945, "WOE_ID_EH": 23424945, "WOE_NOTE": "Exact WOE match as country", "ADM0_ISO": "SVN", "ADM0_DIFF": null, "ADM0_TLC": "SVN", "ADM0_A3_US": "SVN", "ADM0_A3_FR": "SVN", "ADM0_A3_RU": "SVN", "ADM0_A3_ES": "SVN", "ADM0_A3_CN": "SVN", "ADM0_A3_TW": "SVN", "ADM0_A3_IN": "SVN", "ADM0_A3_NP": "SVN", "ADM0_A3_PK": "SVN", "ADM0_A3_DE": "SVN", "ADM0_A3_GB": "SVN", "ADM0_A3_BR": "SVN", "ADM0_A3_IL": "SVN", "ADM0_A3_PS": "SVN", "ADM0_A3_SA": "SVN", "ADM0_A3_EG": "SVN", "ADM0_A3_MA": "SVN", "ADM0_A3_PT": "SVN", "ADM0_A3_AR": "SVN", "ADM0_A3_JP": "SVN", "ADM0_A3_KO": "SVN", "ADM0_A3_VN": "SVN", "ADM0_A3_TR": "SVN", "ADM0_A3_ID": "SVN", "ADM0_A3_PL": "SVN", "ADM0_A3_GR": "SVN", "ADM0_A3_IT": "SVN", "ADM0_A3_NL": "SVN", "ADM0_A3_SE": "SVN", "ADM0_A3_BD": "SVN", "ADM0_A3_UA": "SVN", "ADM0_A3_UN": -99, "ADM0_A3_WB": -99, "CONTINENT": "Europe", "REGION_UN": "Europe", "SUBREGION": "Southern Europe", "REGION_WB": "Europe & Central Asia", "NAME_LEN": 8, "LONG_LEN": 8, "ABBREV_LEN": 4, "TINY": -99, "HOMEPART": 1, "MIN_ZOOM": 0, "MIN_LABEL": 5, "MAX_LABEL": 10, "LABEL_X": 14.915312, "LABEL_Y": 46.06076, "NE_ID": 1159321285, "WIKIDATAID": "Q215", "NAME_AR": "\u0633\u0644\u0648\u0641\u064a\u0646\u064a\u0627", "NAME_BN": "\u09b8\u09cd\u09b2\u09cb\u09ad\u09c7\u09a8\u09bf\u09af\u09bc\u09be", "NAME_DE": "Slowenien", "NAME_EN": "Slovenia", "NAME_ES": "Eslovenia", "NAME_FA": "\u0627\u0633\u0644\u0648\u0648\u0646\u06cc", "NAME_FR": "Slov\u00e9nie", "NAME_EL": "\u03a3\u03bb\u03bf\u03b2\u03b5\u03bd\u03af\u03b1", "NAME_HE": "\u05e1\u05dc\u05d5\u05d1\u05e0\u05d9\u05d4", "NAME_HI": "\u0938\u094d\u0932\u094b\u0935\u0947\u0928\u093f\u092f\u093e", "NAME_HU": "Szlov\u00e9nia", "NAME_ID": "Slovenia", "NAME_IT": "Slovenia", "NAME_JA": "\u30b9\u30ed\u30d9\u30cb\u30a2", "NAME_KO": "\uc2ac\ub85c\ubca0\ub2c8\uc544", "NAME_NL": "Sloveni\u00eb", "NAME_PL": "S\u0142owenia", "NAME_PT": "Eslov\u00e9nia", "NAME_RU": "\u0421\u043b\u043e\u0432\u0435\u043d\u0438\u044f", "NAME_SV": "Slovenien", "NAME_TR": "Slovenya", "NAME_UK": "\u0421\u043b\u043e\u0432\u0435\u043d\u0456\u044f", "NAME_UR": "\u0633\u0644\u0648\u0648\u06cc\u0646\u06cc\u0627", "NAME_VI": "Slovenia", "NAME_ZH": "\u65af\u6d1b\u6587\u5c3c\u4e9a", "NAME_ZHT": "\u65af\u6d1b\u7dad\u5c3c\u4e9e", "FCLASS_ISO": "Admin-0 country", "TLC_DIFF": null, "FCLASS_TLC": "Admin-0 country", "FCLASS_US": null, "FCLASS_FR": null, "FCLASS_RU": null, "FCLASS_ES": null, "FCLASS_CN": null, "FCLASS_TW": null, "FCLASS_IN": null, "FCLASS_NP": null, "FCLASS_PK": null, "FCLASS_DE": null, "FCLASS_GB": null, "FCLASS_BR": null, "FCLASS_IL": null, "FCLASS_PS": null, "FCLASS_SA": null, "FCLASS_EG": null, "FCLASS_MA": null, "FCLASS_PT": null, "FCLASS_AR": null, "FCLASS_JP": null, "FCLASS_KO": null, "FCLASS_VN": null, "FCLASS_TR": null, "FCLASS_ID": null, "FCLASS_PL": null, "FCLASS_GR": null, "FCLASS_IT": null, "FCLASS_NL": null, "FCLASS_SE": null, "FCLASS_BD": null, "FCLASS_UA": null}, "bbox": [13.69811, 45.452316, 16.564808, 46.852386], "geometry": {"type": "Polygon", "coordinates": [[[13.806475, 46.509306], [15.67153, 45.834154], [13.69811, 46.016778], [13.806475, 46.509306]]]}}, {"type": "Feature", "properties": {"featurecla": "Admin-0 country", "scalerank": 1, "LABELRANK": 3, "SOVEREIGNT": "Finland", "SOV_A3": "FI1", "ADM0_DIF": 1, "LEVEL": 2, "TYPE": "Country", "TLC": "1", "ADMIN": "Finland", "ADM0_A3": "FIN", "GEOU_DIF": 0, "GEOUNIT": "Finland", "GU_A3": "FIN", "SU_DIF": 0, "SUBUNIT": "Finland", "SU_A3": "FIN", "BRK_DIFF": 0, "NAME": "Finland", "NAME_LONG": "Finland", "BRK_A3": "FIN", "BRK_NAME": "Finland", "BRK_GROUP": null, "ABBREV": "Fin.", "POSTAL": "FIN", "FORMAL_EN": "Republic of Finland", "FORMAL_FR": null, "NAME_CIAWF": "Finland", "NOTE_ADM0": null, "NOTE_BRK": null, "NAME_SORT": "Finland", "NAME_ALT": null, "MAPCOLOR7": 4, "MAPCOLOR8": 1, "MAPCOLOR9": 4, "MAPCOLOR13": 6, "POP_EST": 5520314, "POP_RANK": 13, "POP_YEAR": 2019, "GDP_MD": 269296, "GDP_YEAR": 2019, "ECONOMY": "2. Developed region: nonG7", "INCOME_GRP": "1. High income: OECD", "FIPS_10": "FI", "ISO_A2": "FI", "ISO_A2_EH": "FI", "ISO_A3": "FIN", "ISO_A3_EH": "FIN", "ISO_N3": "246", "ISO_N3_EH": "246", "UN_A3": "246", "WB_A2": "FI", "WB_A3": "FIN", "WOE_ID": 23424812, "WOE_ID_EH": 23424812, "WOE_NOTE": "Exact WOE match as country", "ADM0_ISO": "FIN", "ADM0_DIFF": null, "ADM0_TLC": "FIN", "ADM0_A3_US": "FIN", "ADM0_A3_FR": "FIN", "ADM0_A3_RU": "FIN", "ADM0_A3_ES": "FIN", "ADM0_A3_CN": "FIN", "ADM0_A3_TW": "FIN", "ADM0_A3_IN": "FIN", "ADM0_A3_NP": "FIN", "ADM0_A3_PK": "FIN", "ADM0_A3_DE": "FIN", "ADM0_A3_GB": "FIN", "ADM0_A3_BR": "FIN", "ADM0_A3_IL": "FIN", "ADM0_A3_PS": "FIN", "ADM0_A3_SA": "FIN", "ADM0_A3_EG": "FIN", "ADM0_A3_MA": "FIN", "ADM0_A3_PT": "FIN", "ADM0_A3_AR": "FIN", "ADM0_A3_JP": "FIN", "ADM0_A3_KO": "FIN", "ADM0_A3_VN": "FIN", "ADM0_A3_TR": "FIN", "ADM0_A3_ID": "FIN", "ADM0_A3_PL": "FIN", "ADM0_A3_GR": "FIN", "ADM0_A3_IT": "FIN", "ADM0_A3_NL": "FIN", "ADM0_A3_SE": "FIN", "ADM0_A3_BD": "FIN", "ADM0_A3_UA": "FIN", "ADM0_A3_UN": -99, "ADM0_A3_WB": -99, "CONTINENT": "Europe", "REGION_UN": "Europe", "SUBREGION": "Northern Europe", "REGION_WB": "Europe & Central Asia", "NAME_LEN": 7, "LONG_LEN": 7, "ABBREV_LEN": 4, "TINY": -99, "HOMEPART": 1, "MIN_ZOOM": 0, "MIN_LABEL": 3, "MAX_LABEL": 8, "LABEL_X": 27.276449, "LABEL_Y": 63.252361, "NE_ID": 1159320623, "WIKIDATAID": "Q33", "NAME_AR": "\u0641\u0646\u0644\u0646\u062f\u0627", "NAME_BN": "\u09ab\u09bf\u09a8\u09b2\u09cd\u09af\u09be\u09a8\u09cd\u09a1", "NAME_DE": "Finnland", "NAME_EN": "Finland", "NAME_ES": "Finlandia", "NAME_FA": "\u0641\u0646\u0644\u0627\u0646\u062f", "NAME_FR": "Finlande", "NAME_EL": "\u03a6\u03b9\u03bd\u03bb\u03b1\u03bd\u03b4\u03af\u03b1", "NAME_HE": "\u05e4\u05d9\u05e0\u05dc\u05e0\u05d3", "NAME_HI": "\u092b\u093c\u093f\u0928\u0932\u0948\u0923\u094d\u0921", "NAME_HU": "Finnorsz\u00e1g", "NAME_ID": "Finlandia", "NAME_IT": "Finlandia", "NAME_JA": "\u30d5\u30a3\u30f3\u30e9\u30f3\u30c9", "NAME_KO": "\ud540\ub780\ub4dc", "NAME_NL": "Finland", "NAME_PL": "Finlandia", "NAME_PT": "Finl\u00e2ndia", "NAME_RU": "\u0424\u0438\u043d\u043b\u044f\u043d\u0434\u0438\u044f", "NAME_SV": "Finland", "NAME_TR": "Finlandiya", "NAME_UK": "\u0424\u0456\u043d\u043b\u044f\u043d\u0434\u0456\u044f", "NAME_UR": "\u0641\u0646 \u0644\u06cc\u0646\u0688", "NAME_VI": "Ph\u1ea7n Lan", "NAME_ZH": "\u82ac\u5170", "NAME_ZHT": "\u82ac\u862d", "FCLASS_ISO": "Admin-0 country", "TLC_DIFF": null, "FCLASS_TLC": "Admin-0 country", "FCLASS_US": null, "FCLASS_FR": null, "FCLASS_RU": null, "FCLASS_ES": null, "FCLASS_CN": null, "FCLASS_TW": null, "FCLASS_IN": null, "FCLASS_NP": null, "FCLASS_PK": null, "FCLASS_DE": null, "FCLASS_GB": null, "FCLASS_BR": null, "FCLASS_IL": null, "FCLASS_PS": null, "FCLASS_SA": null, "FCLASS_EG": null, "FCLASS_MA": null, "FCLASS_PT": null, "FCLASS_AR": null, "FCLASS_JP": null, "FCLASS_KO": null, "FCLASS_VN": null, "FCLASS_TR": null, "FCLASS_ID": null, "FCLASS_PL": null, "FCLASS_GR": null, "FCLASS_IT": null, "FCLASS_NL": null, "FCLASS_SE": null, "FCLASS_BD": null, "FCLASS_UA": null}, "bbox": [20.645593, 59.846373, 31.516092, 70.164193], "geometry": {"type": "Polygon", "coordinates": [[[28.59193, 69.064777], [31.516092, 62.867687], [22.869695, 59.846373], [25.398068, 65.111427], [22.356238, 68.841741], [28.59193, 69.064777]]]}}, {"type": "Feature", "properties": {"featurecla": "Admin-0 country", "scalerank": 1, "LABELRANK": 6, "SOVEREIGNT": "Slovakia", "SOV_A3": "SVK", "ADM0_DIF": 0, "LEVEL": 2, "TYPE": "Sovereign country", "TLC": "1", "ADMIN": "Slovakia", "ADM0_A3": "SVK", "GEOU_DIF": 0, "GEOUNIT": "Slovakia", "GU_A3": "SVK", "SU_DIF": 0, "SUBUNIT": "Slovakia", "SU_A3": "SVK", "BRK_DIFF": 0, "NAME": "Slovakia", "NAME_LONG": "Slovakia", "BRK_A3": "SVK", "BRK_NAME": "Slovakia", "BRK_GROUP": null, "ABBREV": "Svk.", "POSTAL": "SK", "FORMAL_EN": "Slovak Republic", "FORMAL_FR": null, "NAME_CIAWF": "Slovakia", "NOTE_ADM0": null, "NOTE_BRK": null, "NAME_SORT": "Slovak Republic", "NAME_ALT": null, "MAPCOLOR7": 2, "MAPCOLOR8": 4, "MAPCOLOR9": 4, "MAPCOLOR13": 9, "POP_EST": 5454073, "POP_RANK": 13, "POP_YEAR": 2019, "GDP_MD": 105079, "GDP_YEAR": 2019, "ECONOMY": "2. Developed region: nonG7", "INCOME_GRP": "1. High income: OECD", "FIPS_10": "LO", "ISO_A2": "SK", "ISO_A2_EH": "SK", "ISO_A3": "SVK", "ISO_A3_EH": "SVK", "ISO_N3": "703", "ISO_N3_EH": "703", "UN_A3": "703", "WB_A2": "SK", "WB_A3": "SVK", "WOE_ID": 23424877, "WOE_ID_EH": 23424877, "WOE_NOTE": "Exact WOE match as country", "ADM0_ISO": "SVK", "ADM0_DIFF": null, "ADM0_TLC": "SVK", "ADM0_A3_US": "SVK", "ADM0_A3_FR": "SVK", "ADM0_A3_RU": "SVK", "ADM0_A3_ES": "SVK", "ADM0_A3_CN": "SVK", "ADM0_A3_TW": "SVK", "ADM0_A3_IN": "SVK", "ADM0_A3_NP": "SVK", "ADM0_A3_PK": "SVK", "ADM0_A3_DE": "SVK", "ADM0_A3_GB": "SVK", "ADM0_A3_BR": "SVK", "ADM0_A3_IL": "SVK", "ADM0_A3_PS": "SVK", "ADM0_A3_SA": "SVK", "ADM0_A3_EG": "SVK", "ADM0_A3_MA": "SVK", "ADM0_A3_PT": "SVK", "ADM0_A3_AR": "SVK", "ADM0_A3_JP": "SVK", "ADM0_A3_KO": "SVK", "ADM0_A3_VN": "SVK", "ADM0_A3_TR": "SVK", "ADM0_A3_ID": "SVK", "ADM0_A3_PL": "SVK", "ADM0_A3_GR": "SVK", "ADM0_A3_IT": "SVK", "ADM0_A3_NL": "SVK", "ADM0_A3_SE": "SVK", "ADM0_A3_BD": "SVK", "ADM0_A3_UA": "SVK", "ADM0_A3_UN": -99, "ADM0_A3_WB": -99, "CONTINENT": "Europe", "REGION_UN": "Europe", "SUBREGION": "Eastern Europe", "REGION_WB": "Europe & Central Asia", "NAME_LEN": 8, "LONG_LEN": 8, "ABBREV_LEN": 4, "TINY": -99, "HOMEPART": 1, "MIN_ZOOM": 0, "MIN_LABEL": 4, "MAX_LABEL": 9, "LABEL_X": 19.049868, "LABEL_Y": 48.734044, "NE_ID": 1159321283, "WIKIDATAID": "Q214", "NAME_AR": "\u0633\u0644\u0648\u0641\u0627\u0643\u064a\u0627", "NAME_BN": "\u09b8\u09cd\u09b2\u09cb\u09ad\u09be\u0995\u09bf\u09af\u09bc\u09be", "NAME_DE": "Slowakei", "NAME_EN": "Slovakia", "NAME_ES": "Eslovaquia", "NAME_FA": "\u0627\u0633\u0644\u0648\u0627\u06a9\u06cc", "NAME_FR": "Slovaquie", "NAME_EL": "\u03a3\u03bb\u03bf\u03b2\u03b1\u03ba\u03af\u03b1", "NAME_HE": "\u05e1\u05dc\u05d5\u05d1\u05e7\u05d9\u05d4", "NAME_HI": "\u0938\u094d\u0932\u094b\u0935\u093e\u0915\u093f\u092f\u093e", "NAME_HU": "Szlov\u00e1kia", "NAME_ID": "Slowakia", "NAME_IT": "Slovacchia", "NAME_JA": "\u30b9\u30ed\u30d0\u30ad\u30a2", "NAME_KO": "\uc2ac\ub85c\ubc14\ud0a4\uc544", "NAME_NL": "Slowakije", "NAME_PL": "S\u0142owacja", "NAME_PT": "Eslov\u00e1quia", "NAME_RU": "\u0421\u043b\u043e\u0432\u0430\u043a\u0438\u044f", "NAME_SV": "Slovakien", "NAME_TR": "Slovakya", "NAME_UK": "\u0421\u043b\u043e\u0432\u0430\u0447\u0447\u0438\u043d\u0430", "NAME_UR": "\u0633\u0644\u0648\u0648\u0627\u06a9\u06cc\u06c1", "NAME_VI": "Slovakia", "NAME_ZH": "\u65af\u6d1b\u4f10\u514b", "NAME_ZHT": "\u65af\u6d1b\u4f10\u514b", "FCLASS_ISO": "Admin-0 country", "TLC_DIFF": null, "FCLASS_TLC": "Admin-0 country", "FCLASS_US": null, "FCLASS_FR": null, "FCLASS_RU": null, "FCLASS_ES": null, "FCLASS_CN": null, "FCLASS_TW": null, "FCLASS_IN": null, "FCLASS_NP": null, "FCLASS_PK": null, "FCLASS_DE": null, "FCLASS_GB": null, "FCLASS_BR": null, "FCLASS_IL": null, "FCLASS_PS": null, "FCLASS_SA": null, "FCLASS_EG": null, "FCLASS_MA": null, "FCLASS_PT": null, "FCLASS_AR": null, "FCLASS_JP": null, "FCLASS_KO": null, "FCLASS_VN": null, "FCLASS_TR": null, "FCLASS_ID": null, "FCLASS_PL": null, "FCLASS_GR": null, "FCLASS_IT": null, "FCLASS_NL": null, "FCLASS_SE": null, "FCLASS_BD": null, "FCLASS_UA": null}, "bbox": [16.879983, 47.758429, 22.558138, 49.571574], "geometry": {"type": "Polygon", "coordinates": [[[22.558138, 49.085738], [19.661364, 48.266615], [16.960288, 48.596982], [18.554971, 49.495015], [22.558138, 49.085738]]]}}, {"type": "Feature", "properties": {"featurecla": "Admin-0 country", "scalerank": 1, "LABELRANK": 5, "SOVEREIGNT": "Czechia", "SOV_A3": "CZE", "ADM0_DIF": 0, "LEVEL": 2, "TYPE": "Sovereign country", "TLC": "1", "ADMIN": "Czechia", "ADM0_A3": "CZE", "GEOU_DIF": 0, "GEOUNIT": "Czechia", "GU_A3": "CZE", "SU_DIF": 0, "SUBUNIT": "Czechia", "SU_A3": "CZE", "BRK_DIFF": 0, "NAME": "Czechia", "NAME_LONG": "Czech Republic", "BRK_A3": "CZE", "BRK_NAME": "Czechia", "BRK_GROUP": null, "ABBREV": "Cz.", "POSTAL": "CZ", "FORMAL_EN": "Czech Republic", "FORMAL_FR": "la R\u00e9publique tch\u00e8que", "NAME_CIAWF": "Czechia", "NOTE_ADM0": null, "NOTE_BRK": null, "NAME_SORT": "Czechia", "NAME_ALT": "\u010cesko", "MAPCOLOR7": 1, "MAPCOLOR8": 1, "MAPCOLOR9": 2, "MAPCOLOR13": 6, "POP_EST": 10669709, "POP_RANK": 14, "POP_YEAR": 2019, "GDP_MD": 250680, "GDP_YEAR": 2019, "ECONOMY": "2. Developed region: nonG7", "INCOME_GRP": "1. High income: OECD", "FIPS_10": "EZ", "ISO_A2": "CZ", "ISO_A2_EH": "CZ", "ISO_A3": "CZE", "ISO_A3_EH": "CZE", "ISO_N3": "203", "ISO_N3_EH": "203", "UN_A3": "203", "WB_A2": "CZ", "WB_A3": "CZE", "WOE_ID": 23424810, "WOE_ID_EH": 23424810, "WOE_NOTE": "Exact WOE match as country", "ADM0_ISO": "CZE", "ADM0_DIFF": null, "ADM0_TLC": "CZE", "ADM0_A3_US": "CZE", "ADM0_A3_FR": "CZE", "ADM0_A3_RU": "CZE", "ADM0_A3_ES": "CZE", "ADM0_A3_CN": "CZE", "ADM0_A3_TW": "CZE", "ADM0_A3_IN": "CZE", "ADM0_A3_NP": "CZE", "ADM0_A3_PK": "CZE", "ADM0_A3_DE": "CZE", "ADM0_A3_GB": "CZE", "ADM0_A3_BR": "CZE", "ADM0_A3_IL": "CZE", "ADM0_A3_PS": "CZE", "ADM0_A3_SA": "CZE", "ADM0_A3_EG": "CZE", "ADM0_A3_MA": "CZE", "ADM0_A3_PT": "CZE", "ADM0_A3_AR": "CZE", "ADM0_A3_JP": "CZE", "ADM0_A3_KO": "CZE", "ADM0_A3_VN": "CZE", "ADM0_A3_TR": "CZE", "ADM0_A3_ID": "CZE", "ADM0_A3_PL": "CZE", "ADM0_A3_GR": "CZE", "ADM0_A3_IT": "CZE", "ADM0_A3_NL": "CZE", "ADM0_A3_SE": "CZE", "ADM0_A3_BD": "CZE", "ADM0_A3_UA": "CZE", "ADM0_A3_UN": -99, "ADM0_A3_WB": -99, "CONTINENT": "Europe", "REGION_UN": "Europe", "SUBREGION": "Eastern Europe", "REGION_WB": "Europe & Central Asia", "NAME_LEN": 7, "LONG_LEN": 14, "ABBREV_LEN": 3, "TINY": -99, "HOMEPART": 1, "MIN_ZOOM": 0, "MIN_LABEL": 4, "MAX_LABEL": 9, "LABEL_X": 15.377555, "LABEL_Y": 49.882364, "NE_ID": 1159320535, "WIKIDATAID": "Q213", "NAME_AR": "\u0627\u0644\u062a\u0634\u064a\u0643", "NAME_BN": "\u099a\u09c7\u0995 \u09aa\u09cd\u09b0\u099c\u09be\u09a4\u09a8\u09cd\u09a4\u09cd\u09b0", "NAME_DE": "Tschechien", "NAME_EN": "Czech Republic", "NAME_ES": "Rep\u00fablica Checa", "NAME_FA": "\u062c\u0645\u0647\u0648\u0631\u06cc \u0686\u06a9", "NAME_FR": "Tch\u00e9quie", "NAME_EL": "\u03a4\u03c3\u03b5\u03c7\u03af\u03b1", "NAME_HE": "\u05e6'\u05db\u05d9\u05d4", "NAME_HI": "\u091a\u0947\u0915 \u0917\u0923\u0930\u093e\u091c\u094d\u092f", "NAME_HU": "Csehorsz\u00e1g", "NAME_ID": "Republik Ceko", "NAME_IT": "Repubblica Ceca", "NAME_JA": "\u30c1\u30a7\u30b3", "NAME_KO": "\uccb4\ucf54", "NAME_NL": "Tsjechi\u00eb", "NAME_PL": "Czechy", "NAME_PT": "Ch\u00e9quia", "NAME_RU": "\u0427\u0435\u0445\u0438\u044f", "NAME_SV": "Tjeckien", "NAME_TR": "\u00c7ek Cumhuriyeti", "NAME_UK": "\u0427\u0435\u0445\u0456\u044f", "NAME_UR": "\u0686\u06cc\u06a9 \u062c\u0645\u06c1\u0648\u0631\u06cc\u06c1", "NAME_VI": "C\u1ed9ng h\u00f2a S\u00e9c", "NAME_ZH": "\u6377\u514b", "NAME_ZHT": "\u6377\u514b\u5171\u548c\u570b", "FCLASS_ISO": "Admin-0 country", "TLC_DIFF": null, "FCLASS_TLC": "Admin-0 country", "FCLASS_US": null, "FCLASS_FR": null, "FCLASS_RU": null, "FCLASS_ES": null, "FCLASS_CN": null, "FCLASS_TW": null, "FCLASS_IN": null, "FCLASS_NP": null, "FCLASS_PK": null, "FCLASS_DE": null, "FCLASS_GB": null, "FCLASS_BR": null, "FCLASS_IL": null, "FCLASS_PS": null, "FCLASS_SA": null, "FCLASS_EG": null, "FCLASS_MA": null, "FCLASS_PT": null, "FCLASS_AR": null, "FCLASS_JP": null, "FCLASS_KO": null, "FCLASS_VN": null, "FCLASS_TR": null, "FCLASS_ID": null, "FCLASS_PL": null, "FCLASS_GR": null, "FCLASS_IT": null, "FCLASS_NL": null, "FCLASS_SE": null, "FCLASS_BD": null, "FCLASS_UA": null}, "bbox": [12.240111, 48.555305, 18.853144, 51.117268], "geometry": {"type": "Polygon", "coordinates": [[[15.016996, 51.106674], [18.392914, 49.988629], [17.545007, 48.800019], [13.595946, 48.877172], [14.307013, 51.117268], [15.016996, 51.106674]]]}}, {"type": "Feature", "properties": {"featurecla": "Admin-0 country", "scalerank": 1, "LABELRANK": 4, "SOVEREIGNT": "Eritrea", "SOV_A3": "ERI", "ADM0_DIF": 0, "LEVEL": 2, "TYPE": "Sovereign country", "TLC": "1", "ADMIN": "Eritrea", "ADM0_A3": "ERI", "GEOU_DIF": 0, "GEOUNIT": "Eritrea", "GU_A3": "ERI", "SU_DIF": 0, "SUBUNIT": "Eritrea", "SU_A3": "ERI", "BRK_DIFF": 0, "NAME": "Eritrea", "NAME_LONG": "Eritrea", "BRK_A3": "ERI", "BRK_NAME": "Eritrea", "BRK_GROUP": null, "ABBREV": "Erit.", "POSTAL": "ER", "FORMAL_EN": "State of Eritrea", "FORMAL_FR": null, "NAME_CIAWF": "Eritrea", "NOTE_ADM0": null, "NOTE_BRK": null, "NAME_SORT": "Eritrea", "NAME_ALT": null, "MAPCOLOR7": 3, "MAPCOLOR8": 1, "MAPCOLOR9": 2, "MAPCOLOR13": 12, "POP_EST": 6081196, "POP_RANK": 13, "POP_YEAR": 2020, "GDP_MD": 2065, "GDP_YEAR": 2011, "ECONOMY": "7. Least developed region", "INCOME_GRP": "5. Low income", "FIPS_10": "ER", "ISO_A2": "ER", "ISO_A2_EH": "ER", "ISO_A3": "ERI", "ISO_A3_EH": "ERI", "ISO_N3": "232", "ISO_N3_EH": "232", "UN_A3": "232", "WB_A2": "ER", "WB_A3": "ERI", "WOE_ID": 23424806, "WOE_ID_EH": 23424806, "WOE_NOTE": "Exact WOE match as country", "ADM0_ISO": "ERI", "ADM0_DIFF": null, "ADM0_TLC": "ERI", "ADM0_A3_US": "ERI", "ADM0_A3_FR": "ERI", "ADM0_A3_RU": "ERI", "ADM0_A3_ES": "ERI", "ADM0_A3_CN": "ERI", "ADM0_A3_TW": "ERI", "ADM0_A3_IN": "ERI", "ADM0_A3_NP": "ERI", "ADM0_A3_PK": "ERI", "ADM0_A3_DE": "ERI", "ADM0_A3_GB": "ERI", "ADM0_A3_BR": "ERI", "ADM0_A3_IL": "ERI", "ADM0_A3_PS": "ERI", "ADM0_A3_SA": "ERI", "ADM0_A3_EG": "ERI", "ADM0_A3_MA": "ERI", "ADM0_A3_PT": "ERI", "ADM0_A3_AR": "ERI", "ADM0_A3_JP": "ERI", "ADM0_A3_KO": "ERI", "ADM0_A3_VN": "ERI", "ADM0_A3_TR": "ERI", "ADM0_A3_ID": "ERI", "ADM0_A3_PL": "ERI", "ADM0_A3_GR": "ERI", "ADM0_A3_IT": "ERI", "ADM0_A3_NL": "ERI", "ADM0_A3_SE": "ERI", "ADM0_A3_BD": "ERI", "ADM0_A3_UA": "ERI", "ADM0_A3_UN": -99, "ADM0_A3_WB": -99, "CONTINENT": "Africa", "REGION_UN": "Africa", "SUBREGION": "Eastern Africa", "REGION_WB": "Sub-Saharan Africa", "NAME_LEN": 7, "LONG_LEN": 7, "ABBREV_LEN": 5, "TINY": -99, "HOMEPART": 1, "MIN_ZOOM": 0, "MIN_LABEL": 4, "MAX_LABEL": 9, "LABEL_X": 38.285566, "LABEL_Y": 15.787401, "NE_ID": 1159320581, "WIKIDATAID": "Q986", "NAME_AR": "\u0625\u0631\u064a\u062a\u0631\u064a\u0627", "NAME_BN": "\u0987\u09b0\u09bf\u09a4\u09cd\u09b0\u09bf\u09af\u09bc\u09be", "NAME_DE": "Eritrea", "NAME_EN": "Eritrea", "NAME_ES": "Eritrea", "NAME_FA": "\u0627\u0631\u06cc\u062a\u0631\u0647", "NAME_FR": "\u00c9rythr\u00e9e", "NAME_EL": "\u0395\u03c1\u03c5\u03b8\u03c1\u03b1\u03af\u03b1", "NAME_HE": "\u05d0\u05e8\u05d9\u05ea\u05e8\u05d9\u05d0\u05d4", "NAME_HI": "\u0907\u0930\u093f\u0924\u094d\u0930\u093f\u092f\u093e", "NAME_HU": "Eritrea", "NAME_ID": "Eritrea", "NAME_IT": "Eritrea", "NAME_JA": "\u30a8\u30ea\u30c8\u30ea\u30a2", "NAME_KO": "\uc5d0\ub9ac\ud2b8\ub808\uc544", "NAME_NL": "Eritrea", "NAME_PL": "Erytrea", "NAME_PT": "Eritreia", "NAME_RU": "\u042d\u0440\u0438\u0442\u0440\u0435\u044f", "NAME_SV": "Eritrea", "NAME_TR": "Eritre", "NAME_UK": "\u0415\u0440\u0438\u0442\u0440\u0435\u044f", "NAME_UR": "\u0627\u0631\u06cc\u062a\u0631\u06cc\u0627", "NAME_VI": "Eritrea", "NAME_ZH": "\u5384\u7acb\u7279\u91cc\u4e9a", "NAME_ZHT": "\u5384\u5229\u5782\u4e9e", "FCLASS_ISO": "Admin-0 country", "TLC_DIFF": null, "FCLASS_TLC": "Admin-0 country", "FCLASS_US": null, "FCLASS_FR": null, "FCLASS_RU": null, "FCLASS_ES": null, "FCLASS_CN": null, "FCLASS_TW": null, "FCLASS_IN": null, "FCLASS_NP": null, "FCLASS_PK": null, "FCLASS_DE": null, "FCLASS_GB": null, "FCLASS_BR": null, "FCLASS_IL": null, "FCLASS_PS": null, "FCLASS_SA": null, "FCLASS_EG": null, "FCLASS_MA": null, "FCLASS_PT": null, "FCLASS_AR": null, "FCLASS_JP": null, "FCLASS_KO": null, "FCLASS_VN": null, "FCLASS_TR": null, "FCLASS_ID": null, "FCLASS_PL": null, "FCLASS_GR": null, "FCLASS_IT": null, "FCLASS_NL": null, "FCLASS_SE": null, "FCLASS_BD": null, "FCLASS_UA": null}, "bbox": [36.32322, 12.455416, 43.081226, 17.998307], "geometry": {"type": "Polygon", "coordinates": [[[36.42951, 14.42211], [39.26611, 15.922723], [42.35156, 12.54223], [38.51295, 14.50547], [36.42951, 14.42211]]]}}, {"type": "Feature", "properties": {"featurecla": "Admin-0 country", "scalerank": 1, "LABELRANK": 2, "SOVEREIGNT": "Japan", "SOV_A3": "JPN", "ADM0_DIF": 0, "LEVEL": 2, "TYPE": "Sovereign country", "TLC": "1", "ADMIN": "Japan", "ADM0_A3": "JPN", "GEOU_DIF": 0, "GEOUNIT": "Japan", "GU_A3": "JPN", "SU_DIF": 0, "SUBUNIT": "Japan", "SU_A3": "JPN", "BRK_DIFF": 0, "NAME": "Japan", "NAME_LONG": "Japan", "BRK_A3": "JPN", "BRK_NAME": "Japan", "BRK_GROUP": null, "ABBREV": "Japan", "POSTAL": "J", "FORMAL_EN": "Japan", "FORMAL_FR": null, "NAME_CIAWF": "Japan", "NOTE_ADM0": null, "NOTE_BRK": null, "NAME_SORT": "Japan", "NAME_ALT": null, "MAPCOLOR7": 5, "MAPCOLOR8": 3, "MAPCOLOR9": 5, "MAPCOLOR13": 4, "POP_EST": 126264931, "POP_RANK": 17, "POP_YEAR": 2019, "GDP_MD": 5081769, "GDP_YEAR": 2019, "ECONOMY": "1. Developed region: G7", "INCOME_GRP": "1. High income: OECD", "FIPS_10": "JA", "ISO_A2": "JP", "ISO_A2_EH": "JP", "ISO_A3": "JPN", "ISO_A3_EH": "JPN", "ISO_N3": "392", "ISO_N3_EH": "392", "UN_A3": "392", "WB_A2": "JP", "WB_A3": "JPN", "WOE_ID": 23424856, "WOE_ID_EH": 23424856, "WOE_NOTE": "Exact WOE match as country", "ADM0_ISO": "JPN", "ADM0_DIFF": null, "ADM0_TLC": "JPN", "ADM0_A3_US": "JPN", "ADM0_A3_FR": "JPN", "ADM0_A3_RU": "JPN", "ADM0_A3_ES": "JPN", "ADM0_A3_CN": "JPN", "ADM0_A3_TW": "JPN", "ADM0_A3_IN": "JPN", "ADM0_A3_NP": "JPN", "ADM0_A3_PK": "JPN", "ADM0_A3_DE": "JPN", "ADM0_A3_GB": "JPN", "ADM0_A3_BR": "JPN", "ADM0_A3_IL": "JPN", "ADM0_A3_PS": "JPN", "ADM0_A3_SA": "JPN", "ADM0_A3_EG": "JPN", "ADM0_A3_MA": "JPN", "ADM0_A3_PT": "JPN", "ADM0_A3_AR": "JPN", "ADM0_A3_JP": "JPN", "ADM0_A3_KO": "JPN", "ADM0_A3_VN": "JPN", "ADM0_A3_TR": "JPN", "ADM0_A3_ID": "JPN", "ADM0_A3_PL": "JPN", "ADM0_A3_GR": "JPN", "ADM0_A3_IT": "JPN", "ADM0_A3_NL": "JPN", "ADM0_A3_SE": "JPN", "ADM0_A3_BD": "JPN", "ADM0_A3_UA": "JPN", "ADM0_A3_UN": -99, "ADM0_A3_WB": -99, "CONTINENT": "Asia", "REGION_UN": "Asia", "SUBREGION": "Eastern Asia", "REGION_WB": "East Asia & Pacific", "NAME_LEN": 5, "LONG_LEN": 5, "ABBREV_LEN": 5, "TINY": -99, "HOMEPART": 1, "MIN_ZOOM": 0, "MIN_LABEL": 1.7, "MAX_LABEL": 7, "LABEL_X": 138.44217, "LABEL_Y": 36.142538, "NE_ID": 1159320937, "WIKIDATAID": "Q17", "NAME_AR": "\u0627\u0644\u064a\u0627\u0628\u0627\u0646", "NAME_BN": "\u099c\u09be\u09aa\u09be\u09a8", "NAME_DE": "Japan", "NAME_EN": "Japan", "NAME_ES": "Jap\u00f3n", "NAME_FA": "\u0698\u0627\u067e\u0646", "NAME_FR": "Japon", "NAME_EL": "\u0399\u03b1\u03c0\u03c9\u03bd\u03af\u03b1", "NAME_HE": "\u05d9\u05e4\u05df", "NAME_HI": "\u091c\u093e\u092a\u093e\u0928", "NAME_HU": "Jap\u00e1n", "NAME_ID": "Jepang", "NAME_IT": "Giappone", "NAME_JA": "\u65e5\u672c", "NAME_KO": "\uc77c\ubcf8", "NAME_NL": "Japan", "NAME_PL": "Japonia", "NAME_PT": "Jap\u00e3o", "NAME_RU": "\u042f\u043f\u043e\u043d\u0438\u044f", "NAME_SV": "Japan", "NAME_TR": "Japonya", "NAME_UK": "\u042f\u043f\u043e\u043d\u0456\u044f", "NAME_UR": "\u062c\u0627\u067e\u0627\u0646", "NAME_VI": "Nh\u1eadt B\u1ea3n", "NAME_ZH": "\u65e5\u672c", "NAME_ZHT": "\u65e5\u672c", "FCLASS_ISO": "Admin-0 country", "TLC_DIFF": null, "FCLASS_TLC": "Admin-0 country", "FCLASS_US": null, "FCLASS_FR": null, "FCLASS_RU": null, "FCLASS_ES": null, "FCLASS_CN": null, "FCLASS_TW": null, "FCLASS_IN": null, "FCLASS_NP": null, "FCLASS_PK": null, "FCLASS_DE": null, "FCLASS_GB": null, "FCLASS_BR": null, "FCLASS_IL": null, "FCLASS_PS": null, "FCLASS_SA": null, "FCLASS_EG": null, "FCLASS_MA": null, "FCLASS_PT": null, "FCLASS_AR": null, "FCLASS_JP": null, "FCLASS_KO": null, "FCLASS_VN": null, "FCLASS_TR": null, "FCLASS_ID": null, "FCLASS_PL": null, "FCLASS_GR": null, "FCLASS_IT": null, "FCLASS_NL": null, "FCLASS_SE": null, "FCLASS_BD": null, "FCLASS_UA": null}, "bbox": [129.408463, 31.029579, 145.543137, 45.551483], "geometry": {"type": "MultiPolygon", "coordinates": [[[[141.884601, 39.180865], [135.792983, 33.464805], [130.686318, 31.029579], [132.617673, 35.433393], [139.883379, 40.563312], [141.884601, 39.180865]]], [[[144.613427, 43.960883], [139.817544, 42.563759], [144.613427, 43.960883]]], [[[132.371176, 33.463642], [133.280268, 33.28957], [132.371176, 33.463642]]]]}}, {"type": "Feature", "properties": {"featurecla": "Admin-0 country", "scalerank": 1, "LABELRANK": 4, "SOVEREIGNT": "Paraguay", "SOV_A3": "PRY", "ADM0_DIF": 0, "LEVEL": 2, "TYPE": "Sovereign country", "TLC": "1", "ADMIN": "Paraguay", "ADM0_A3": "PRY", "GEOU_DIF": 0, "GEOUNIT": "Paraguay", "GU_A3": "PRY", "SU_DIF": 0, "SUBUNIT": "Paraguay", "SU_A3": "PRY", "BRK_DIFF": 0, "NAME": "Paraguay", "NAME_LONG": "Paraguay", "BRK_A3": "PRY", "BRK_NAME": "Paraguay", "BRK_GROUP": null, "ABBREV": "Para.", "POSTAL": "PY", "FORMAL_EN": "Republic of Paraguay", "FORMAL_FR": null, "NAME_CIAWF": "Paraguay", "NOTE_ADM0": null, "NOTE_BRK": null, "NAME_SORT": "Paraguay", "NAME_ALT": null, "MAPCOLOR7": 6, "MAPCOLOR8": 3, "MAPCOLOR9": 6, "MAPCOLOR13": 2, "POP_EST": 7044636, "POP_RANK": 13, "POP_YEAR": 2019, "GDP_MD": 38145, "GDP_YEAR": 2019, "ECONOMY": "5. Emerging region: G20", "INCOME_GRP": "4. Lower middle income", "FIPS_10": "PA", "ISO_A2": "PY", "ISO_A2_EH": "PY", "ISO_A3": "PRY", "ISO_A3_EH": "PRY", "ISO_N3": "600", "ISO_N3_EH": "600", "UN_A3": "600", "WB_A2": "PY", "WB_A3": "PRY", "WOE_ID": 23424917, "WOE_ID_EH": 23424917, "WOE_NOTE": "Exact WOE match as country", "ADM0_ISO": "PRY", "ADM0_DIFF": null, "ADM0_TLC": "PRY", "ADM0_A3_US": "PRY", "ADM0_A3_FR": "PRY", "ADM0_A3_RU": "PRY", "ADM0_A3_ES": "PRY", "ADM0_A3_CN": "PRY", "ADM0_A3_TW": "PRY", "ADM0_A3_IN": "PRY", "ADM0_A3_NP": "PRY", "ADM0_A3_PK": "PRY", "ADM0_A3_DE": "PRY", "ADM0_A3_GB": "PRY", "ADM0_A3_BR": "PRY", "ADM0_A3_IL": "PRY", "ADM0_A3_PS": "PRY", "ADM0_A3_SA": "PRY", "ADM0_A3_EG": "PRY", "ADM0_A3_MA": "PRY", "ADM0_A3_PT": "PRY", "ADM0_A3_AR": "PRY", "ADM0_A3_JP": "PRY", "ADM0_A3_KO": "PRY", "ADM0_A3_VN": "PRY", "ADM0_A3_TR": "PRY", "ADM0_A3_ID": "PRY", "ADM0_A3_PL": "PRY", "ADM0_A3_GR": "PRY", "ADM0_A3_IT": "PRY", "ADM0_A3_NL": "PRY", "ADM0_A3_SE": "PRY", "ADM0_A3_BD": "PRY", "ADM0_A3_UA": "PRY", "ADM0_A3_UN": -99, "ADM0_A3_WB": -99, "CONTINENT": "South America", "REGION_UN": "Americas", "SUBREGION": "South America", "REGION_WB": "Latin America & Caribbean", "NAME_LEN": 8, "LONG_LEN": 8, "ABBREV_LEN": 5, "TINY": -99, "HOMEPART": 1, "MIN_ZOOM": 0, "MIN_LABEL": 3, "MAX_LABEL": 8, "LABEL_X": -60.146394, "LABEL_Y": -21.674509, "NE_ID": 1159321195, "WIKIDATAID": "Q733", "NAME_AR": "\u0628\u0627\u0631\u0627\u063a\u0648\u0627\u064a", "NAME_BN": "\u09aa\u09cd\u09af\u09be\u09b0\u09be\u0997\u09c1\u09af\u09bc\u09c7", "NAME_DE": "Paraguay", "NAME_EN": "Paraguay", "NAME_ES": "Paraguay", "NAME_FA": "\u067e\u0627\u0631\u0627\u06af\u0648\u0626\u0647", "NAME_FR": "Paraguay", "NAME_EL": "\u03a0\u03b1\u03c1\u03b1\u03b3\u03bf\u03c5\u03ac\u03b7", "NAME_HE": "\u05e4\u05e8\u05d2\u05d5\u05d5\u05d0\u05d9", "NAME_HI": "\u092a\u0948\u0930\u093e\u0917\u094d\u0935\u0947", "NAME_HU": "Paraguay", "NAME_ID": "Paraguay", "NAME_IT": "Paraguay", "NAME_JA": "\u30d1\u30e9\u30b0\u30a2\u30a4", "NAME_KO": "\ud30c\ub77c\uacfc\uc774", "NAME_NL": "Paraguay", "NAME_PL": "Paragwaj", "NAME_PT": "Paraguai", "NAME_RU": "\u041f\u0430\u0440\u0430\u0433\u0432\u0430\u0439", "NAME_SV": "Paraguay", "NAME_TR": "Paraguay", "NAME_UK": "\u041f\u0430\u0440\u0430\u0433\u0432\u0430\u0439", "NAME_UR": "\u067e\u06cc\u0631\u0627\u06af\u0648\u0626\u06d2", "NAME_VI": "Paraguay", "NAME_ZH": "\u5df4\u62c9\u572d", "NAME_ZHT": "\u5df4\u62c9\u572d", "FCLASS_ISO": "Admin-0 country", "TLC_DIFF": null, "FCLASS_TLC": "Admin-0 country", "FCLASS_US": null, "FCLASS_FR": null, "FCLASS_RU": null, "FCLASS_ES": null, "FCLASS_CN": null, "FCLASS_TW": null, "FCLASS_IN": null, "FCLASS_NP": null, "FCLASS_PK": null, "FCLASS_DE": null, "FCLASS_GB": null, "FCLASS_BR": null, "FCLASS_IL": null, "FCLASS_PS": null, "FCLASS_SA": null, "FCLASS_EG": null, "FCLASS_MA": null, "FCLASS_PT": null, "FCLASS_AR": null, "FCLASS_JP": null, "FCLASS_KO": null, "FCLASS_VN": null, "FCLASS_TR": null, "FCLASS_ID": null, "FCLASS_PL": null, "FCLASS_GR": null, "FCLASS_IT": null, "FCLASS_NL": null, "FCLASS_SE": null, "FCLASS_BD": null, "FCLASS_UA": null}, "bbox": [-62.685057, -27.548499, -54.29296, -19.342747], "geometry": {"type": "Polygon", "coordinates": [[[-58.166392, -20.176701], [-55.400747, -23.956935], [-55.695846, -27.387837], [-60.846565, -23.880713], [-58.166392, -20.176701]]]}}, {"type": "Feature", "properties": {"featurecla": "Admin-0 country", "scalerank": 1, "LABELRANK": 3, "SOVEREIGNT": "Yemen", "SOV_A3": "YEM", "ADM0_DIF": 0, "LEVEL": 2, "TYPE": "Sovereign country", "TLC": "1", "ADMIN": "Yemen", "ADM0_A3": "YEM", "GEOU_DIF": 0, "GEOUNIT": "Yemen", "GU_A3": "YEM", "SU_DIF": 0, "SUBUNIT": "Yemen", "SU_A3": "YEM", "BRK_DIFF": 0, "NAME": "Yemen", "NAME_LONG": "Yemen", "BRK_A3": "YEM", "BRK_NAME": "Yemen", "BRK_GROUP": null, "ABBREV": "Yem.", "POSTAL": "YE", "FORMAL_EN": "Republic of Yemen", "FORMAL_FR": null, "NAME_CIAWF": "Yemen", "NOTE_ADM0": null, "NOTE_BRK": null, "NAME_SORT": "Yemen, Rep.", "NAME_ALT": null, "MAPCOLOR7": 5, "MAPCOLOR8": 3, "MAPCOLOR9": 3, "MAPCOLOR13": 11, "POP_EST": 29161922, "POP_RANK": 15, "POP_YEAR": 2019, "GDP_MD": 22581, "GDP_YEAR": 2019, "ECONOMY": "7. Least developed region", "INCOME_GRP": "4. Lower middle income", "FIPS_10": "YM", "ISO_A2": "YE", "ISO_A2_EH": "YE", "ISO_A3": "YEM", "ISO_A3_EH": "YEM", "ISO_N3": "887", "ISO_N3_EH": "887", "UN_A3": "887", "WB_A2": "RY", "WB_A3": "YEM", "WOE_ID": 23425002, "WOE_ID_EH": 23425002, "WOE_NOTE": "Exact WOE match as country", "ADM0_ISO": "YEM", "ADM0_DIFF": null, "ADM0_TLC": "YEM", "ADM0_A3_US": "YEM", "ADM0_A3_FR": "YEM", "ADM0_A3_RU": "YEM", "ADM0_A3_ES": "YEM", "ADM0_A3_CN": "YEM", "ADM0_A3_TW": "YEM", "ADM0_A3_IN": "YEM", "ADM0_A3_NP": "YEM", "ADM0_A3_PK": "YEM", "ADM0_A3_DE": "YEM", "ADM0_A3_GB": "YEM", "ADM0_A3_BR": "YEM", "ADM0_A3_IL": "YEM", "ADM0_A3_PS": "YEM", "ADM0_A3_SA": "YEM", "ADM0_A3_EG": "YEM", "ADM0_A3_MA": "YEM", "ADM0_A3_PT": "YEM", "ADM0_A3_AR": "YEM", "ADM0_A3_JP": "YEM", "ADM0_A3_KO": "YEM", "ADM0_A3_VN": "YEM", "ADM0_A3_TR": "YEM", "ADM0_A3_ID": "YEM", "ADM0_A3_PL": "YEM", "ADM0_A3_GR": "YEM", "ADM0_A3_IT": "YEM", "ADM0_A3_NL": "YEM", "ADM0_A3_SE": "YEM", "ADM0_A3_BD": "YEM", "ADM0_A3_UA": "YEM", "ADM0_A3_UN": -99, "ADM0_A3_WB": -99, "CONTINENT": "Asia", "REGION_UN": "Asia", "SUBREGION": "Western Asia", "REGION_WB": "Middle East & North Africa", "NAME_LEN": 5, "LONG_LEN": 5, "ABBREV_LEN": 4, "TINY": -99, "HOMEPART": 1, "MIN_ZOOM": 0, "MIN_LABEL": 3, "MAX_LABEL": 8, "LABEL_X": 45.874383, "LABEL_Y": 15.328226, "NE_ID": 1159321425, "WIKIDATAID": "Q805", "NAME_AR": "\u0627\u0644\u064a\u0645\u0646", "NAME_BN": "\u0987\u09af\u09bc\u09c7\u09ae\u09c7\u09a8", "NAME_DE": "Jemen", "NAME_EN": "Yemen", "NAME_ES": "Yemen", "NAME_FA": "\u06cc\u0645\u0646", "NAME_FR": "Y\u00e9men", "NAME_EL": "\u03a5\u03b5\u03bc\u03ad\u03bd\u03b7", "NAME_HE": "\u05ea\u05d9\u05de\u05df", "NAME_HI": "\u092f\u092e\u0928", "NAME_HU": "Jemen", "NAME_ID": "Yaman", "NAME_IT": "Yemen", "NAME_JA": "\u30a4\u30a8\u30e1\u30f3", "NAME_KO": "\uc608\uba58", "NAME_NL": "Jemen", "NAME_PL": "Jemen", "NAME_PT": "I\u00e9men", "NAME_RU": "\u0419\u0435\u043c\u0435\u043d", "NAME_SV": "Jemen", "NAME_TR": "Yemen", "NAME_UK": "\u0404\u043c\u0435\u043d", "NAME_UR": "\u06cc\u0645\u0646", "NAME_VI": "Yemen", "NAME_ZH": "\u4e5f\u95e8", "NAME_ZHT": "\u8449\u9580", "FCLASS_ISO": "Admin-0 country", "TLC_DIFF": null, "FCLASS_TLC": "Admin-0 country", "FCLASS_US": null, "FCLASS_FR": null, "FCLASS_RU": null, "FCLASS_ES": null, "FCLASS_CN": null, "FCLASS_TW": null, "FCLASS_IN": null, "FCLASS_NP": null, "FCLASS_PK": null, "FCLASS_DE": null, "FCLASS_GB": null, "FCLASS_BR": null, "FCLASS_IL": null, "FCLASS_PS": null, "FCLASS_SA": null, "FCLASS_EG": null, "FCLASS_MA": null, "FCLASS_PT": null, "FCLASS_AR": null, "FCLASS_JP": null, "FCLASS_KO": null, "FCLASS_VN": null, "FCLASS_TR": null, "FCLASS_ID": null, "FCLASS_PL": null, "FCLASS_GR": null, "FCLASS_IT": null, "FCLASS_NL": null, "FCLASS_SE": null, "FCLASS_BD": null, "FCLASS_UA": null}, "bbox": [42.604873, 12.58595, 53.108573, 19.000003], "geometry": {"type": "Polygon", "coordinates": [[[52.00001, 19.000003], [48.679231, 14.003202], [45.144356, 12.953938], [42.892245, 14.802249], [43.380794, 17.579987], [47.466695, 17.116682], [52.00001, 19.000003]]]}}, {"type": "Feature", "properties": {"featurecla": "Admin-0 country", "scalerank": 1, "LABELRANK": 2, "SOVEREIGNT": "Saudi Arabia", "SOV_A3": "SAU", "ADM0_DIF": 0, "LEVEL": 2, "TYPE": "Sovereign country", "TLC": "1", "ADMIN": "Saudi Arabia", "ADM0_A3": "SAU", "GEOU_DIF": 0, "GEOUNIT": "Saudi Arabia", "GU_A3": "SAU", "SU_DIF": 0, "SUBUNIT": "Saudi Arabia", "SU_A3": "SAU", "BRK_DIFF": 0, "NAME": "Saudi Arabia", "NAME_LONG": "Saudi Arabia", "BRK_A3": "SAU", "BRK_NAME": "Saudi Arabia", "BRK_GROUP": null, "ABBREV": "Saud.", "POSTAL": "SA", "FORMAL_EN": "Kingdom of Saudi Arabia", "FORMAL_FR": null, "NAME_CIAWF": "Saudi Arabia", "NOTE_ADM0": null, "NOTE_BRK": null, "NAME_SORT": "Saudi Arabia", "NAME_ALT": null, "MAPCOLOR7": 6, "MAPCOLOR8": 1, "MAPCOLOR9": 6, "MAPCOLOR13": 7, "POP_EST": 34268528, "POP_RANK": 15, "POP_YEAR": 2019, "GDP_MD": 792966, "GDP_YEAR": 2019, "ECONOMY": "2. Developed region: nonG7", "INCOME_GRP": "2. High income: nonOECD", "FIPS_10": "SA", "ISO_A2": "SA", "ISO_A2_EH": "SA", "ISO_A3": "SAU", "ISO_A3_EH": "SAU", "ISO_N3": "682", "ISO_N3_EH": "682", "UN_A3": "682", "WB_A2": "SA", "WB_A3": "SAU", "WOE_ID": 23424938, "WOE_ID_EH": 23424938, "WOE_NOTE": "Exact WOE match as country", "ADM0_ISO": "SAU", "ADM0_DIFF": null, "ADM0_TLC": "SAU", "ADM0_A3_US": "SAU", "ADM0_A3_FR": "SAU", "ADM0_A3_RU": "SAU", "ADM0_A3_ES": "SAU", "ADM0_A3_CN": "SAU", "ADM0_A3_TW": "SAU", "ADM0_A3_IN": "SAU", "ADM0_A3_NP": "SAU", "ADM0_A3_PK": "SAU", "ADM0_A3_DE": "SAU", "ADM0_A3_GB": "SAU", "ADM0_A3_BR": "SAU", "ADM0_A3_IL": "SAU", "ADM0_A3_PS": "SAU", "ADM0_A3_SA": "SAU", "ADM0_A3_EG": "SAU", "ADM0_A3_MA": "SAU", "ADM0_A3_PT": "SAU", "ADM0_A3_AR": "SAU", "ADM0_A3_JP": "SAU", "ADM0_A3_KO": "SAU", "ADM0_A3_VN": "SAU", "ADM0_A3_TR": "SAU", "ADM0_A3_ID": "SAU", "ADM0_A3_PL": "SAU", "ADM0_A3_GR": "SAU", "ADM0_A3_IT": "SAU", "ADM0_A3_NL": "SAU", "ADM0_A3_SE": "SAU", "ADM0_A3_BD": "SAU", "ADM0_A3_UA": "SAU", "ADM0_A3_UN": -99, "ADM0_A3_WB": -99, "CONTINENT": "Asia", "REGION_UN": "Asia", "SUBREGION": "Western Asia", "REGION_WB": "Middle East & North Africa", "NAME_LEN": 12, "LONG_LEN": 12, "ABBREV_LEN": 5, "TINY": -99, "HOMEPART": 1, "MIN_ZOOM": 0, "MIN_LABEL": 1.7, "MAX_LABEL": 7, "LABEL_X": 44.6996, "LABEL_Y": 23.806908, "NE_ID": 1159321225, "WIKIDATAID": "Q851", "NAME_AR": "\u0627\u0644\u0633\u0639\u0648\u062f\u064a\u0629", "NAME_BN": "\u09b8\u09cc\u09a6\u09bf \u0986\u09b0\u09ac", "NAME_DE": "Saudi-Arabien", "NAME_EN": "Saudi Arabia", "NAME_ES": "Arabia Saudita", "NAME_FA": "\u0639\u0631\u0628\u0633\u062a\u0627\u0646 \u0633\u0639\u0648\u062f\u06cc", "NAME_FR": "Arabie saoudite", "NAME_EL": "\u03a3\u03b1\u03bf\u03c5\u03b4\u03b9\u03ba\u03ae \u0391\u03c1\u03b1\u03b2\u03af\u03b1", "NAME_HE": "\u05e2\u05e8\u05d1 \u05d4\u05e1\u05e2\u05d5\u05d3\u05d9\u05ea", "NAME_HI": "\u0938\u0909\u0926\u0940 \u0905\u0930\u092c", "NAME_HU": "Sza\u00fad-Ar\u00e1bia", "NAME_ID": "Arab Saudi", "NAME_IT": "Arabia Saudita", "NAME_JA": "\u30b5\u30a6\u30b8\u30a2\u30e9\u30d3\u30a2", "NAME_KO": "\uc0ac\uc6b0\ub514\uc544\ub77c\ube44\uc544", "NAME_NL": "Saoedi-Arabi\u00eb", "NAME_PL": "Arabia Saudyjska", "NAME_PT": "Ar\u00e1bia Saudita", "NAME_RU": "\u0421\u0430\u0443\u0434\u043e\u0432\u0441\u043a\u0430\u044f \u0410\u0440\u0430\u0432\u0438\u044f", "NAME_SV": "Saudiarabien", "NAME_TR": "Suudi Arabistan", "NAME_UK": "\u0421\u0430\u0443\u0434\u0456\u0432\u0441\u044c\u043a\u0430 \u0410\u0440\u0430\u0432\u0456\u044f", "NAME_UR": "\u0633\u0639\u0648\u062f\u06cc \u0639\u0631\u0628", "NAME_VI": "\u1ea2 R\u1eadp Saudi", "NAME_ZH": "\u6c99\u7279\u963f\u62c9\u4f2f", "NAME_ZHT": "\u6c99\u70cf\u5730\u963f\u62c9\u4f2f", "FCLASS_ISO": "Admin-0 country", "TLC_DIFF": null, "FCLASS_TLC": "Admin-0 country", "FCLASS_US": null, "FCLASS_FR": null, "FCLASS_RU": null, "FCLASS_ES": null, "FCLASS_CN": null, "FCLASS_TW": null, "FCLASS_IN": null, "FCLASS_NP": null, "FCLASS_PK": null, "FCLASS_DE": null, "FCLASS_GB": null, "FCLASS_BR": null, "FCLASS_IL": null, "FCLASS_PS": null, "FCLASS_SA": null, "FCLASS_EG": null, "FCLASS_MA": null, "FCLASS_PT": null, "FCLASS_AR": null, "FCLASS_JP": null, "FCLASS_KO": null, "FCLASS_VN": null, "FCLASS_TR": null, "FCLASS_ID": null, "FCLASS_PL": null, "FCLASS_GR": null, "FCLASS_IT": null, "FCLASS_NL": null, "FCLASS_SE": null, "FCLASS_BD": null, "FCLASS_UA": null}, "bbox": [34.632336, 16.347891, 55.666659, 32.161009], "geometry": {"type": "Polygon", "coordinates": [[[34.956037, 29.356555], [39.004886, 32.010217], [48.416094, 28.552004], [50.527387, 25.327808], [55.006803, 22.496948], [47.000005, 16.949999], [43.115798, 17.08844], [40.939341, 19.486485], [37.483635, 24.285495], [34.632336, 28.058546], [34.956037, 29.356555]]]}}, {"type": "Feature", "properties": {"featurecla": "Admin-0 country", "scalerank": 1, "LABELRANK": 4, "SOVEREIGNT": "Antarctica", "SOV_A3": "ATA", "ADM0_DIF": 0, "LEVEL": 2, "TYPE": "Indeterminate", "TLC": "1", "ADMIN": "Antarctica", "ADM0_A3": "ATA", "GEOU_DIF": 0, "GEOUNIT": "Antarctica", "GU_A3": "ATA", "SU_DIF": 0, "SUBUNIT": "Antarctica", "SU_A3": "ATA", "BRK_DIFF": 0, "NAME": "Antarctica", "NAME_LONG": "Antarctica", "BRK_A3": "ATA", "BRK_NAME": "Antarctica", "BRK_GROUP": null, "ABBREV": "Ant.", "POSTAL": "AQ", "FORMAL_EN": null, "FORMAL_FR": null, "NAME_CIAWF": null, "NOTE_ADM0": "By treaty", "NOTE_BRK": "Multiple claims held in abeyance by treaty", "NAME_SORT": "Antarctica", "NAME_ALT": null, "MAPCOLOR7": 4, "MAPCOLOR8": 5, "MAPCOLOR9": 1, "MAPCOLOR13": -99, "POP_EST": 4490, "POP_RANK": 4, "POP_YEAR": 2019, "GDP_MD": 898, "GDP_YEAR": 2013, "ECONOMY": "6. Developing region", "INCOME_GRP": "2. High income: nonOECD", "FIPS_10": "AY", "ISO_A2": "AQ", "ISO_A2_EH": "AQ", "ISO_A3": "ATA", "ISO_A3_EH": "ATA", "ISO_N3": "010", "ISO_N3_EH": "010", "UN_A3": "010", "WB_A2": "-99", "WB_A3": "-99", "WOE_ID": 28289409, "WOE_ID_EH": 28289409, "WOE_NOTE": "Exact WOE match as country", "ADM0_ISO": "ATA", "ADM0_DIFF": null, "ADM0_TLC": "ATA", "ADM0_A3_US": "ATA", "ADM0_A3_FR": "ATA", "ADM0_A3_RU": "ATA", "ADM0_A3_ES": "ATA", "ADM0_A3_CN": "ATA", "ADM0_A3_TW": "ATA", "ADM0_A3_IN": "ATA", "ADM0_A3_NP": "ATA", "ADM0_A3_PK": "ATA", "ADM0_A3_DE": "ATA", "ADM0_A3_GB": "ATA", "ADM0_A3_BR": "ATA", "ADM0_A3_IL": "ATA", "ADM0_A3_PS": "ATA", "ADM0_A3_SA": "ATA", "ADM0_A3_EG": "ATA", "ADM0_A3_MA": "ATA", "ADM0_A3_PT": "ATA", "ADM0_A3_AR": "ATA", "ADM0_A3_JP": "ATA", "ADM0_A3_KO": "ATA", "ADM0_A3_VN": "ATA", "ADM0_A3_TR": "ATA", "ADM0_A3_ID": "ATA", "ADM0_A3_PL": "ATA", "ADM0_A3_GR": "ATA", "ADM0_A3_IT": "ATA", "ADM0_A3_NL": "ATA", "ADM0_A3_SE": "ATA", "ADM0_A3_BD": "ATA", "ADM0_A3_UA": "ATA", "ADM0_A3_UN": -99, "ADM0_A3_WB": -99, "CONTINENT": "Antarctica", "REGION_UN": "Antarctica", "SUBREGION": "Antarctica", "REGION_WB": "Antarctica", "NAME_LEN": 10, "LONG_LEN": 10, "ABBREV_LEN": 4, "TINY": -99, "HOMEPART": 1, "MIN_ZOOM": 0, "MIN_LABEL": 4, "MAX_LABEL": 9, "LABEL_X": 35.885455, "LABEL_Y": -79.843222, "NE_ID": 1159320335, "WIKIDATAID": "Q51", "NAME_AR": "\u0627\u0644\u0642\u0627\u0631\u0629 \u0627\u0644\u0642\u0637\u0628\u064a\u0629 \u0627\u0644\u062c\u0646\u0648\u0628\u064a\u0629", "NAME_BN": "\u0985\u09cd\u09af\u09be\u09a8\u09cd\u099f\u09be\u09b0\u09cd\u0995\u099f\u09bf\u0995\u09be", "NAME_DE": "Antarktika", "NAME_EN": "Antarctica", "NAME_ES": "Ant\u00e1rtida", "NAME_FA": "\u062c\u0646\u0648\u0628\u06af\u0627\u0646", "NAME_FR": "Antarctique", "NAME_EL": "\u0391\u03bd\u03c4\u03b1\u03c1\u03ba\u03c4\u03b9\u03ba\u03ae", "NAME_HE": "\u05d0\u05e0\u05d8\u05d0\u05e8\u05e7\u05d8\u05d9\u05e7\u05d4", "NAME_HI": "\u0905\u0902\u091f\u093e\u0930\u094d\u0915\u091f\u093f\u0915\u093e", "NAME_HU": "Antarktika", "NAME_ID": "Antartika", "NAME_IT": "Antartide", "NAME_JA": "\u5357\u6975\u5927\u9678", "NAME_KO": "\ub0a8\uadf9", "NAME_NL": "Antarctica", "NAME_PL": "Antarktyda", "NAME_PT": "Ant\u00e1rtida", "NAME_RU": "\u0410\u043d\u0442\u0430\u0440\u043a\u0442\u0438\u0434\u0430", "NAME_SV": "Antarktis", "NAME_TR": "Antarktika", "NAME_UK": "\u0410\u043d\u0442\u0430\u0440\u043a\u0442\u0438\u0434\u0430", "NAME_UR": "\u0627\u0646\u0679\u0627\u0631\u06a9\u0679\u06a9\u0627", "NAME_VI": "Ch\u00e2u Nam C\u1ef1c", "NAME_ZH": "\u5357\u6781\u6d32", "NAME_ZHT": "\u5357\u6975\u6d32", "FCLASS_ISO": "Admin-0 dependency", "TLC_DIFF": null, "FCLASS_TLC": "Admin-0 dependency", "FCLASS_US": null, "FCLASS_FR": null, "FCLASS_RU": null, "FCLASS_ES": null, "FCLASS_CN": null, "FCLASS_TW": null, "FCLASS_IN": null, "FCLASS_NP": null, "FCLASS_PK": null, "FCLASS_DE": null, "FCLASS_GB": null, "FCLASS_BR": null, "FCLASS_IL": null, "FCLASS_PS": null, "FCLASS_SA": null, "FCLASS_EG": null, "FCLASS_MA": null, "FCLASS_PT": null, "FCLASS_AR": null, "FCLASS_JP": null, "FCLASS_KO": null, "FCLASS_VN": null, "FCLASS_TR": null, "FCLASS_ID": null, "FCLASS_PL": null, "FCLASS_GR": null, "FCLASS_IT": null, "FCLASS_NL": null, "FCLASS_SE": null, "FCLASS_BD": null, "FCLASS_UA": null}, "bbox": [-180, -90, 180, -63.27066], "geometry": {"type": "MultiPolygon", "coordinates": [[[[-48.660616, -78.047019], [-44.880537, -80.339644], [-50.991326, -79.614623], [-48.660616, -78.047019]]], [[[-66.290031, -80.255773], [-62.255393, -80.863178], [-66.290031, -80.255773]]], [[[-73.915819, -71.269345], [-70.253252, -68.87874], [-68.784297, -72.170736], [-75.012625, -71.661258], [-73.915819, -71.269345]]], [[[-102.330725, -71.894164], [-96.983765, -72.442864], [-102.330725, -71.894164]]], [[[-122.621735, -73.657778], [-121.62283, -74.010468], [-122.621735, -73.657778]]], [[[-127.28313, -73.461769], [-127.28313, -73.461769]]], [[[-163.712896, -78.595667], [-162.439847, -79.281465], [-163.712896, -78.595667]]], [[[180, -84.71338], [-176.084673, -84.099259], [-168.530199, -84.23739], [-145.888918, -85.315102], [-153.037759, -82.82652], [-150.648293, -81.337309], [-153.390322, -79.162248], [-155.329376, -77.202728], [-146.143528, -76.105431], [-138.85759, -74.968911], [-129.554284, -74.459433], [-118.684145, -74.185083], [-111.261059, -74.420263], [-100.645531, -75.302018], [-102.917485, -72.754679], [-93.672907, -73.283743], [-85.192236, -73.4797], [-76.907367, -73.636434], [-67.956622, -72.79385], [-68.544209, -69.717397], [-66.703184, -66.58224], [-61.414928, -64.270031], [-58.614143, -64.152467], [-62.590128, -65.857219], [-65.312545, -68.365335], [-61.512906, -71.089045], [-63.295201, -74.576997], [-72.206776, -76.673665], [-74.772536, -78.221633], [-73.244852, -80.416331], [-58.712121, -82.846106], [-44.825708, -81.846735], [-30.097098, -80.592651], [-35.914107, -79.083855], [-27.511752, -76.497345], [-17.522982, -75.125698], [-13.311973, -72.715457], [-7.377451, -71.324224], [-0.228637, -71.637745], [7.742866, -69.893769], [14.734998, -70.030918], [21.923034, -70.403247], [30.031583, -69.93294], [36.16201, -69.247142], [42.938702, -68.463313], [49.930885, -67.111303], [56.355041, -65.974783], [62.387489, -68.012695], [69.712624, -68.972791], [68.419989, -71.441788], [73.08141, -70.716768], [78.428371, -68.698441], [84.676206, -67.209282], [90.630365, -67.228867], [97.759646, -67.248504], [104.242557, -65.974783], [111.74396, -66.13157], [118.57946, -67.170111], [126.100396, -66.562654], [133.85646, -66.288304], [137.460271, -66.954568], [146.195552, -67.228867], [153.638199, -68.894502], [160.80665, -70.226875], [169.463589, -71.20666], [167.975101, -73.812806], [163.47026, -76.693302], [163.666217, -79.123025], [162.490992, -82.062278], [173.224083, -84.41371], [180, -84.71338]]]]}}, {"type": "Feature", "properties": {"featurecla": "Admin-0 country", "scalerank": 1, "LABELRANK": 6, "SOVEREIGNT": "Northern Cyprus", "SOV_A3": "CYN", "ADM0_DIF": 0, "LEVEL": 2, "TYPE": "Sovereign country", "TLC": "1", "ADMIN": "Northern Cyprus", "ADM0_A3": "CYN", "GEOU_DIF": 0, "GEOUNIT": "Northern Cyprus", "GU_A3": "CYN", "SU_DIF": 0, "SUBUNIT": "Northern Cyprus", "SU_A3": "CYN", "BRK_DIFF": 0, "NAME": "N. Cyprus", "NAME_LONG": "Northern Cyprus", "BRK_A3": "CYN", "BRK_NAME": "N. Cyprus", "BRK_GROUP": null, "ABBREV": "N. Cy.", "POSTAL": "CN", "FORMAL_EN": "Turkish Republic of Northern Cyprus", "FORMAL_FR": null, "NAME_CIAWF": null, "NOTE_ADM0": "Self admin.", "NOTE_BRK": "Self admin.; Claimed by Cyprus", "NAME_SORT": "Cyprus, Northern", "NAME_ALT": null, "MAPCOLOR7": 3, "MAPCOLOR8": 1, "MAPCOLOR9": 4, "MAPCOLOR13": 8, "POP_EST": 326000, "POP_RANK": 10, "POP_YEAR": 2017, "GDP_MD": 3600, "GDP_YEAR": 2013, "ECONOMY": "6. Developing region", "INCOME_GRP": "3. Upper middle income", "FIPS_10": "-99", "ISO_A2": "-99", "ISO_A2_EH": "-99", "ISO_A3": "-99", "ISO_A3_EH": "-99", "ISO_N3": "-99", "ISO_N3_EH": "-99", "UN_A3": "-099", "WB_A2": "-99", "WB_A3": "-99", "WOE_ID": -90, "WOE_ID_EH": 23424995, "WOE_NOTE": "WOE lists as subunit of united Cyprus", "ADM0_ISO": "CYP", "ADM0_DIFF": "1", "ADM0_TLC": "CYN", "ADM0_A3_US": "CYP", "ADM0_A3_FR": "CYP", "ADM0_A3_RU": "CYP", "ADM0_A3_ES": "CYP", "ADM0_A3_CN": "CYP", "ADM0_A3_TW": "CYP", "ADM0_A3_IN": "CYP", "ADM0_A3_NP": "CYP", "ADM0_A3_PK": "CYP", "ADM0_A3_DE": "CYP", "ADM0_A3_GB": "CYP", "ADM0_A3_BR": "CYP", "ADM0_A3_IL": "CYP", "ADM0_A3_PS": "CYP", "ADM0_A3_SA": "CYP", "ADM0_A3_EG": "CYP", "ADM0_A3_MA": "CYP", "ADM0_A3_PT": "CYP", "ADM0_A3_AR": "CYP", "ADM0_A3_JP": "CYP", "ADM0_A3_KO": "CYP", "ADM0_A3_VN": "CYP", "ADM0_A3_TR": "CYN", "ADM0_A3_ID": "CYP", "ADM0_A3_PL": "CYP", "ADM0_A3_GR": "CYP", "ADM0_A3_IT": "CYP", "ADM0_A3_NL": "CYP", "ADM0_A3_SE": "CYP", "ADM0_A3_BD": "CYP", "ADM0_A3_UA": "CYP", "ADM0_A3_UN": -99, "ADM0_A3_WB": -99, "CONTINENT": "Asia", "REGION_UN": "Asia", "SUBREGION": "Western Asia", "REGION_WB": "Europe & Central Asia", "NAME_LEN": 9, "LONG_LEN": 15, "ABBREV_LEN": 6, "TINY": -99, "HOMEPART": 1, "MIN_ZOOM": 0, "MIN_LABEL": 6, "MAX_LABEL": 10, "LABEL_X": 33.692434, "LABEL_Y": 35.216071, "NE_ID": 1159320531, "WIKIDATAID": "Q23681", "NAME_AR": "\u0642\u0628\u0631\u0635 \u0627\u0644\u0634\u0645\u0627\u0644\u064a\u0629", "NAME_BN": "\u0989\u09a4\u09cd\u09a4\u09b0 \u09b8\u09be\u0987\u09aa\u09cd\u09b0\u09be\u09b8", "NAME_DE": "T\u00fcrkische Republik Nordzypern", "NAME_EN": "Turkish Republic of Northern Cyprus", "NAME_ES": "Rep\u00fablica Turca del Norte de Chipre", "NAME_FA": "\u062c\u0645\u0647\u0648\u0631\u06cc \u062a\u0631\u06a9 \u0642\u0628\u0631\u0633 \u0634\u0645\u0627\u0644\u06cc", "NAME_FR": "Chypre du Nord", "NAME_EL": "\u03a4\u03bf\u03c5\u03c1\u03ba\u03b9\u03ba\u03ae \u0394\u03b7\u03bc\u03bf\u03ba\u03c1\u03b1\u03c4\u03af\u03b1 \u03c4\u03b7\u03c2 \u0392\u03cc\u03c1\u03b5\u03b9\u03b1\u03c2 \u039a\u03cd\u03c0\u03c1\u03bf\u03c5", "NAME_HE": "\u05d4\u05e8\u05e4\u05d5\u05d1\u05dc\u05d9\u05e7\u05d4 \u05d4\u05d8\u05d5\u05e8\u05e7\u05d9\u05ea \u05e9\u05dc \u05e6\u05e4\u05d5\u05df \u05e7\u05e4\u05e8\u05d9\u05e1\u05d9\u05df", "NAME_HI": "\u0909\u0924\u094d\u0924\u0930\u0940 \u0938\u093e\u0907\u092a\u094d\u0930\u0938", "NAME_HU": "\u00c9szak-Ciprus", "NAME_ID": "Republik Turki Siprus Utara", "NAME_IT": "Cipro del Nord", "NAME_JA": "\u5317\u30ad\u30d7\u30ed\u30b9\u30fb\u30c8\u30eb\u30b3\u5171\u548c\u56fd", "NAME_KO": "\ubd81\ud0a4\ud504\ub85c\uc2a4", "NAME_NL": "Noord-Cyprus", "NAME_PL": "Cypr P\u00f3\u0142nocny", "NAME_PT": "Rep\u00fablica Turca do Chipre do Norte", "NAME_RU": "\u0422\u0443\u0440\u0435\u0446\u043a\u0430\u044f \u0420\u0435\u0441\u043f\u0443\u0431\u043b\u0438\u043a\u0430 \u0421\u0435\u0432\u0435\u0440\u043d\u043e\u0433\u043e \u041a\u0438\u043f\u0440\u0430", "NAME_SV": "Nordcypern", "NAME_TR": "Kuzey K\u0131br\u0131s T\u00fcrk Cumhuriyeti", "NAME_UK": "\u0422\u0443\u0440\u0435\u0446\u044c\u043a\u0430 \u0420\u0435\u0441\u043f\u0443\u0431\u043b\u0456\u043a\u0430 \u041f\u0456\u0432\u043d\u0456\u0447\u043d\u043e\u0433\u043e \u041a\u0456\u043f\u0440\u0443", "NAME_UR": "\u062a\u0631\u06a9 \u062c\u0645\u06c1\u0648\u0631\u06cc\u06c1 \u0634\u0645\u0627\u0644\u06cc \u0642\u0628\u0631\u0635", "NAME_VI": "B\u1eafc S\u00edp", "NAME_ZH": "\u5317\u585e\u6d66\u8def\u65af\u571f\u8033\u5176\u5171\u548c\u56fd", "NAME_ZHT": "\u5317\u8cfd\u666e\u52d2\u65af\u571f\u8033\u5176\u5171\u548c\u570b", "FCLASS_ISO": "Unrecognized", "TLC_DIFF": "1", "FCLASS_TLC": "Admin-0 country", "FCLASS_US": "Admin-0 breakaway and disputed", "FCLASS_FR": "Unrecognized", "FCLASS_RU": "Unrecognized", "FCLASS_ES": "Unrecognized", "FCLASS_CN": "Unrecognized", "FCLASS_TW": "Unrecognized", "FCLASS_IN": "Unrecognized", "FCLASS_NP": "Unrecognized", "FCLASS_PK": "Unrecognized", "FCLASS_DE": "Unrecognized", "FCLASS_GB": "Unrecognized", "FCLASS_BR": "Unrecognized", "FCLASS_IL": "Unrecognized", "FCLASS_PS": "Unrecognized", "FCLASS_SA": "Unrecognized", "FCLASS_EG": "Unrecognized", "FCLASS_MA": "Unrecognized", "FCLASS_PT": "Unrecognized", "FCLASS_AR": "Unrecognized", "FCLASS_JP": "Unrecognized", "FCLASS_KO": "Unrecognized", "FCLASS_VN": "Unrecognized", "FCLASS_TR": "Admin-0 country", "FCLASS_ID": "Unrecognized", "FCLASS_PL": "Unrecognized", "FCLASS_GR": "Unrecognized", "FCLASS_IT": "Unrecognized", "FCLASS_NL": "Unrecognized", "FCLASS_SE": "Unrecognized", "FCLASS_BD": "Unrecognized", "FCLASS_UA": "Unrecognized"}, "bbox": [32.73178, 35.000345, 34.576474, 35.671596], "geometry": {"type": "Polygon", "coordinates": [[[32.73178, 35.140026], [33.675392, 35.017863], [32.73178, 35.140026]]]}}, {"type": "Feature", "properties": {"featurecla": "Admin-0 country", "scalerank": 1, "LABELRANK": 5, "SOVEREIGNT": "Cyprus", "SOV_A3": "CYP", "ADM0_DIF": 0, "LEVEL": 2, "TYPE": "Sovereign country", "TLC": "1", "ADMIN": "Cyprus", "ADM0_A3": "CYP", "GEOU_DIF": 0, "GEOUNIT": "Cyprus", "GU_A3": "CYP", "SU_DIF": 0, "SUBUNIT": "Cyprus", "SU_A3": "CYP", "BRK_DIFF": 0, "NAME": "Cyprus", "NAME_LONG": "Cyprus", "BRK_A3": "CYP", "BRK_NAME": "Cyprus", "BRK_GROUP": null, "ABBREV": "Cyp.", "POSTAL": "CY", "FORMAL_EN": "Republic of Cyprus", "FORMAL_FR": null, "NAME_CIAWF": "Cyprus", "NOTE_ADM0": null, "NOTE_BRK": null, "NAME_SORT": "Cyprus", "NAME_ALT": null, "MAPCOLOR7": 1, "MAPCOLOR8": 2, "MAPCOLOR9": 3, "MAPCOLOR13": 7, "POP_EST": 1198575, "POP_RANK": 12, "POP_YEAR": 2019, "GDP_MD": 24948, "GDP_YEAR": 2019, "ECONOMY": "6. Developing region", "INCOME_GRP": "2. High income: nonOECD", "FIPS_10": "CY", "ISO_A2": "CY", "ISO_A2_EH": "CY", "ISO_A3": "CYP", "ISO_A3_EH": "CYP", "ISO_N3": "196", "ISO_N3_EH": "196", "UN_A3": "196", "WB_A2": "CY", "WB_A3": "CYP", "WOE_ID": -90, "WOE_ID_EH": 23424994, "WOE_NOTE": "WOE lists as subunit of united Cyprus", "ADM0_ISO": "CYP", "ADM0_DIFF": null, "ADM0_TLC": "CYP", "ADM0_A3_US": "CYP", "ADM0_A3_FR": "CYP", "ADM0_A3_RU": "CYP", "ADM0_A3_ES": "CYP", "ADM0_A3_CN": "CYP", "ADM0_A3_TW": "CYP", "ADM0_A3_IN": "CYP", "ADM0_A3_NP": "CYP", "ADM0_A3_PK": "CYP", "ADM0_A3_DE": "CYP", "ADM0_A3_GB": "CYP", "ADM0_A3_BR": "CYP", "ADM0_A3_IL": "CYP", "ADM0_A3_PS": "CYP", "ADM0_A3_SA": "CYP", "ADM0_A3_EG": "CYP", "ADM0_A3_MA": "CYP", "ADM0_A3_PT": "CYP", "ADM0_A3_AR": "CYP", "ADM0_A3_JP": "CYP", "ADM0_A3_KO": "CYP", "ADM0_A3_VN": "CYP", "ADM0_A3_TR": "CYP", "ADM0_A3_ID": "CYP", "ADM0_A3_PL": "CYP", "ADM0_A3_GR": "CYP", "ADM0_A3_IT": "CYP", "ADM0_A3_NL": "CYP", "ADM0_A3_SE": "CYP", "ADM0_A3_BD": "CYP", "ADM0_A3_UA": "CYP", "ADM0_A3_UN": -99, "ADM0_A3_WB": -99, "CONTINENT": "Asia", "REGION_UN": "Asia", "SUBREGION": "Western Asia", "REGION_WB": "Europe & Central Asia", "NAME_LEN": 6, "LONG_LEN": 6, "ABBREV_LEN": 4, "TINY": -99, "HOMEPART": 1, "MIN_ZOOM": 0, "MIN_LABEL": 4.5, "MAX_LABEL": 9.5, "LABEL_X": 33.084182, "LABEL_Y": 34.913329, "NE_ID": 1159320533, "WIKIDATAID": "Q229", "NAME_AR": "\u0642\u0628\u0631\u0635", "NAME_BN": "\u09b8\u09be\u0987\u09aa\u09cd\u09b0\u09be\u09b8", "NAME_DE": "Republik Zypern", "NAME_EN": "Cyprus", "NAME_ES": "Chipre", "NAME_FA": "\u0642\u0628\u0631\u0633", "NAME_FR": "Chypre", "NAME_EL": "\u039a\u03cd\u03c0\u03c1\u03bf\u03c2", "NAME_HE": "\u05e7\u05e4\u05e8\u05d9\u05e1\u05d9\u05df", "NAME_HI": "\u0938\u093e\u0907\u092a\u094d\u0930\u0938", "NAME_HU": "Ciprus", "NAME_ID": "Siprus", "NAME_IT": "Cipro", "NAME_JA": "\u30ad\u30d7\u30ed\u30b9", "NAME_KO": "\ud0a4\ud504\ub85c\uc2a4", "NAME_NL": "Cyprus", "NAME_PL": "Cypr", "NAME_PT": "Chipre", "NAME_RU": "\u041a\u0438\u043f\u0440", "NAME_SV": "Cypern", "NAME_TR": "K\u0131br\u0131s Cumhuriyeti", "NAME_UK": "\u041a\u0456\u043f\u0440", "NAME_UR": "\u0642\u0628\u0631\u0635", "NAME_VI": "C\u1ed9ng h\u00f2a S\u00edp", "NAME_ZH": "\u585e\u6d66\u8def\u65af", "NAME_ZHT": "\u8cfd\u666e\u52d2\u65af", "FCLASS_ISO": "Admin-0 country", "TLC_DIFF": null, "FCLASS_TLC": "Admin-0 country", "FCLASS_US": null, "FCLASS_FR": null, "FCLASS_RU": null, "FCLASS_ES": null, "FCLASS_CN": null, "FCLASS_TW": null, "FCLASS_IN": null, "FCLASS_NP": null, "FCLASS_PK": null, "FCLASS_DE": null, "FCLASS_GB": null, "FCLASS_BR": null, "FCLASS_IL": null, "FCLASS_PS": null, "FCLASS_SA": null, "FCLASS_EG": null, "FCLASS_MA": null, "FCLASS_PT": null, "FCLASS_AR": null, "FCLASS_JP": null, "FCLASS_KO": null, "FCLASS_VN": null, "FCLASS_TR": null, "FCLASS_ID": null, "FCLASS_PL": null, "FCLASS_GR": null, "FCLASS_IT": null, "FCLASS_NL": null, "FCLASS_SE": null, "FCLASS_BD": null, "FCLASS_UA": null}, "bbox": [32.256667, 34.571869, 34.004881, 35.173125], "geometry": {"type": "Polygon", "coordinates": [[[32.73178, 35.140026], [33.86644, 35.093595], [32.73178, 35.140026]]]}}, {"type": "Feature", "properties": {"featurecla": "Admin-0 country", "scalerank": 1, "LABELRANK": 3, "SOVEREIGNT": "Morocco", "SOV_A3": "MAR", "ADM0_DIF": 0, "LEVEL": 2, "TYPE": "Sovereign country", "TLC": "1", "ADMIN": "Morocco", "ADM0_A3": "MAR", "GEOU_DIF": 0, "GEOUNIT": "Morocco", "GU_A3": "MAR", "SU_DIF": 0, "SUBUNIT": "Morocco", "SU_A3": "MAR", "BRK_DIFF": 0, "NAME": "Morocco", "NAME_LONG": "Morocco", "BRK_A3": "MAR", "BRK_NAME": "Morocco", "BRK_GROUP": null, "ABBREV": "Mor.", "POSTAL": "MA", "FORMAL_EN": "Kingdom of Morocco", "FORMAL_FR": null, "NAME_CIAWF": "Morocco", "NOTE_ADM0": null, "NOTE_BRK": null, "NAME_SORT": "Morocco", "NAME_ALT": null, "MAPCOLOR7": 2, "MAPCOLOR8": 2, "MAPCOLOR9": 3, "MAPCOLOR13": 9, "POP_EST": 36471769, "POP_RANK": 15, "POP_YEAR": 2019, "GDP_MD": 119700, "GDP_YEAR": 2019, "ECONOMY": "6. Developing region", "INCOME_GRP": "4. Lower middle income", "FIPS_10": "MO", "ISO_A2": "MA", "ISO_A2_EH": "MA", "ISO_A3": "MAR", "ISO_A3_EH": "MAR", "ISO_N3": "504", "ISO_N3_EH": "504", "UN_A3": "504", "WB_A2": "MA", "WB_A3": "MAR", "WOE_ID": 23424893, "WOE_ID_EH": 23424893, "WOE_NOTE": "Exact WOE match as country", "ADM0_ISO": "MAR", "ADM0_DIFF": null, "ADM0_TLC": "MAR", "ADM0_A3_US": "MAR", "ADM0_A3_FR": "MAR", "ADM0_A3_RU": "MAR", "ADM0_A3_ES": "MAR", "ADM0_A3_CN": "MAR", "ADM0_A3_TW": "MAR", "ADM0_A3_IN": "MAR", "ADM0_A3_NP": "MAR", "ADM0_A3_PK": "MAR", "ADM0_A3_DE": "MAR", "ADM0_A3_GB": "MAR", "ADM0_A3_BR": "MAR", "ADM0_A3_IL": "MAR", "ADM0_A3_PS": "MAR", "ADM0_A3_SA": "MAR", "ADM0_A3_EG": "MAR", "ADM0_A3_MA": "MAR", "ADM0_A3_PT": "MAR", "ADM0_A3_AR": "MAR", "ADM0_A3_JP": "MAR", "ADM0_A3_KO": "MAR", "ADM0_A3_VN": "MAR", "ADM0_A3_TR": "MAR", "ADM0_A3_ID": "MAR", "ADM0_A3_PL": "MAR", "ADM0_A3_GR": "MAR", "ADM0_A3_IT": "MAR", "ADM0_A3_NL": "MAR", "ADM0_A3_SE": "MAR", "ADM0_A3_BD": "MAR", "ADM0_A3_UA": "MAR", "ADM0_A3_UN": -99, "ADM0_A3_WB": -99, "CONTINENT": "Africa", "REGION_UN": "Africa", "SUBREGION": "Northern Africa", "REGION_WB": "Middle East & North Africa", "NAME_LEN": 7, "LONG_LEN": 7, "ABBREV_LEN": 4, "TINY": -99, "HOMEPART": 1, "MIN_ZOOM": 0, "MIN_LABEL": 2.7, "MAX_LABEL": 8, "LABEL_X": -7.187296, "LABEL_Y": 31.650723, "NE_ID": 1159321035, "WIKIDATAID": "Q1028", "NAME_AR": "\u0627\u0644\u0645\u063a\u0631\u0628", "NAME_BN": "\u09ae\u09b0\u0995\u09cd\u0995\u09cb", "NAME_DE": "Marokko", "NAME_EN": "Morocco", "NAME_ES": "Marruecos", "NAME_FA": "\u0645\u0631\u0627\u06a9\u0634", "NAME_FR": "Maroc", "NAME_EL": "\u039c\u03b1\u03c1\u03cc\u03ba\u03bf", "NAME_HE": "\u05de\u05e8\u05d5\u05e7\u05d5", "NAME_HI": "\u092e\u094b\u0930\u0915\u094d\u0915\u094b", "NAME_HU": "Marokk\u00f3", "NAME_ID": "Maroko", "NAME_IT": "Marocco", "NAME_JA": "\u30e2\u30ed\u30c3\u30b3", "NAME_KO": "\ubaa8\ub85c\ucf54", "NAME_NL": "Marokko", "NAME_PL": "Maroko", "NAME_PT": "Marrocos", "NAME_RU": "\u041c\u0430\u0440\u043e\u043a\u043a\u043e", "NAME_SV": "Marocko", "NAME_TR": "Fas", "NAME_UK": "\u041c\u0430\u0440\u043e\u043a\u043a\u043e", "NAME_UR": "\u0645\u0631\u0627\u06a9\u0634", "NAME_VI": "Maroc", "NAME_ZH": "\u6469\u6d1b\u54e5", "NAME_ZHT": "\u6469\u6d1b\u54e5", "FCLASS_ISO": "Admin-0 country", "TLC_DIFF": null, "FCLASS_TLC": "Admin-0 country", "FCLASS_US": null, "FCLASS_FR": null, "FCLASS_RU": null, "FCLASS_ES": null, "FCLASS_CN": null, "FCLASS_TW": null, "FCLASS_IN": null, "FCLASS_NP": null, "FCLASS_PK": null, "FCLASS_DE": null, "FCLASS_GB": null, "FCLASS_BR": null, "FCLASS_IL": null, "FCLASS_PS": null, "FCLASS_SA": null, "FCLASS_EG": null, "FCLASS_MA": null, "FCLASS_PT": null, "FCLASS_AR": null, "FCLASS_JP": null, "FCLASS_KO": null, "FCLASS_VN": null, "FCLASS_TR": null, "FCLASS_ID": null, "FCLASS_PL": null, "FCLASS_GR": null, "FCLASS_IT": null, "FCLASS_NL": null, "FCLASS_SE": null, "FCLASS_BD": null, "FCLASS_UA": null}, "bbox": [-17.020428, 21.420734, -1.124551, 35.759988], "geometry": {"type": "Polygon", "coordinates": [[[-2.169914, 35.168396], [-3.647498, 31.637294], [-8.817828, 27.656426], [-12.030759, 26.030866], [-16.973248, 21.885745], [-14.800926, 25.636265], [-10.399592, 29.098586], [-6.244342, 35.145865], [-2.169914, 35.168396]]]}}, {"type": "Feature", "properties": {"featurecla": "Admin-0 country", "scalerank": 1, "LABELRANK": 2, "SOVEREIGNT": "Egypt", "SOV_A3": "EGY", "ADM0_DIF": 0, "LEVEL": 2, "TYPE": "Sovereign country", "TLC": "1", "ADMIN": "Egypt", "ADM0_A3": "EGY", "GEOU_DIF": 0, "GEOUNIT": "Egypt", "GU_A3": "EGY", "SU_DIF": 0, "SUBUNIT": "Egypt", "SU_A3": "EGY", "BRK_DIFF": 0, "NAME": "Egypt", "NAME_LONG": "Egypt", "BRK_A3": "EGY", "BRK_NAME": "Egypt", "BRK_GROUP": null, "ABBREV": "Egypt", "POSTAL": "EG", "FORMAL_EN": "Arab Republic of Egypt", "FORMAL_FR": null, "NAME_CIAWF": "Egypt", "NOTE_ADM0": null, "NOTE_BRK": null, "NAME_SORT": "Egypt, Arab Rep.", "NAME_ALT": null, "MAPCOLOR7": 4, "MAPCOLOR8": 6, "MAPCOLOR9": 7, "MAPCOLOR13": 2, "POP_EST": 100388073, "POP_RANK": 17, "POP_YEAR": 2019, "GDP_MD": 303092, "GDP_YEAR": 2019, "ECONOMY": "5. Emerging region: G20", "INCOME_GRP": "4. Lower middle income", "FIPS_10": "EG", "ISO_A2": "EG", "ISO_A2_EH": "EG", "ISO_A3": "EGY", "ISO_A3_EH": "EGY", "ISO_N3": "818", "ISO_N3_EH": "818", "UN_A3": "818", "WB_A2": "EG", "WB_A3": "EGY", "WOE_ID": 23424802, "WOE_ID_EH": 23424802, "WOE_NOTE": "Exact WOE match as country", "ADM0_ISO": "EGY", "ADM0_DIFF": null, "ADM0_TLC": "EGY", "ADM0_A3_US": "EGY", "ADM0_A3_FR": "EGY", "ADM0_A3_RU": "EGY", "ADM0_A3_ES": "EGY", "ADM0_A3_CN": "EGY", "ADM0_A3_TW": "EGY", "ADM0_A3_IN": "EGY", "ADM0_A3_NP": "EGY", "ADM0_A3_PK": "EGY", "ADM0_A3_DE": "EGY", "ADM0_A3_GB": "EGY", "ADM0_A3_BR": "EGY", "ADM0_A3_IL": "EGY", "ADM0_A3_PS": "EGY", "ADM0_A3_SA": "EGY", "ADM0_A3_EG": "EGY", "ADM0_A3_MA": "EGY", "ADM0_A3_PT": "EGY", "ADM0_A3_AR": "EGY", "ADM0_A3_JP": "EGY", "ADM0_A3_KO": "EGY", "ADM0_A3_VN": "EGY", "ADM0_A3_TR": "EGY", "ADM0_A3_ID": "EGY", "ADM0_A3_PL": "EGY", "ADM0_A3_GR": "EGY", "ADM0_A3_IT": "EGY", "ADM0_A3_NL": "EGY", "ADM0_A3_SE": "EGY", "ADM0_A3_BD": "EGY", "ADM0_A3_UA": "EGY", "ADM0_A3_UN": -99, "ADM0_A3_WB": -99, "CONTINENT": "Africa", "REGION_UN": "Africa", "SUBREGION": "Northern Africa", "REGION_WB": "Middle East & North Africa", "NAME_LEN": 5, "LONG_LEN": 5, "ABBREV_LEN": 5, "TINY": -99, "HOMEPART": 1, "MIN_ZOOM": 0, "MIN_LABEL": 1.7, "MAX_LABEL": 6.7, "LABEL_X": 29.445837, "LABEL_Y": 26.186173, "NE_ID": 1159320575, "WIKIDATAID": "Q79", "NAME_AR": "\u0645\u0635\u0631", "NAME_BN": "\u09ae\u09bf\u09b6\u09b0", "NAME_DE": "\u00c4gypten", "NAME_EN": "Egypt", "NAME_ES": "Egipto", "NAME_FA": "\u0645\u0635\u0631", "NAME_FR": "\u00c9gypte", "NAME_EL": "\u0391\u03af\u03b3\u03c5\u03c0\u03c4\u03bf\u03c2", "NAME_HE": "\u05de\u05e6\u05e8\u05d9\u05dd", "NAME_HI": "\u092e\u093f\u0938\u094d\u0930", "NAME_HU": "Egyiptom", "NAME_ID": "Mesir", "NAME_IT": "Egitto", "NAME_JA": "\u30a8\u30b8\u30d7\u30c8", "NAME_KO": "\uc774\uc9d1\ud2b8", "NAME_NL": "Egypte", "NAME_PL": "Egipt", "NAME_PT": "Egito", "NAME_RU": "\u0415\u0433\u0438\u043f\u0435\u0442", "NAME_SV": "Egypten", "NAME_TR": "M\u0131s\u0131r", "NAME_UK": "\u0404\u0433\u0438\u043f\u0435\u0442", "NAME_UR": "\u0645\u0635\u0631", "NAME_VI": "Ai C\u1eadp", "NAME_ZH": "\u57c3\u53ca", "NAME_ZHT": "\u57c3\u53ca", "FCLASS_ISO": "Admin-0 country", "TLC_DIFF": null, "FCLASS_TLC": "Admin-0 country", "FCLASS_US": null, "FCLASS_FR": null, "FCLASS_RU": null, "FCLASS_ES": null, "FCLASS_CN": null, "FCLASS_TW": null, "FCLASS_IN": null, "FCLASS_NP": null, "FCLASS_PK": null, "FCLASS_DE": null, "FCLASS_GB": null, "FCLASS_BR": null, "FCLASS_IL": null, "FCLASS_PS": null, "FCLASS_SA": null, "FCLASS_EG": null, "FCLASS_MA": null, "FCLASS_PT": null, "FCLASS_AR": null, "FCLASS_JP": null, "FCLASS_KO": null, "FCLASS_VN": null, "FCLASS_TR": null, "FCLASS_ID": null, "FCLASS_PL": null, "FCLASS_GR": null, "FCLASS_IT": null, "FCLASS_NL": null, "FCLASS_SE": null, "FCLASS_BD": null, "FCLASS_UA": null}, "bbox": [24.70007, 22, 36.86623, 31.58568], "geometry": {"type": "Polygon", "coordinates": [[[36.86623, 22], [24.80287, 31.08929], [30.97693, 31.55586], [34.823243, 29.761081], [32.42323, 29.85108], [35.49372, 23.75237], [36.86623, 22]]]}}, {"type": "Feature", "properties": {"featurecla": "Admin-0 country", "scalerank": 1, "LABELRANK": 3, "SOVEREIGNT": "Libya", "SOV_A3": "LBY", "ADM0_DIF": 0, "LEVEL": 2, "TYPE": "Sovereign country", "TLC": "1", "ADMIN": "Libya", "ADM0_A3": "LBY", "GEOU_DIF": 0, "GEOUNIT": "Libya", "GU_A3": "LBY", "SU_DIF": 0, "SUBUNIT": "Libya", "SU_A3": "LBY", "BRK_DIFF": 0, "NAME": "Libya", "NAME_LONG": "Libya", "BRK_A3": "LBY", "BRK_NAME": "Libya", "BRK_GROUP": null, "ABBREV": "Libya", "POSTAL": "LY", "FORMAL_EN": "Libya", "FORMAL_FR": null, "NAME_CIAWF": "Libya", "NOTE_ADM0": null, "NOTE_BRK": null, "NAME_SORT": "Libya", "NAME_ALT": null, "MAPCOLOR7": 1, "MAPCOLOR8": 2, "MAPCOLOR9": 2, "MAPCOLOR13": 11, "POP_EST": 6777452, "POP_RANK": 13, "POP_YEAR": 2019, "GDP_MD": 52091, "GDP_YEAR": 2019, "ECONOMY": "6. Developing region", "INCOME_GRP": "3. Upper middle income", "FIPS_10": "LY", "ISO_A2": "LY", "ISO_A2_EH": "LY", "ISO_A3": "LBY", "ISO_A3_EH": "LBY", "ISO_N3": "434", "ISO_N3_EH": "434", "UN_A3": "434", "WB_A2": "LY", "WB_A3": "LBY", "WOE_ID": 23424882, "WOE_ID_EH": 23424882, "WOE_NOTE": "Exact WOE match as country", "ADM0_ISO": "LBY", "ADM0_DIFF": null, "ADM0_TLC": "LBY", "ADM0_A3_US": "LBY", "ADM0_A3_FR": "LBY", "ADM0_A3_RU": "LBY", "ADM0_A3_ES": "LBY", "ADM0_A3_CN": "LBY", "ADM0_A3_TW": "LBY", "ADM0_A3_IN": "LBY", "ADM0_A3_NP": "LBY", "ADM0_A3_PK": "LBY", "ADM0_A3_DE": "LBY", "ADM0_A3_GB": "LBY", "ADM0_A3_BR": "LBY", "ADM0_A3_IL": "LBY", "ADM0_A3_PS": "LBY", "ADM0_A3_SA": "LBY", "ADM0_A3_EG": "LBY", "ADM0_A3_MA": "LBY", "ADM0_A3_PT": "LBY", "ADM0_A3_AR": "LBY", "ADM0_A3_JP": "LBY", "ADM0_A3_KO": "LBY", "ADM0_A3_VN": "LBY", "ADM0_A3_TR": "LBY", "ADM0_A3_ID": "LBY", "ADM0_A3_PL": "LBY", "ADM0_A3_GR": "LBY", "ADM0_A3_IT": "LBY", "ADM0_A3_NL": "LBY", "ADM0_A3_SE": "LBY", "ADM0_A3_BD": "LBY", "ADM0_A3_UA": "LBY", "ADM0_A3_UN": -99, "ADM0_A3_WB": -99, "CONTINENT": "Africa", "REGION_UN": "Africa", "SUBREGION": "Northern Africa", "REGION_WB": "Middle East & North Africa", "NAME_LEN": 5, "LONG_LEN": 5, "ABBREV_LEN": 5, "TINY": -99, "HOMEPART": 1, "MIN_ZOOM": 0, "MIN_LABEL": 3, "MAX_LABEL": 8, "LABEL_X": 18.011015, "LABEL_Y": 26.638944, "NE_ID": 1159321017, "WIKIDATAID": "Q1016", "NAME_AR": "\u0644\u064a\u0628\u064a\u0627", "NAME_BN": "\u09b2\u09bf\u09ac\u09bf\u09af\u09bc\u09be", "NAME_DE": "Libyen", "NAME_EN": "Libya", "NAME_ES": "Libia", "NAME_FA": "\u0644\u06cc\u0628\u06cc", "NAME_FR": "Libye", "NAME_EL": "\u039b\u03b9\u03b2\u03cd\u03b7", "NAME_HE": "\u05dc\u05d5\u05d1", "NAME_HI": "\u0932\u0940\u092c\u093f\u092f\u093e", "NAME_HU": "L\u00edbia", "NAME_ID": "Libya", "NAME_IT": "Libia", "NAME_JA": "\u30ea\u30d3\u30a2", "NAME_KO": "\ub9ac\ube44\uc544", "NAME_NL": "Libi\u00eb", "NAME_PL": "Libia", "NAME_PT": "L\u00edbia", "NAME_RU": "\u041b\u0438\u0432\u0438\u044f", "NAME_SV": "Libyen", "NAME_TR": "Libya", "NAME_UK": "\u041b\u0456\u0432\u0456\u044f", "NAME_UR": "\u0644\u06cc\u0628\u06cc\u0627", "NAME_VI": "Libya", "NAME_ZH": "\u5229\u6bd4\u4e9a", "NAME_ZHT": "\u5229\u6bd4\u4e9e", "FCLASS_ISO": "Admin-0 country", "TLC_DIFF": null, "FCLASS_TLC": "Admin-0 country", "FCLASS_US": null, "FCLASS_FR": null, "FCLASS_RU": null, "FCLASS_ES": null, "FCLASS_CN": null, "FCLASS_TW": null, "FCLASS_IN": null, "FCLASS_NP": null, "FCLASS_PK": null, "FCLASS_DE": null, "FCLASS_GB": null, "FCLASS_BR": null, "FCLASS_IL": null, "FCLASS_PS": null, "FCLASS_SA": null, "FCLASS_EG": null, "FCLASS_MA": null, "FCLASS_PT": null, "FCLASS_AR": null, "FCLASS_JP": null, "FCLASS_KO": null, "FCLASS_VN": null, "FCLASS_TR": null, "FCLASS_ID": null, "FCLASS_PL": null, "FCLASS_GR": null, "FCLASS_IT": null, "FCLASS_NL": null, "FCLASS_SE": null, "FCLASS_BD": null, "FCLASS_UA": null}, "bbox": [9.319411, 19.58047, 25.16482, 33.136996], "geometry": {"type": "Polygon", "coordinates": [[[25, 22], [13.581425, 23.040506], [9.716286, 26.512206], [10.056575, 30.961831], [13.91868, 32.71196], [19.82033, 31.75179], [24.92114, 31.89936], [25, 22]]]}}, {"type": "Feature", "properties": {"featurecla": "Admin-0 country", "scalerank": 1, "LABELRANK": 2, "SOVEREIGNT": "Ethiopia", "SOV_A3": "ETH", "ADM0_DIF": 0, "LEVEL": 2, "TYPE": "Sovereign country", "TLC": "1", "ADMIN": "Ethiopia", "ADM0_A3": "ETH", "GEOU_DIF": 0, "GEOUNIT": "Ethiopia", "GU_A3": "ETH", "SU_DIF": 0, "SUBUNIT": "Ethiopia", "SU_A3": "ETH", "BRK_DIFF": 0, "NAME": "Ethiopia", "NAME_LONG": "Ethiopia", "BRK_A3": "ETH", "BRK_NAME": "Ethiopia", "BRK_GROUP": null, "ABBREV": "Eth.", "POSTAL": "ET", "FORMAL_EN": "Federal Democratic Republic of Ethiopia", "FORMAL_FR": null, "NAME_CIAWF": "Ethiopia", "NOTE_ADM0": null, "NOTE_BRK": null, "NAME_SORT": "Ethiopia", "NAME_ALT": null, "MAPCOLOR7": 4, "MAPCOLOR8": 4, "MAPCOLOR9": 1, "MAPCOLOR13": 13, "POP_EST": 112078730, "POP_RANK": 17, "POP_YEAR": 2019, "GDP_MD": 95912, "GDP_YEAR": 2019, "ECONOMY": "7. Least developed region", "INCOME_GRP": "5. Low income", "FIPS_10": "ET", "ISO_A2": "ET", "ISO_A2_EH": "ET", "ISO_A3": "ETH", "ISO_A3_EH": "ETH", "ISO_N3": "231", "ISO_N3_EH": "231", "UN_A3": "231", "WB_A2": "ET", "WB_A3": "ETH", "WOE_ID": 23424808, "WOE_ID_EH": 23424808, "WOE_NOTE": "Exact WOE match as country", "ADM0_ISO": "ETH", "ADM0_DIFF": null, "ADM0_TLC": "ETH", "ADM0_A3_US": "ETH", "ADM0_A3_FR": "ETH", "ADM0_A3_RU": "ETH", "ADM0_A3_ES": "ETH", "ADM0_A3_CN": "ETH", "ADM0_A3_TW": "ETH", "ADM0_A3_IN": "ETH", "ADM0_A3_NP": "ETH", "ADM0_A3_PK": "ETH", "ADM0_A3_DE": "ETH", "ADM0_A3_GB": "ETH", "ADM0_A3_BR": "ETH", "ADM0_A3_IL": "ETH", "ADM0_A3_PS": "ETH", "ADM0_A3_SA": "ETH", "ADM0_A3_EG": "ETH", "ADM0_A3_MA": "ETH", "ADM0_A3_PT": "ETH", "ADM0_A3_AR": "ETH", "ADM0_A3_JP": "ETH", "ADM0_A3_KO": "ETH", "ADM0_A3_VN": "ETH", "ADM0_A3_TR": "ETH", "ADM0_A3_ID": "ETH", "ADM0_A3_PL": "ETH", "ADM0_A3_GR": "ETH", "ADM0_A3_IT": "ETH", "ADM0_A3_NL": "ETH", "ADM0_A3_SE": "ETH", "ADM0_A3_BD": "ETH", "ADM0_A3_UA": "ETH", "ADM0_A3_UN": -99, "ADM0_A3_WB": -99, "CONTINENT": "Africa", "REGION_UN": "Africa", "SUBREGION": "Eastern Africa", "REGION_WB": "Sub-Saharan Africa", "NAME_LEN": 8, "LONG_LEN": 8, "ABBREV_LEN": 4, "TINY": -99, "HOMEPART": 1, "MIN_ZOOM": 0, "MIN_LABEL": 2, "MAX_LABEL": 7, "LABEL_X": 39.0886, "LABEL_Y": 8.032795, "NE_ID": 1159320617, "WIKIDATAID": "Q115", "NAME_AR": "\u0625\u062b\u064a\u0648\u0628\u064a\u0627", "NAME_BN": "\u0987\u09a5\u09bf\u0993\u09aa\u09bf\u09af\u09bc\u09be", "NAME_DE": "\u00c4thiopien", "NAME_EN": "Ethiopia", "NAME_ES": "Etiop\u00eda", "NAME_FA": "\u0627\u062a\u06cc\u0648\u067e\u06cc", "NAME_FR": "\u00c9thiopie", "NAME_EL": "\u0391\u03b9\u03b8\u03b9\u03bf\u03c0\u03af\u03b1", "NAME_HE": "\u05d0\u05ea\u05d9\u05d5\u05e4\u05d9\u05d4", "NAME_HI": "\u0907\u0925\u093f\u092f\u094b\u092a\u093f\u092f\u093e", "NAME_HU": "Eti\u00f3pia", "NAME_ID": "Ethiopia", "NAME_IT": "Etiopia", "NAME_JA": "\u30a8\u30c1\u30aa\u30d4\u30a2", "NAME_KO": "\uc5d0\ud2f0\uc624\ud53c\uc544", "NAME_NL": "Ethiopi\u00eb", "NAME_PL": "Etiopia", "NAME_PT": "Eti\u00f3pia", "NAME_RU": "\u042d\u0444\u0438\u043e\u043f\u0438\u044f", "NAME_SV": "Etiopien", "NAME_TR": "Etiyopya", "NAME_UK": "\u0415\u0444\u0456\u043e\u043f\u0456\u044f", "NAME_UR": "\u0627\u06cc\u062a\u06be\u0648\u067e\u06cc\u0627", "NAME_VI": "Ethiopia", "NAME_ZH": "\u57c3\u585e\u4fc4\u6bd4\u4e9a", "NAME_ZHT": "\u8863\u7d22\u6bd4\u4e9e", "FCLASS_ISO": "Admin-0 country", "TLC_DIFF": null, "FCLASS_TLC": "Admin-0 country", "FCLASS_US": null, "FCLASS_FR": null, "FCLASS_RU": null, "FCLASS_ES": null, "FCLASS_CN": null, "FCLASS_TW": null, "FCLASS_IN": null, "FCLASS_NP": null, "FCLASS_PK": null, "FCLASS_DE": null, "FCLASS_GB": null, "FCLASS_BR": null, "FCLASS_IL": null, "FCLASS_PS": null, "FCLASS_SA": null, "FCLASS_EG": null, "FCLASS_MA": null, "FCLASS_PT": null, "FCLASS_AR": null, "FCLASS_JP": null, "FCLASS_KO": null, "FCLASS_VN": null, "FCLASS_TR": null, "FCLASS_ID": null, "FCLASS_PL": null, "FCLASS_GR": null, "FCLASS_IT": null, "FCLASS_NL": null, "FCLASS_SE": null, "FCLASS_BD": null, "FCLASS_UA": null}, "bbox": [32.95418, 3.42206, 47.78942, 14.95943], "geometry": {"type": "Polygon", "coordinates": [[[47.78942, 8.003], [39.85494, 3.83879], [35.817448, 4.776966], [33.2948, 8.35458], [35.86363, 12.57828], [40.02625, 14.51959], [41.73959, 11.35511], [43.67875, 9.18358], [47.78942, 8.003]]]}}, {"type": "Feature", "properties": {"featurecla": "Admin-0 country", "scalerank": 1, "LABELRANK": 5, "SOVEREIGNT": "Djibouti", "SOV_A3": "DJI", "ADM0_DIF": 0, "LEVEL": 2, "TYPE": "Sovereign country", "TLC": "1", "ADMIN": "Djibouti", "ADM0_A3": "DJI", "GEOU_DIF": 0, "GEOUNIT": "Djibouti", "GU_A3": "DJI", "SU_DIF": 0, "SUBUNIT": "Djibouti", "SU_A3": "DJI", "BRK_DIFF": 0, "NAME": "Djibouti", "NAME_LONG": "Djibouti", "BRK_A3": "DJI", "BRK_NAME": "Djibouti", "BRK_GROUP": null, "ABBREV": "Dji.", "POSTAL": "DJ", "FORMAL_EN": "Republic of Djibouti", "FORMAL_FR": null, "NAME_CIAWF": "Djibouti", "NOTE_ADM0": null, "NOTE_BRK": null, "NAME_SORT": "Djibouti", "NAME_ALT": null, "MAPCOLOR7": 1, "MAPCOLOR8": 2, "MAPCOLOR9": 4, "MAPCOLOR13": 8, "POP_EST": 973560, "POP_RANK": 11, "POP_YEAR": 2019, "GDP_MD": 3324, "GDP_YEAR": 2019, "ECONOMY": "7. Least developed region", "INCOME_GRP": "4. Lower middle income", "FIPS_10": "DJ", "ISO_A2": "DJ", "ISO_A2_EH": "DJ", "ISO_A3": "DJI", "ISO_A3_EH": "DJI", "ISO_N3": "262", "ISO_N3_EH": "262", "UN_A3": "262", "WB_A2": "DJ", "WB_A3": "DJI", "WOE_ID": 23424797, "WOE_ID_EH": 23424797, "WOE_NOTE": "Exact WOE match as country", "ADM0_ISO": "DJI", "ADM0_DIFF": null, "ADM0_TLC": "DJI", "ADM0_A3_US": "DJI", "ADM0_A3_FR": "DJI", "ADM0_A3_RU": "DJI", "ADM0_A3_ES": "DJI", "ADM0_A3_CN": "DJI", "ADM0_A3_TW": "DJI", "ADM0_A3_IN": "DJI", "ADM0_A3_NP": "DJI", "ADM0_A3_PK": "DJI", "ADM0_A3_DE": "DJI", "ADM0_A3_GB": "DJI", "ADM0_A3_BR": "DJI", "ADM0_A3_IL": "DJI", "ADM0_A3_PS": "DJI", "ADM0_A3_SA": "DJI", "ADM0_A3_EG": "DJI", "ADM0_A3_MA": "DJI", "ADM0_A3_PT": "DJI", "ADM0_A3_AR": "DJI", "ADM0_A3_JP": "DJI", "ADM0_A3_KO": "DJI", "ADM0_A3_VN": "DJI", "ADM0_A3_TR": "DJI", "ADM0_A3_ID": "DJI", "ADM0_A3_PL": "DJI", "ADM0_A3_GR": "DJI", "ADM0_A3_IT": "DJI", "ADM0_A3_NL": "DJI", "ADM0_A3_SE": "DJI", "ADM0_A3_BD": "DJI", "ADM0_A3_UA": "DJI", "ADM0_A3_UN": -99, "ADM0_A3_WB": -99, "CONTINENT": "Africa", "REGION_UN": "Africa", "SUBREGION": "Eastern Africa", "REGION_WB": "Middle East & North Africa", "NAME_LEN": 8, "LONG_LEN": 8, "ABBREV_LEN": 4, "TINY": -99, "HOMEPART": 1, "MIN_ZOOM": 0, "MIN_LABEL": 4, "MAX_LABEL": 9, "LABEL_X": 42.498825, "LABEL_Y": 11.976343, "NE_ID": 1159320541, "WIKIDATAID": "Q977", "NAME_AR": "\u062c\u064a\u0628\u0648\u062a\u064a", "NAME_BN": "\u099c\u09bf\u09ac\u09c1\u09a4\u09bf", "NAME_DE": "Dschibuti", "NAME_EN": "Djibouti", "NAME_ES": "Yibuti", "NAME_FA": "\u062c\u06cc\u0628\u0648\u062a\u06cc", "NAME_FR": "Djibouti", "NAME_EL": "\u03a4\u03b6\u03b9\u03bc\u03c0\u03bf\u03c5\u03c4\u03af", "NAME_HE": "\u05d2'\u05d9\u05d1\u05d5\u05d8\u05d9", "NAME_HI": "\u091c\u093f\u092c\u0942\u0924\u0940", "NAME_HU": "Dzsibuti", "NAME_ID": "Djibouti", "NAME_IT": "Gibuti", "NAME_JA": "\u30b8\u30d6\u30c1", "NAME_KO": "\uc9c0\ubd80\ud2f0", "NAME_NL": "Djibouti", "NAME_PL": "D\u017cibuti", "NAME_PT": "Djibouti", "NAME_RU": "\u0414\u0436\u0438\u0431\u0443\u0442\u0438", "NAME_SV": "Djibouti", "NAME_TR": "Cibuti", "NAME_UK": "\u0414\u0436\u0438\u0431\u0443\u0442\u0456", "NAME_UR": "\u062c\u0628\u0648\u062a\u06cc", "NAME_VI": "Djibouti", "NAME_ZH": "\u5409\u5e03\u63d0", "NAME_ZHT": "\u5409\u5e03\u5730", "FCLASS_ISO": "Admin-0 country", "TLC_DIFF": null, "FCLASS_TLC": "Admin-0 country", "FCLASS_US": null, "FCLASS_FR": null, "FCLASS_RU": null, "FCLASS_ES": null, "FCLASS_CN": null, "FCLASS_TW": null, "FCLASS_IN": null, "FCLASS_NP": null, "FCLASS_PK": null, "FCLASS_DE": null, "FCLASS_GB": null, "FCLASS_BR": null, "FCLASS_IL": null, "FCLASS_PS": null, "FCLASS_SA": null, "FCLASS_EG": null, "FCLASS_MA": null, "FCLASS_PT": null, "FCLASS_AR": null, "FCLASS_JP": null, "FCLASS_KO": null, "FCLASS_VN": null, "FCLASS_TR": null, "FCLASS_ID": null, "FCLASS_PL": null, "FCLASS_GR": null, "FCLASS_IT": null, "FCLASS_NL": null, "FCLASS_SE": null, "FCLASS_BD": null, "FCLASS_UA": null}, "bbox": [41.66176, 10.926879, 43.317852, 12.699639], "geometry": {"type": "Polygon", "coordinates": [[[42.35156, 12.54223], [42.55493, 11.10511], [42.35156, 12.54223]]]}}, {"type": "Feature", "properties": {"featurecla": "Admin-0 country", "scalerank": 1, "LABELRANK": 5, "SOVEREIGNT": "Somaliland", "SOV_A3": "SOL", "ADM0_DIF": 0, "LEVEL": 2, "TYPE": "Sovereign country", "TLC": "1", "ADMIN": "Somaliland", "ADM0_A3": "SOL", "GEOU_DIF": 0, "GEOUNIT": "Somaliland", "GU_A3": "SOL", "SU_DIF": 0, "SUBUNIT": "Somaliland", "SU_A3": "SOL", "BRK_DIFF": 0, "NAME": "Somaliland", "NAME_LONG": "Somaliland", "BRK_A3": "SOL", "BRK_NAME": "Somaliland", "BRK_GROUP": null, "ABBREV": "Solnd.", "POSTAL": "SL", "FORMAL_EN": "Republic of Somaliland", "FORMAL_FR": null, "NAME_CIAWF": null, "NOTE_ADM0": "Disputed", "NOTE_BRK": "Self admin.; Claimed by Somalia", "NAME_SORT": "Somaliland", "NAME_ALT": null, "MAPCOLOR7": 3, "MAPCOLOR8": 6, "MAPCOLOR9": 5, "MAPCOLOR13": 2, "POP_EST": 5096159, "POP_RANK": 13, "POP_YEAR": 2014, "GDP_MD": 17836, "GDP_YEAR": 2013, "ECONOMY": "6. Developing region", "INCOME_GRP": "4. Lower middle income", "FIPS_10": "-99", "ISO_A2": "-99", "ISO_A2_EH": "-99", "ISO_A3": "-99", "ISO_A3_EH": "-99", "ISO_N3": "-99", "ISO_N3_EH": "-99", "UN_A3": "-099", "WB_A2": "-99", "WB_A3": "-99", "WOE_ID": -99, "WOE_ID_EH": -99, "WOE_NOTE": "Includes old states of 2347021, 2347020, 2347017 and portion of 2347016.", "ADM0_ISO": "SOM", "ADM0_DIFF": "1", "ADM0_TLC": "SOL", "ADM0_A3_US": "SOM", "ADM0_A3_FR": "SOM", "ADM0_A3_RU": "SOM", "ADM0_A3_ES": "SOM", "ADM0_A3_CN": "SOM", "ADM0_A3_TW": "SOL", "ADM0_A3_IN": "SOM", "ADM0_A3_NP": "SOM", "ADM0_A3_PK": "SOM", "ADM0_A3_DE": "SOM", "ADM0_A3_GB": "SOM", "ADM0_A3_BR": "SOM", "ADM0_A3_IL": "SOM", "ADM0_A3_PS": "SOM", "ADM0_A3_SA": "SOM", "ADM0_A3_EG": "SOM", "ADM0_A3_MA": "SOM", "ADM0_A3_PT": "SOM", "ADM0_A3_AR": "SOM", "ADM0_A3_JP": "SOM", "ADM0_A3_KO": "SOM", "ADM0_A3_VN": "SOM", "ADM0_A3_TR": "SOM", "ADM0_A3_ID": "SOM", "ADM0_A3_PL": "SOM", "ADM0_A3_GR": "SOM", "ADM0_A3_IT": "SOM", "ADM0_A3_NL": "SOM", "ADM0_A3_SE": "SOM", "ADM0_A3_BD": "SOM", "ADM0_A3_UA": "SOM", "ADM0_A3_UN": -99, "ADM0_A3_WB": -99, "CONTINENT": "Africa", "REGION_UN": "Africa", "SUBREGION": "Eastern Africa", "REGION_WB": "Sub-Saharan Africa", "NAME_LEN": 10, "LONG_LEN": 10, "ABBREV_LEN": 6, "TINY": -99, "HOMEPART": 1, "MIN_ZOOM": 4, "MIN_LABEL": 4.5, "MAX_LABEL": 9, "LABEL_X": 46.731595, "LABEL_Y": 9.443889, "NE_ID": 1159321259, "WIKIDATAID": "Q34754", "NAME_AR": "\u0635\u0648\u0645\u0627\u0644\u064a\u0644\u0627\u0646\u062f", "NAME_BN": "\u09b8\u09cb\u09ae\u09be\u09b2\u09bf\u09b2\u09cd\u09af\u09be\u09a8\u09cd\u09a1", "NAME_DE": "Somaliland", "NAME_EN": "Somaliland", "NAME_ES": "Somalilandia", "NAME_FA": "\u0633\u0648\u0645\u0627\u0644\u06cc\u0644\u0646\u062f", "NAME_FR": "Somaliland", "NAME_EL": "\u03a3\u03bf\u03bc\u03b1\u03bb\u03b9\u03bb\u03ac\u03bd\u03b4\u03b7", "NAME_HE": "\u05e1\u05d5\u05de\u05dc\u05d9\u05dc\u05e0\u05d3", "NAME_HI": "\u0938\u094b\u092e\u093e\u0932\u0940\u0926\u0947\u0936", "NAME_HU": "Szom\u00e1lif\u00f6ld", "NAME_ID": "Somaliland", "NAME_IT": "Somaliland", "NAME_JA": "\u30bd\u30de\u30ea\u30e9\u30f3\u30c9", "NAME_KO": "\uc18c\ub9d0\ub9b4\ub780\ub4dc", "NAME_NL": "Somaliland", "NAME_PL": "Somaliland", "NAME_PT": "Somalil\u00e2ndia", "NAME_RU": "\u0421\u043e\u043c\u0430\u043b\u0438\u043b\u0435\u043d\u0434", "NAME_SV": "Somaliland", "NAME_TR": "Somaliland", "NAME_UK": "\u0421\u043e\u043c\u0430\u043b\u0456\u043b\u0435\u043d\u0434", "NAME_UR": "\u0635\u0648\u0645\u0627\u0644\u06cc \u0644\u06cc\u0646\u0688", "NAME_VI": "Somaliland", "NAME_ZH": "\u7d22\u9a6c\u91cc\u5170", "NAME_ZHT": "\u7d22\u99ac\u5229\u862d", "FCLASS_ISO": "Unrecognized", "TLC_DIFF": "1", "FCLASS_TLC": "Admin-0 country", "FCLASS_US": "Unrecognized", "FCLASS_FR": "Unrecognized", "FCLASS_RU": "Unrecognized", "FCLASS_ES": "Unrecognized", "FCLASS_CN": "Unrecognized", "FCLASS_TW": "Admin-0 country", "FCLASS_IN": "Unrecognized", "FCLASS_NP": "Unrecognized", "FCLASS_PK": "Unrecognized", "FCLASS_DE": "Unrecognized", "FCLASS_GB": "Unrecognized", "FCLASS_BR": "Unrecognized", "FCLASS_IL": "Unrecognized", "FCLASS_PS": "Unrecognized", "FCLASS_SA": "Unrecognized", "FCLASS_EG": "Unrecognized", "FCLASS_MA": "Unrecognized", "FCLASS_PT": "Unrecognized", "FCLASS_AR": "Unrecognized", "FCLASS_JP": "Unrecognized", "FCLASS_KO": "Unrecognized", "FCLASS_VN": "Unrecognized", "FCLASS_TR": "Unrecognized", "FCLASS_ID": "Unrecognized", "FCLASS_PL": "Unrecognized", "FCLASS_GR": "Unrecognized", "FCLASS_IT": "Unrecognized", "FCLASS_NL": "Unrecognized", "FCLASS_SE": "Unrecognized", "FCLASS_BD": "Unrecognized", "FCLASS_UA": "Unrecognized"}, "bbox": [42.55876, 7.99688, 48.948206, 11.46204], "geometry": {"type": "Polygon", "coordinates": [[[48.948205, 11.410617], [46.94834, 7.99688], [43.666668, 10.864169], [48.948206, 11.410622], [48.948205, 11.410617]]]}}, {"type": "Feature", "properties": {"featurecla": "Admin-0 country", "scalerank": 1, "LABELRANK": 3, "SOVEREIGNT": "Uganda", "SOV_A3": "UGA", "ADM0_DIF": 0, "LEVEL": 2, "TYPE": "Sovereign country", "TLC": "1", "ADMIN": "Uganda", "ADM0_A3": "UGA", "GEOU_DIF": 0, "GEOUNIT": "Uganda", "GU_A3": "UGA", "SU_DIF": 0, "SUBUNIT": "Uganda", "SU_A3": "UGA", "BRK_DIFF": 0, "NAME": "Uganda", "NAME_LONG": "Uganda", "BRK_A3": "UGA", "BRK_NAME": "Uganda", "BRK_GROUP": null, "ABBREV": "Uga.", "POSTAL": "UG", "FORMAL_EN": "Republic of Uganda", "FORMAL_FR": null, "NAME_CIAWF": "Uganda", "NOTE_ADM0": null, "NOTE_BRK": null, "NAME_SORT": "Uganda", "NAME_ALT": null, "MAPCOLOR7": 6, "MAPCOLOR8": 3, "MAPCOLOR9": 6, "MAPCOLOR13": 4, "POP_EST": 44269594, "POP_RANK": 15, "POP_YEAR": 2019, "GDP_MD": 35165, "GDP_YEAR": 2019, "ECONOMY": "7. Least developed region", "INCOME_GRP": "5. Low income", "FIPS_10": "UG", "ISO_A2": "UG", "ISO_A2_EH": "UG", "ISO_A3": "UGA", "ISO_A3_EH": "UGA", "ISO_N3": "800", "ISO_N3_EH": "800", "UN_A3": "800", "WB_A2": "UG", "WB_A3": "UGA", "WOE_ID": 23424974, "WOE_ID_EH": 23424974, "WOE_NOTE": "Exact WOE match as country", "ADM0_ISO": "UGA", "ADM0_DIFF": null, "ADM0_TLC": "UGA", "ADM0_A3_US": "UGA", "ADM0_A3_FR": "UGA", "ADM0_A3_RU": "UGA", "ADM0_A3_ES": "UGA", "ADM0_A3_CN": "UGA", "ADM0_A3_TW": "UGA", "ADM0_A3_IN": "UGA", "ADM0_A3_NP": "UGA", "ADM0_A3_PK": "UGA", "ADM0_A3_DE": "UGA", "ADM0_A3_GB": "UGA", "ADM0_A3_BR": "UGA", "ADM0_A3_IL": "UGA", "ADM0_A3_PS": "UGA", "ADM0_A3_SA": "UGA", "ADM0_A3_EG": "UGA", "ADM0_A3_MA": "UGA", "ADM0_A3_PT": "UGA", "ADM0_A3_AR": "UGA", "ADM0_A3_JP": "UGA", "ADM0_A3_KO": "UGA", "ADM0_A3_VN": "UGA", "ADM0_A3_TR": "UGA", "ADM0_A3_ID": "UGA", "ADM0_A3_PL": "UGA", "ADM0_A3_GR": "UGA", "ADM0_A3_IT": "UGA", "ADM0_A3_NL": "UGA", "ADM0_A3_SE": "UGA", "ADM0_A3_BD": "UGA", "ADM0_A3_UA": "UGA", "ADM0_A3_UN": -99, "ADM0_A3_WB": -99, "CONTINENT": "Africa", "REGION_UN": "Africa", "SUBREGION": "Eastern Africa", "REGION_WB": "Sub-Saharan Africa", "NAME_LEN": 6, "LONG_LEN": 6, "ABBREV_LEN": 4, "TINY": -99, "HOMEPART": 1, "MIN_ZOOM": 0, "MIN_LABEL": 3, "MAX_LABEL": 8, "LABEL_X": 32.948555, "LABEL_Y": 1.972589, "NE_ID": 1159321343, "WIKIDATAID": "Q1036", "NAME_AR": "\u0623\u0648\u063a\u0646\u062f\u0627", "NAME_BN": "\u0989\u0997\u09be\u09a8\u09cd\u09a1\u09be", "NAME_DE": "Uganda", "NAME_EN": "Uganda", "NAME_ES": "Uganda", "NAME_FA": "\u0627\u0648\u06af\u0627\u0646\u062f\u0627", "NAME_FR": "Ouganda", "NAME_EL": "\u039f\u03c5\u03b3\u03ba\u03ac\u03bd\u03c4\u03b1", "NAME_HE": "\u05d0\u05d5\u05d2\u05e0\u05d3\u05d4", "NAME_HI": "\u092f\u0941\u0917\u093e\u0923\u094d\u0921\u093e", "NAME_HU": "Uganda", "NAME_ID": "Uganda", "NAME_IT": "Uganda", "NAME_JA": "\u30a6\u30ac\u30f3\u30c0", "NAME_KO": "\uc6b0\uac04\ub2e4", "NAME_NL": "Oeganda", "NAME_PL": "Uganda", "NAME_PT": "Uganda", "NAME_RU": "\u0423\u0433\u0430\u043d\u0434\u0430", "NAME_SV": "Uganda", "NAME_TR": "Uganda", "NAME_UK": "\u0423\u0433\u0430\u043d\u0434\u0430", "NAME_UR": "\u06cc\u0648\u06af\u0646\u0688\u0627", "NAME_VI": "Uganda", "NAME_ZH": "\u4e4c\u5e72\u8fbe", "NAME_ZHT": "\u70cf\u5e72\u9054", "FCLASS_ISO": "Admin-0 country", "TLC_DIFF": null, "FCLASS_TLC": "Admin-0 country", "FCLASS_US": null, "FCLASS_FR": null, "FCLASS_RU": null, "FCLASS_ES": null, "FCLASS_CN": null, "FCLASS_TW": null, "FCLASS_IN": null, "FCLASS_NP": null, "FCLASS_PK": null, "FCLASS_DE": null, "FCLASS_GB": null, "FCLASS_BR": null, "FCLASS_IL": null, "FCLASS_PS": null, "FCLASS_SA": null, "FCLASS_EG": null, "FCLASS_MA": null, "FCLASS_PT": null, "FCLASS_AR": null, "FCLASS_JP": null, "FCLASS_KO": null, "FCLASS_VN": null, "FCLASS_TR": null, "FCLASS_ID": null, "FCLASS_PL": null, "FCLASS_GR": null, "FCLASS_IT": null, "FCLASS_NL": null, "FCLASS_SE": null, "FCLASS_BD": null, "FCLASS_UA": null}, "bbox": [29.579466, -1.443322, 35.03599, 4.249885], "geometry": {"type": "Polygon", "coordinates": [[[33.903711, -0.95], [29.875779, 0.59738], [31.24556, 3.7819], [34.6721, 1.17694], [33.903711, -0.95]]]}}, {"type": "Feature", "properties": {"featurecla": "Admin-0 country", "scalerank": 1, "LABELRANK": 3, "SOVEREIGNT": "Rwanda", "SOV_A3": "RWA", "ADM0_DIF": 0, "LEVEL": 2, "TYPE": "Sovereign country", "TLC": "1", "ADMIN": "Rwanda", "ADM0_A3": "RWA", "GEOU_DIF": 0, "GEOUNIT": "Rwanda", "GU_A3": "RWA", "SU_DIF": 0, "SUBUNIT": "Rwanda", "SU_A3": "RWA", "BRK_DIFF": 0, "NAME": "Rwanda", "NAME_LONG": "Rwanda", "BRK_A3": "RWA", "BRK_NAME": "Rwanda", "BRK_GROUP": null, "ABBREV": "Rwa.", "POSTAL": "RW", "FORMAL_EN": "Republic of Rwanda", "FORMAL_FR": null, "NAME_CIAWF": "Rwanda", "NOTE_ADM0": null, "NOTE_BRK": null, "NAME_SORT": "Rwanda", "NAME_ALT": null, "MAPCOLOR7": 5, "MAPCOLOR8": 2, "MAPCOLOR9": 3, "MAPCOLOR13": 10, "POP_EST": 12626950, "POP_RANK": 14, "POP_YEAR": 2019, "GDP_MD": 10354, "GDP_YEAR": 2019, "ECONOMY": "7. Least developed region", "INCOME_GRP": "5. Low income", "FIPS_10": "RW", "ISO_A2": "RW", "ISO_A2_EH": "RW", "ISO_A3": "RWA", "ISO_A3_EH": "RWA", "ISO_N3": "646", "ISO_N3_EH": "646", "UN_A3": "646", "WB_A2": "RW", "WB_A3": "RWA", "WOE_ID": 23424937, "WOE_ID_EH": 23424937, "WOE_NOTE": "Exact WOE match as country", "ADM0_ISO": "RWA", "ADM0_DIFF": null, "ADM0_TLC": "RWA", "ADM0_A3_US": "RWA", "ADM0_A3_FR": "RWA", "ADM0_A3_RU": "RWA", "ADM0_A3_ES": "RWA", "ADM0_A3_CN": "RWA", "ADM0_A3_TW": "RWA", "ADM0_A3_IN": "RWA", "ADM0_A3_NP": "RWA", "ADM0_A3_PK": "RWA", "ADM0_A3_DE": "RWA", "ADM0_A3_GB": "RWA", "ADM0_A3_BR": "RWA", "ADM0_A3_IL": "RWA", "ADM0_A3_PS": "RWA", "ADM0_A3_SA": "RWA", "ADM0_A3_EG": "RWA", "ADM0_A3_MA": "RWA", "ADM0_A3_PT": "RWA", "ADM0_A3_AR": "RWA", "ADM0_A3_JP": "RWA", "ADM0_A3_KO": "RWA", "ADM0_A3_VN": "RWA", "ADM0_A3_TR": "RWA", "ADM0_A3_ID": "RWA", "ADM0_A3_PL": "RWA", "ADM0_A3_GR": "RWA", "ADM0_A3_IT": "RWA", "ADM0_A3_NL": "RWA", "ADM0_A3_SE": "RWA", "ADM0_A3_BD": "RWA", "ADM0_A3_UA": "RWA", "ADM0_A3_UN": -99, "ADM0_A3_WB": -99, "CONTINENT": "Africa", "REGION_UN": "Africa", "SUBREGION": "Eastern Africa", "REGION_WB": "Sub-Saharan Africa", "NAME_LEN": 6, "LONG_LEN": 6, "ABBREV_LEN": 4, "TINY": -99, "HOMEPART": 1, "MIN_ZOOM": 0, "MIN_LABEL": 3, "MAX_LABEL": 8, "LABEL_X": 30.103894, "LABEL_Y": -1.897196, "NE_ID": 1159321219, "WIKIDATAID": "Q1037", "NAME_AR": "\u0631\u0648\u0627\u0646\u062f\u0627", "NAME_BN": "\u09b0\u09c1\u09af\u09bc\u09be\u09a8\u09cd\u09a1\u09be", "NAME_DE": "Ruanda", "NAME_EN": "Rwanda", "NAME_ES": "Ruanda", "NAME_FA": "\u0631\u0648\u0627\u0646\u062f\u0627", "NAME_FR": "Rwanda", "NAME_EL": "\u03a1\u03bf\u03c5\u03ac\u03bd\u03c4\u03b1", "NAME_HE": "\u05e8\u05d5\u05d0\u05e0\u05d3\u05d4", "NAME_HI": "\u0930\u0935\u093e\u0923\u094d\u0921\u093e", "NAME_HU": "Ruanda", "NAME_ID": "Rwanda", "NAME_IT": "Ruanda", "NAME_JA": "\u30eb\u30ef\u30f3\u30c0", "NAME_KO": "\ub974\uc644\ub2e4", "NAME_NL": "Rwanda", "NAME_PL": "Rwanda", "NAME_PT": "Ruanda", "NAME_RU": "\u0420\u0443\u0430\u043d\u0434\u0430", "NAME_SV": "Rwanda", "NAME_TR": "Ruanda", "NAME_UK": "\u0420\u0443\u0430\u043d\u0434\u0430", "NAME_UR": "\u0631\u0648\u0627\u0646\u0688\u0627", "NAME_VI": "Rwanda", "NAME_ZH": "\u5362\u65fa\u8fbe", "NAME_ZHT": "\u76e7\u65fa\u9054", "FCLASS_ISO": "Admin-0 country", "TLC_DIFF": null, "FCLASS_TLC": "Admin-0 country", "FCLASS_US": null, "FCLASS_FR": null, "FCLASS_RU": null, "FCLASS_ES": null, "FCLASS_CN": null, "FCLASS_TW": null, "FCLASS_IN": null, "FCLASS_NP": null, "FCLASS_PK": null, "FCLASS_DE": null, "FCLASS_GB": null, "FCLASS_BR": null, "FCLASS_IL": null, "FCLASS_PS": null, "FCLASS_SA": null, "FCLASS_EG": null, "FCLASS_MA": null, "FCLASS_PT": null, "FCLASS_AR": null, "FCLASS_JP": null, "FCLASS_KO": null, "FCLASS_VN": null, "FCLASS_TR": null, "FCLASS_ID": null, "FCLASS_PL": null, "FCLASS_GR": null, "FCLASS_IT": null, "FCLASS_NL": null, "FCLASS_SE": null, "FCLASS_BD": null, "FCLASS_UA": null}, "bbox": [29.024926, -2.917858, 30.816135, -1.134659], "geometry": {"type": "Polygon", "coordinates": [[[30.419105, -1.134659], [29.117479, -2.292211], [30.419105, -1.134659]]]}}, {"type": "Feature", "properties": {"featurecla": "Admin-0 country", "scalerank": 1, "LABELRANK": 5, "SOVEREIGNT": "Bosnia and Herzegovina", "SOV_A3": "BIH", "ADM0_DIF": 0, "LEVEL": 2, "TYPE": "Sovereign country", "TLC": "1", "ADMIN": "Bosnia and Herzegovina", "ADM0_A3": "BIH", "GEOU_DIF": 0, "GEOUNIT": "Bosnia and Herzegovina", "GU_A3": "BIH", "SU_DIF": 0, "SUBUNIT": "Bosnia and Herzegovina", "SU_A3": "BIH", "BRK_DIFF": 0, "NAME": "Bosnia and Herz.", "NAME_LONG": "Bosnia and Herzegovina", "BRK_A3": "BIH", "BRK_NAME": "Bosnia and Herz.", "BRK_GROUP": null, "ABBREV": "B.H.", "POSTAL": "BiH", "FORMAL_EN": "Bosnia and Herzegovina", "FORMAL_FR": null, "NAME_CIAWF": "Bosnia and Herzegovina", "NOTE_ADM0": null, "NOTE_BRK": null, "NAME_SORT": "Bosnia and Herzegovina", "NAME_ALT": null, "MAPCOLOR7": 1, "MAPCOLOR8": 1, "MAPCOLOR9": 1, "MAPCOLOR13": 2, "POP_EST": 3301000, "POP_RANK": 12, "POP_YEAR": 2019, "GDP_MD": 20164, "GDP_YEAR": 2019, "ECONOMY": "6. Developing region", "INCOME_GRP": "3. Upper middle income", "FIPS_10": "BK", "ISO_A2": "BA", "ISO_A2_EH": "BA", "ISO_A3": "BIH", "ISO_A3_EH": "BIH", "ISO_N3": "070", "ISO_N3_EH": "070", "UN_A3": "070", "WB_A2": "BA", "WB_A3": "BIH", "WOE_ID": 23424761, "WOE_ID_EH": 23424761, "WOE_NOTE": "Exact WOE match as country", "ADM0_ISO": "BIH", "ADM0_DIFF": null, "ADM0_TLC": "BIH", "ADM0_A3_US": "BIH", "ADM0_A3_FR": "BIH", "ADM0_A3_RU": "BIH", "ADM0_A3_ES": "BIH", "ADM0_A3_CN": "BIH", "ADM0_A3_TW": "BIH", "ADM0_A3_IN": "BIH", "ADM0_A3_NP": "BIH", "ADM0_A3_PK": "BIH", "ADM0_A3_DE": "BIH", "ADM0_A3_GB": "BIH", "ADM0_A3_BR": "BIH", "ADM0_A3_IL": "BIH", "ADM0_A3_PS": "BIH", "ADM0_A3_SA": "BIH", "ADM0_A3_EG": "BIH", "ADM0_A3_MA": "BIH", "ADM0_A3_PT": "BIH", "ADM0_A3_AR": "BIH", "ADM0_A3_JP": "BIH", "ADM0_A3_KO": "BIH", "ADM0_A3_VN": "BIH", "ADM0_A3_TR": "BIH", "ADM0_A3_ID": "BIH", "ADM0_A3_PL": "BIH", "ADM0_A3_GR": "BIH", "ADM0_A3_IT": "BIH", "ADM0_A3_NL": "BIH", "ADM0_A3_SE": "BIH", "ADM0_A3_BD": "BIH", "ADM0_A3_UA": "BIH", "ADM0_A3_UN": -99, "ADM0_A3_WB": -99, "CONTINENT": "Europe", "REGION_UN": "Europe", "SUBREGION": "Southern Europe", "REGION_WB": "Europe & Central Asia", "NAME_LEN": 16, "LONG_LEN": 22, "ABBREV_LEN": 4, "TINY": -99, "HOMEPART": 1, "MIN_ZOOM": 0, "MIN_LABEL": 4.5, "MAX_LABEL": 6.8, "LABEL_X": 18.06841, "LABEL_Y": 44.091051, "NE_ID": 1159320417, "WIKIDATAID": "Q225", "NAME_AR": "\u0627\u0644\u0628\u0648\u0633\u0646\u0629 \u0648\u0627\u0644\u0647\u0631\u0633\u0643", "NAME_BN": "\u09ac\u09b8\u09a8\u09bf\u09af\u09bc\u09be \u0993 \u09b9\u09be\u09b0\u09cd\u099c\u09c7\u0997\u09cb\u09ad\u09bf\u09a8\u09be", "NAME_DE": "Bosnien und Herzegowina", "NAME_EN": "Bosnia and Herzegovina", "NAME_ES": "Bosnia y Herzegovina", "NAME_FA": "\u0628\u0648\u0633\u0646\u06cc \u0648 \u0647\u0631\u0632\u06af\u0648\u06cc\u0646", "NAME_FR": "Bosnie-Herz\u00e9govine", "NAME_EL": "\u0392\u03bf\u03c3\u03bd\u03af\u03b1 \u03ba\u03b1\u03b9 \u0395\u03c1\u03b6\u03b5\u03b3\u03bf\u03b2\u03af\u03bd\u03b7", "NAME_HE": "\u05d1\u05d5\u05e1\u05e0\u05d9\u05d4 \u05d5\u05d4\u05e8\u05e6\u05d2\u05d5\u05d1\u05d9\u05e0\u05d4", "NAME_HI": "\u092c\u0949\u0938\u094d\u0928\u093f\u092f\u093e \u0914\u0930 \u0939\u0930\u094d\u091c\u093c\u0947\u0917\u094b\u0935\u093f\u0928\u093e", "NAME_HU": "Bosznia-Hercegovina", "NAME_ID": "Bosnia dan Herzegovina", "NAME_IT": "Bosnia ed Erzegovina", "NAME_JA": "\u30dc\u30b9\u30cb\u30a2\u30fb\u30d8\u30eb\u30c4\u30a7\u30b4\u30d3\u30ca", "NAME_KO": "\ubcf4\uc2a4\ub2c8\uc544 \ud5e4\ub974\uccb4\uace0\ube44\ub098", "NAME_NL": "Bosni\u00eb en Herzegovina", "NAME_PL": "Bo\u015bnia i Hercegowina", "NAME_PT": "B\u00f3snia e Herzegovina", "NAME_RU": "\u0411\u043e\u0441\u043d\u0438\u044f \u0438 \u0413\u0435\u0440\u0446\u0435\u0433\u043e\u0432\u0438\u043d\u0430", "NAME_SV": "Bosnien och Hercegovina", "NAME_TR": "Bosna-Hersek", "NAME_UK": "\u0411\u043e\u0441\u043d\u0456\u044f \u0456 \u0413\u0435\u0440\u0446\u0435\u0433\u043e\u0432\u0438\u043d\u0430", "NAME_UR": "\u0628\u0648\u0633\u0646\u06cc\u0627 \u0648 \u06c1\u0631\u0632\u06cc\u06af\u0648\u0648\u06cc\u0646\u0627", "NAME_VI": "Bosna v\u00e0 Hercegovina", "NAME_ZH": "\u6ce2\u65af\u5c3c\u4e9a\u548c\u9ed1\u585e\u54e5\u7ef4\u90a3", "NAME_ZHT": "\u6ce2\u58eb\u5c3c\u4e9e\u8207\u8d6b\u585e\u54e5\u7dad\u7d0d", "FCLASS_ISO": "Admin-0 country", "TLC_DIFF": null, "FCLASS_TLC": "Admin-0 country", "FCLASS_US": null, "FCLASS_FR": null, "FCLASS_RU": null, "FCLASS_ES": null, "FCLASS_CN": null, "FCLASS_TW": null, "FCLASS_IN": null, "FCLASS_NP": null, "FCLASS_PK": null, "FCLASS_DE": null, "FCLASS_GB": null, "FCLASS_BR": null, "FCLASS_IL": null, "FCLASS_PS": null, "FCLASS_SA": null, "FCLASS_EG": null, "FCLASS_MA": null, "FCLASS_PT": null, "FCLASS_AR": null, "FCLASS_JP": null, "FCLASS_KO": null, "FCLASS_VN": null, "FCLASS_TR": null, "FCLASS_ID": null, "FCLASS_PL": null, "FCLASS_GR": null, "FCLASS_IT": null, "FCLASS_NL": null, "FCLASS_SE": null, "FCLASS_BD": null, "FCLASS_UA": null}, "bbox": [15.750026, 42.65, 19.59976, 45.233777], "geometry": {"type": "Polygon", "coordinates": [[[18.56, 42.65], [16.318157, 45.004127], [19.11761, 44.42307], [18.56, 42.65]]]}}, {"type": "Feature", "properties": {"featurecla": "Admin-0 country", "scalerank": 1, "LABELRANK": 6, "SOVEREIGNT": "North Macedonia", "SOV_A3": "MKD", "ADM0_DIF": 0, "LEVEL": 2, "TYPE": "Sovereign country", "TLC": "1", "ADMIN": "North Macedonia", "ADM0_A3": "MKD", "GEOU_DIF": 0, "GEOUNIT": "North Macedonia", "GU_A3": "MKD", "SU_DIF": 0, "SUBUNIT": "North Macedonia", "SU_A3": "MKD", "BRK_DIFF": 0, "NAME": "North Macedonia", "NAME_LONG": "North Macedonia", "BRK_A3": "MKD", "BRK_NAME": "North Macedonia", "BRK_GROUP": null, "ABBREV": "N. Mac.", "POSTAL": "NM", "FORMAL_EN": "Republic of North Macedonia", "FORMAL_FR": null, "NAME_CIAWF": "North Macedonia", "NOTE_ADM0": null, "NOTE_BRK": null, "NAME_SORT": "North Macedonia", "NAME_ALT": null, "MAPCOLOR7": 5, "MAPCOLOR8": 3, "MAPCOLOR9": 7, "MAPCOLOR13": 3, "POP_EST": 2083459, "POP_RANK": 12, "POP_YEAR": 2019, "GDP_MD": 12547, "GDP_YEAR": 2019, "ECONOMY": "6. Developing region", "INCOME_GRP": "3. Upper middle income", "FIPS_10": "MK", "ISO_A2": "MK", "ISO_A2_EH": "MK", "ISO_A3": "MKD", "ISO_A3_EH": "MKD", "ISO_N3": "807", "ISO_N3_EH": "807", "UN_A3": "807", "WB_A2": "MK", "WB_A3": "MKD", "WOE_ID": 23424890, "WOE_ID_EH": 23424890, "WOE_NOTE": "Exact WOE match as country", "ADM0_ISO": "MKD", "ADM0_DIFF": null, "ADM0_TLC": "MKD", "ADM0_A3_US": "MKD", "ADM0_A3_FR": "MKD", "ADM0_A3_RU": "MKD", "ADM0_A3_ES": "MKD", "ADM0_A3_CN": "MKD", "ADM0_A3_TW": "MKD", "ADM0_A3_IN": "MKD", "ADM0_A3_NP": "MKD", "ADM0_A3_PK": "MKD", "ADM0_A3_DE": "MKD", "ADM0_A3_GB": "MKD", "ADM0_A3_BR": "MKD", "ADM0_A3_IL": "MKD", "ADM0_A3_PS": "MKD", "ADM0_A3_SA": "MKD", "ADM0_A3_EG": "MKD", "ADM0_A3_MA": "MKD", "ADM0_A3_PT": "MKD", "ADM0_A3_AR": "MKD", "ADM0_A3_JP": "MKD", "ADM0_A3_KO": "MKD", "ADM0_A3_VN": "MKD", "ADM0_A3_TR": "MKD", "ADM0_A3_ID": "MKD", "ADM0_A3_PL": "MKD", "ADM0_A3_GR": "MKD", "ADM0_A3_IT": "MKD", "ADM0_A3_NL": "MKD", "ADM0_A3_SE": "MKD", "ADM0_A3_BD": "MKD", "ADM0_A3_UA": "MKD", "ADM0_A3_UN": -99, "ADM0_A3_WB": -99, "CONTINENT": "Europe", "REGION_UN": "Europe", "SUBREGION": "Southern Europe", "REGION_WB": "Europe & Central Asia", "NAME_LEN": 15, "LONG_LEN": 15, "ABBREV_LEN": 7, "TINY": -99, "HOMEPART": 1, "MIN_ZOOM": 0, "MIN_LABEL": 5, "MAX_LABEL": 10, "LABEL_X": 21.555839, "LABEL_Y": 41.558223, "NE_ID": 1159321061, "WIKIDATAID": "Q221", "NAME_AR": "\u0645\u0642\u062f\u0648\u0646\u064a\u0627 \u0627\u0644\u0634\u0645\u0627\u0644\u064a\u0629", "NAME_BN": "\u0989\u09a4\u09cd\u09a4\u09b0 \u09ae\u09c7\u09b8\u09bf\u09a1\u09cb\u09a8\u09bf\u09af\u09bc\u09be", "NAME_DE": "Nordmazedonien", "NAME_EN": "North Macedonia", "NAME_ES": "Macedonia del Norte", "NAME_FA": "\u0645\u0642\u062f\u0648\u0646\u06cc\u0647 \u0634\u0645\u0627\u0644\u06cc", "NAME_FR": "Mac\u00e9doine du Nord", "NAME_EL": "\u0392\u03cc\u03c1\u03b5\u03b9\u03b1 \u039c\u03b1\u03ba\u03b5\u03b4\u03bf\u03bd\u03af\u03b1", "NAME_HE": "\u05de\u05e7\u05d3\u05d5\u05e0\u05d9\u05d4 \u05d4\u05e6\u05e4\u05d5\u05e0\u05d9\u05ea", "NAME_HI": "\u0909\u0924\u094d\u0924\u0930 \u092e\u0948\u0938\u093f\u0921\u094b\u0928\u093f\u092f\u093e", "NAME_HU": "\u00c9szak-Maced\u00f3nia", "NAME_ID": "Republik Makedonia Utara", "NAME_IT": "Macedonia del Nord", "NAME_JA": "\u5317\u30de\u30b1\u30c9\u30cb\u30a2", "NAME_KO": "\ubd81\ub9c8\ucf00\ub3c4\ub2c8\uc544", "NAME_NL": "Noord-Macedoni\u00eb", "NAME_PL": "Macedonia P\u00f3\u0142nocna", "NAME_PT": "Maced\u00f3nia do Norte", "NAME_RU": "\u0421\u0435\u0432\u0435\u0440\u043d\u0430\u044f \u041c\u0430\u043a\u0435\u0434\u043e\u043d\u0438\u044f", "NAME_SV": "Nordmakedonien", "NAME_TR": "Kuzey Makedonya", "NAME_UK": "\u041f\u0456\u0432\u043d\u0456\u0447\u043d\u0430 \u041c\u0430\u043a\u0435\u0434\u043e\u043d\u0456\u044f", "NAME_UR": "\u0634\u0645\u0627\u0644\u06cc \u0645\u0642\u062f\u0648\u0646\u06cc\u06c1", "NAME_VI": "B\u1eafc Macedonia", "NAME_ZH": "\u5317\u9a6c\u5176\u987f", "NAME_ZHT": "\u5317\u99ac\u5176\u9813", "FCLASS_ISO": "Admin-0 country", "TLC_DIFF": null, "FCLASS_TLC": "Admin-0 country", "FCLASS_US": null, "FCLASS_FR": null, "FCLASS_RU": null, "FCLASS_ES": null, "FCLASS_CN": null, "FCLASS_TW": null, "FCLASS_IN": null, "FCLASS_NP": null, "FCLASS_PK": null, "FCLASS_DE": null, "FCLASS_GB": null, "FCLASS_BR": null, "FCLASS_IL": null, "FCLASS_PS": null, "FCLASS_SA": null, "FCLASS_EG": null, "FCLASS_MA": null, "FCLASS_PT": null, "FCLASS_AR": null, "FCLASS_JP": null, "FCLASS_KO": null, "FCLASS_VN": null, "FCLASS_TR": null, "FCLASS_ID": null, "FCLASS_PL": null, "FCLASS_GR": null, "FCLASS_IT": null, "FCLASS_NL": null, "FCLASS_SE": null, "FCLASS_BD": null, "FCLASS_UA": null}, "bbox": [20.463175, 40.842727, 22.952377, 42.32026], "geometry": {"type": "Polygon", "coordinates": [[[22.380526, 42.32026], [20.605182, 41.086226], [21.91708, 42.30364], [22.380526, 42.32026]]]}}, {"type": "Feature", "properties": {"featurecla": "Admin-0 country", "scalerank": 1, "LABELRANK": 5, "SOVEREIGNT": "Republic of Serbia", "SOV_A3": "SRB", "ADM0_DIF": 0, "LEVEL": 2, "TYPE": "Sovereign country", "TLC": "1", "ADMIN": "Republic of Serbia", "ADM0_A3": "SRB", "GEOU_DIF": 0, "GEOUNIT": "Republic of Serbia", "GU_A3": "SRB", "SU_DIF": 0, "SUBUNIT": "Republic of Serbia", "SU_A3": "SRB", "BRK_DIFF": 0, "NAME": "Serbia", "NAME_LONG": "Serbia", "BRK_A3": "SRB", "BRK_NAME": "Serbia", "BRK_GROUP": null, "ABBREV": "Serb.", "POSTAL": "RS", "FORMAL_EN": "Republic of Serbia", "FORMAL_FR": null, "NAME_CIAWF": "Serbia", "NOTE_ADM0": null, "NOTE_BRK": null, "NAME_SORT": "Serbia", "NAME_ALT": null, "MAPCOLOR7": 3, "MAPCOLOR8": 3, "MAPCOLOR9": 2, "MAPCOLOR13": 10, "POP_EST": 6944975, "POP_RANK": 13, "POP_YEAR": 2019, "GDP_MD": 51475, "GDP_YEAR": 2019, "ECONOMY": "6. Developing region", "INCOME_GRP": "3. Upper middle income", "FIPS_10": "RI", "ISO_A2": "RS", "ISO_A2_EH": "RS", "ISO_A3": "SRB", "ISO_A3_EH": "SRB", "ISO_N3": "688", "ISO_N3_EH": "688", "UN_A3": "688", "WB_A2": "YF", "WB_A3": "SRB", "WOE_ID": -90, "WOE_ID_EH": 20069818, "WOE_NOTE": "Expired WOE also contains Kosovo.", "ADM0_ISO": "SRB", "ADM0_DIFF": null, "ADM0_TLC": "SRB", "ADM0_A3_US": "SRB", "ADM0_A3_FR": "SRB", "ADM0_A3_RU": "SRB", "ADM0_A3_ES": "SRB", "ADM0_A3_CN": "SRB", "ADM0_A3_TW": "SRB", "ADM0_A3_IN": "SRB", "ADM0_A3_NP": "SRB", "ADM0_A3_PK": "SRB", "ADM0_A3_DE": "SRB", "ADM0_A3_GB": "SRB", "ADM0_A3_BR": "SRB", "ADM0_A3_IL": "SRB", "ADM0_A3_PS": "SRB", "ADM0_A3_SA": "SRB", "ADM0_A3_EG": "SRB", "ADM0_A3_MA": "SRB", "ADM0_A3_PT": "SRB", "ADM0_A3_AR": "SRB", "ADM0_A3_JP": "SRB", "ADM0_A3_KO": "SRB", "ADM0_A3_VN": "SRB", "ADM0_A3_TR": "SRB", "ADM0_A3_ID": "SRB", "ADM0_A3_PL": "SRB", "ADM0_A3_GR": "SRB", "ADM0_A3_IT": "SRB", "ADM0_A3_NL": "SRB", "ADM0_A3_SE": "SRB", "ADM0_A3_BD": "SRB", "ADM0_A3_UA": "SRB", "ADM0_A3_UN": -99, "ADM0_A3_WB": -99, "CONTINENT": "Europe", "REGION_UN": "Europe", "SUBREGION": "Southern Europe", "REGION_WB": "Europe & Central Asia", "NAME_LEN": 6, "LONG_LEN": 6, "ABBREV_LEN": 5, "TINY": -99, "HOMEPART": 1, "MIN_ZOOM": 0, "MIN_LABEL": 4, "MAX_LABEL": 7, "LABEL_X": 20.787989, "LABEL_Y": 44.189919, "NE_ID": 1159321267, "WIKIDATAID": "Q403", "NAME_AR": "\u0635\u0631\u0628\u064a\u0627", "NAME_BN": "\u09b8\u09be\u09b0\u09cd\u09ac\u09bf\u09af\u09bc\u09be", "NAME_DE": "Serbien", "NAME_EN": "Serbia", "NAME_ES": "Serbia", "NAME_FA": "\u0635\u0631\u0628\u0633\u062a\u0627\u0646", "NAME_FR": "Serbie", "NAME_EL": "\u03a3\u03b5\u03c1\u03b2\u03af\u03b1", "NAME_HE": "\u05e1\u05e8\u05d1\u05d9\u05d4", "NAME_HI": "\u0938\u0930\u094d\u092c\u093f\u092f\u093e", "NAME_HU": "Szerbia", "NAME_ID": "Serbia", "NAME_IT": "Serbia", "NAME_JA": "\u30bb\u30eb\u30d3\u30a2", "NAME_KO": "\uc138\ub974\ube44\uc544", "NAME_NL": "Servi\u00eb", "NAME_PL": "Serbia", "NAME_PT": "S\u00e9rvia", "NAME_RU": "\u0421\u0435\u0440\u0431\u0438\u044f", "NAME_SV": "Serbien", "NAME_TR": "S\u0131rbistan", "NAME_UK": "\u0421\u0435\u0440\u0431\u0456\u044f", "NAME_UR": "\u0633\u0631\u0628\u06cc\u0627", "NAME_VI": "Serbia", "NAME_ZH": "\u585e\u5c14\u7ef4\u4e9a", "NAME_ZHT": "\u585e\u723e\u7dad\u4e9e", "FCLASS_ISO": "Admin-0 country", "TLC_DIFF": null, "FCLASS_TLC": "Admin-0 country", "FCLASS_US": null, "FCLASS_FR": null, "FCLASS_RU": null, "FCLASS_ES": null, "FCLASS_CN": null, "FCLASS_TW": null, "FCLASS_IN": null, "FCLASS_NP": null, "FCLASS_PK": null, "FCLASS_DE": null, "FCLASS_GB": null, "FCLASS_BR": null, "FCLASS_IL": null, "FCLASS_PS": null, "FCLASS_SA": null, "FCLASS_EG": null, "FCLASS_MA": null, "FCLASS_PT": null, "FCLASS_AR": null, "FCLASS_JP": null, "FCLASS_KO": null, "FCLASS_VN": null, "FCLASS_TR": null, "FCLASS_ID": null, "FCLASS_PL": null, "FCLASS_GR": null, "FCLASS_IT": null, "FCLASS_NL": null, "FCLASS_SE": null, "FCLASS_BD": null, "FCLASS_UA": null}, "bbox": [18.829825, 42.245224, 22.986019, 46.17173], "geometry": {"type": "Polygon", "coordinates": [[[18.829825, 45.908872], [22.145088, 44.478422], [22.604801, 42.898519], [21.77505, 42.6827], [20.49679, 42.88469], [19.59976, 44.03847], [18.829825, 45.908872]]]}}, {"type": "Feature", "properties": {"featurecla": "Admin-0 country", "scalerank": 1, "LABELRANK": 6, "SOVEREIGNT": "Montenegro", "SOV_A3": "MNE", "ADM0_DIF": 0, "LEVEL": 2, "TYPE": "Sovereign country", "TLC": "1", "ADMIN": "Montenegro", "ADM0_A3": "MNE", "GEOU_DIF": 0, "GEOUNIT": "Montenegro", "GU_A3": "MNE", "SU_DIF": 0, "SUBUNIT": "Montenegro", "SU_A3": "MNE", "BRK_DIFF": 0, "NAME": "Montenegro", "NAME_LONG": "Montenegro", "BRK_A3": "MNE", "BRK_NAME": "Montenegro", "BRK_GROUP": null, "ABBREV": "Mont.", "POSTAL": "ME", "FORMAL_EN": "Montenegro", "FORMAL_FR": null, "NAME_CIAWF": "Montenegro", "NOTE_ADM0": null, "NOTE_BRK": null, "NAME_SORT": "Montenegro", "NAME_ALT": null, "MAPCOLOR7": 4, "MAPCOLOR8": 1, "MAPCOLOR9": 4, "MAPCOLOR13": 5, "POP_EST": 622137, "POP_RANK": 11, "POP_YEAR": 2019, "GDP_MD": 5542, "GDP_YEAR": 2019, "ECONOMY": "6. Developing region", "INCOME_GRP": "3. Upper middle income", "FIPS_10": "MJ", "ISO_A2": "ME", "ISO_A2_EH": "ME", "ISO_A3": "MNE", "ISO_A3_EH": "MNE", "ISO_N3": "499", "ISO_N3_EH": "499", "UN_A3": "499", "WB_A2": "ME", "WB_A3": "MNE", "WOE_ID": 20069817, "WOE_ID_EH": 20069817, "WOE_NOTE": "Exact WOE match as country", "ADM0_ISO": "MNE", "ADM0_DIFF": null, "ADM0_TLC": "MNE", "ADM0_A3_US": "MNE", "ADM0_A3_FR": "MNE", "ADM0_A3_RU": "MNE", "ADM0_A3_ES": "MNE", "ADM0_A3_CN": "MNE", "ADM0_A3_TW": "MNE", "ADM0_A3_IN": "MNE", "ADM0_A3_NP": "MNE", "ADM0_A3_PK": "MNE", "ADM0_A3_DE": "MNE", "ADM0_A3_GB": "MNE", "ADM0_A3_BR": "MNE", "ADM0_A3_IL": "MNE", "ADM0_A3_PS": "MNE", "ADM0_A3_SA": "MNE", "ADM0_A3_EG": "MNE", "ADM0_A3_MA": "MNE", "ADM0_A3_PT": "MNE", "ADM0_A3_AR": "MNE", "ADM0_A3_JP": "MNE", "ADM0_A3_KO": "MNE", "ADM0_A3_VN": "MNE", "ADM0_A3_TR": "MNE", "ADM0_A3_ID": "MNE", "ADM0_A3_PL": "MNE", "ADM0_A3_GR": "MNE", "ADM0_A3_IT": "MNE", "ADM0_A3_NL": "MNE", "ADM0_A3_SE": "MNE", "ADM0_A3_BD": "MNE", "ADM0_A3_UA": "MNE", "ADM0_A3_UN": -99, "ADM0_A3_WB": -99, "CONTINENT": "Europe", "REGION_UN": "Europe", "SUBREGION": "Southern Europe", "REGION_WB": "Europe & Central Asia", "NAME_LEN": 10, "LONG_LEN": 10, "ABBREV_LEN": 5, "TINY": -99, "HOMEPART": 1, "MIN_ZOOM": 0, "MIN_LABEL": 5, "MAX_LABEL": 10, "LABEL_X": 19.143727, "LABEL_Y": 42.803101, "NE_ID": 1159321069, "WIKIDATAID": "Q236", "NAME_AR": "\u0627\u0644\u062c\u0628\u0644 \u0627\u0644\u0623\u0633\u0648\u062f", "NAME_BN": "\u09ae\u09a8\u09cd\u099f\u09bf\u09a8\u09bf\u0997\u09cd\u09b0\u09cb", "NAME_DE": "Montenegro", "NAME_EN": "Montenegro", "NAME_ES": "Montenegro", "NAME_FA": "\u0645\u0648\u0646\u062a\u0647\u0646\u06af\u0631\u0648", "NAME_FR": "Mont\u00e9n\u00e9gro", "NAME_EL": "\u039c\u03b1\u03c5\u03c1\u03bf\u03b2\u03bf\u03cd\u03bd\u03b9\u03bf", "NAME_HE": "\u05de\u05d5\u05e0\u05d8\u05e0\u05d2\u05e8\u05d5", "NAME_HI": "\u092e\u0949\u0928\u094d\u091f\u0947\u0928\u0940\u0917\u094d\u0930\u094b", "NAME_HU": "Montenegr\u00f3", "NAME_ID": "Montenegro", "NAME_IT": "Montenegro", "NAME_JA": "\u30e2\u30f3\u30c6\u30cd\u30b0\u30ed", "NAME_KO": "\ubaac\ud14c\ub124\uadf8\ub85c", "NAME_NL": "Montenegro", "NAME_PL": "Czarnog\u00f3ra", "NAME_PT": "Montenegro", "NAME_RU": "\u0427\u0435\u0440\u043d\u043e\u0433\u043e\u0440\u0438\u044f", "NAME_SV": "Montenegro", "NAME_TR": "Karada\u011f", "NAME_UK": "\u0427\u043e\u0440\u043d\u043e\u0433\u043e\u0440\u0456\u044f", "NAME_UR": "\u0645\u0648\u0646\u0679\u06cc\u0646\u06cc\u06af\u0631\u0648", "NAME_VI": "Montenegro", "NAME_ZH": "\u9ed1\u5c71", "NAME_ZHT": "\u8499\u7279\u5167\u54e5\u7f85", "FCLASS_ISO": "Admin-0 country", "TLC_DIFF": null, "FCLASS_TLC": "Admin-0 country", "FCLASS_US": null, "FCLASS_FR": null, "FCLASS_RU": null, "FCLASS_ES": null, "FCLASS_CN": null, "FCLASS_TW": null, "FCLASS_IN": null, "FCLASS_NP": null, "FCLASS_PK": null, "FCLASS_DE": null, "FCLASS_GB": null, "FCLASS_BR": null, "FCLASS_IL": null, "FCLASS_PS": null, "FCLASS_SA": null, "FCLASS_EG": null, "FCLASS_MA": null, "FCLASS_PT": null, "FCLASS_AR": null, "FCLASS_JP": null, "FCLASS_KO": null, "FCLASS_VN": null, "FCLASS_TR": null, "FCLASS_ID": null, "FCLASS_PL": null, "FCLASS_GR": null, "FCLASS_IT": null, "FCLASS_NL": null, "FCLASS_SE": null, "FCLASS_BD": null, "FCLASS_UA": null}, "bbox": [18.450017, 41.877551, 20.3398, 43.52384], "geometry": {"type": "Polygon", "coordinates": [[[20.0707, 42.58863], [18.56, 42.65], [20.25758, 42.81275], [20.0707, 42.58863]]]}}, {"type": "Feature", "properties": {"featurecla": "Admin-0 country", "scalerank": 1, "LABELRANK": 6, "SOVEREIGNT": "Kosovo", "SOV_A3": "KOS", "ADM0_DIF": 0, "LEVEL": 2, "TYPE": "Disputed", "TLC": "1", "ADMIN": "Kosovo", "ADM0_A3": "KOS", "GEOU_DIF": 0, "GEOUNIT": "Kosovo", "GU_A3": "KOS", "SU_DIF": 0, "SUBUNIT": "Kosovo", "SU_A3": "KOS", "BRK_DIFF": 0, "NAME": "Kosovo", "NAME_LONG": "Kosovo", "BRK_A3": "KOS", "BRK_NAME": "Kosovo", "BRK_GROUP": null, "ABBREV": "Kos.", "POSTAL": "KO", "FORMAL_EN": "Republic of Kosovo", "FORMAL_FR": null, "NAME_CIAWF": "Kosovo", "NOTE_ADM0": null, "NOTE_BRK": null, "NAME_SORT": "Kosovo", "NAME_ALT": null, "MAPCOLOR7": 2, "MAPCOLOR8": 2, "MAPCOLOR9": 3, "MAPCOLOR13": 11, "POP_EST": 1794248, "POP_RANK": 12, "POP_YEAR": 2019, "GDP_MD": 7926, "GDP_YEAR": 2019, "ECONOMY": "6. Developing region", "INCOME_GRP": "4. Lower middle income", "FIPS_10": "KV", "ISO_A2": "-99", "ISO_A2_EH": "XK", "ISO_A3": "-99", "ISO_A3_EH": "-99", "ISO_N3": "-99", "ISO_N3_EH": "-99", "UN_A3": "-099", "WB_A2": "KV", "WB_A3": "KSV", "WOE_ID": -90, "WOE_ID_EH": 29389201, "WOE_NOTE": "Subunit of Serbia in WOE still; should include 29389201, 29389207, 29389218, 29389209 and 29389214.", "ADM0_ISO": "SRB", "ADM0_DIFF": "1", "ADM0_TLC": "KOS", "ADM0_A3_US": "KOS", "ADM0_A3_FR": "KOS", "ADM0_A3_RU": "SRB", "ADM0_A3_ES": "SRB", "ADM0_A3_CN": "SRB", "ADM0_A3_TW": "KOS", "ADM0_A3_IN": "SRB", "ADM0_A3_NP": "SRB", "ADM0_A3_PK": "KOS", "ADM0_A3_DE": "KOS", "ADM0_A3_GB": "SRB", "ADM0_A3_BR": "KOS", "ADM0_A3_IL": "KOS", "ADM0_A3_PS": "SRB", "ADM0_A3_SA": "KOS", "ADM0_A3_EG": "KOS", "ADM0_A3_MA": "SRB", "ADM0_A3_PT": "KOS", "ADM0_A3_AR": "SRB", "ADM0_A3_JP": "KOS", "ADM0_A3_KO": "KOS", "ADM0_A3_VN": "SRB", "ADM0_A3_TR": "KOS", "ADM0_A3_ID": "SRB", "ADM0_A3_PL": "KOS", "ADM0_A3_GR": "SRB", "ADM0_A3_IT": "KOS", "ADM0_A3_NL": "KOS", "ADM0_A3_SE": "KOS", "ADM0_A3_BD": "KOS", "ADM0_A3_UA": "SRB", "ADM0_A3_UN": -99, "ADM0_A3_WB": -99, "CONTINENT": "Europe", "REGION_UN": "Europe", "SUBREGION": "Southern Europe", "REGION_WB": "Europe & Central Asia", "NAME_LEN": 6, "LONG_LEN": 6, "ABBREV_LEN": 4, "TINY": -99, "HOMEPART": 1, "MIN_ZOOM": 0, "MIN_LABEL": 5, "MAX_LABEL": 10, "LABEL_X": 20.860719, "LABEL_Y": 42.593587, "NE_ID": 1159321007, "WIKIDATAID": "Q1246", "NAME_AR": "\u0643\u0648\u0633\u0648\u0641\u0648", "NAME_BN": "\u0995\u09b8\u09cb\u09ad\u09cb", "NAME_DE": "Kosovo", "NAME_EN": "Kosovo", "NAME_ES": "Kosovo", "NAME_FA": "\u06a9\u0648\u0632\u0648\u0648\u0648", "NAME_FR": "Kosovo", "NAME_EL": "\u039a\u03bf\u03c3\u03c3\u03c5\u03c6\u03bf\u03c0\u03ad\u03b4\u03b9\u03bf", "NAME_HE": "\u05e7\u05d5\u05e1\u05d5\u05d1\u05d5", "NAME_HI": "\u0915\u094b\u0938\u094b\u0935\u094b \u0917\u0923\u0930\u093e\u091c\u094d\u092f", "NAME_HU": "Koszov\u00f3", "NAME_ID": "Kosovo", "NAME_IT": "Kosovo", "NAME_JA": "\u30b3\u30bd\u30dc\u5171\u548c\u56fd", "NAME_KO": "\ucf54\uc18c\ubcf4", "NAME_NL": "Kosovo", "NAME_PL": "Kosowo", "NAME_PT": "Kosovo", "NAME_RU": "\u0420\u0435\u0441\u043f\u0443\u0431\u043b\u0438\u043a\u0430 \u041a\u043e\u0441\u043e\u0432\u043e", "NAME_SV": "Kosovo", "NAME_TR": "Kosova", "NAME_UK": "\u041a\u043e\u0441\u043e\u0432\u043e", "NAME_UR": "\u06a9\u0648\u0633\u0648\u0648\u06c1", "NAME_VI": "Kosovo", "NAME_ZH": "\u79d1\u7d22\u6c83", "NAME_ZHT": "\u79d1\u7d22\u6c83", "FCLASS_ISO": "Unrecognized", "TLC_DIFF": "1", "FCLASS_TLC": "Admin-0 country", "FCLASS_US": "Admin-0 country", "FCLASS_FR": "Admin-0 country", "FCLASS_RU": "Admin-1 region", "FCLASS_ES": "Unrecognized", "FCLASS_CN": "Unrecognized", "FCLASS_TW": "Admin-0 country", "FCLASS_IN": "Admin-1 region", "FCLASS_NP": "Unrecognized", "FCLASS_PK": "Admin-0 country", "FCLASS_DE": "Admin-0 country", "FCLASS_GB": "Admin-0 country", "FCLASS_BR": "Unrecognized", "FCLASS_IL": "Admin-0 country", "FCLASS_PS": "Unrecognized", "FCLASS_SA": "Admin-0 country", "FCLASS_EG": "Admin-0 country", "FCLASS_MA": "Unrecognized", "FCLASS_PT": "Admin-0 country", "FCLASS_AR": "Unrecognized", "FCLASS_JP": "Admin-0 country", "FCLASS_KO": "Admin-0 country", "FCLASS_VN": "Unrecognized", "FCLASS_TR": "Admin-0 country", "FCLASS_ID": "Unrecognized", "FCLASS_PL": "Admin-0 country", "FCLASS_GR": "Unrecognized", "FCLASS_IT": "Admin-0 country", "FCLASS_NL": "Admin-0 country", "FCLASS_SE": "Admin-0 country", "FCLASS_BD": "Admin-0 country", "FCLASS_UA": "Unrecognized"}, "bbox": [20.0707, 41.84711, 21.77505, 43.27205], "geometry": {"type": "Polygon", "coordinates": [[[20.590247, 41.855409], [20.95651, 43.13094], [21.576636, 42.245224], [20.590247, 41.855409]]]}}, {"type": "Feature", "properties": {"featurecla": "Admin-0 country", "scalerank": 1, "LABELRANK": 5, "SOVEREIGNT": "Trinidad and Tobago", "SOV_A3": "TTO", "ADM0_DIF": 0, "LEVEL": 2, "TYPE": "Sovereign country", "TLC": "1", "ADMIN": "Trinidad and Tobago", "ADM0_A3": "TTO", "GEOU_DIF": 0, "GEOUNIT": "Trinidad and Tobago", "GU_A3": "TTO", "SU_DIF": 0, "SUBUNIT": "Trinidad and Tobago", "SU_A3": "TTO", "BRK_DIFF": 0, "NAME": "Trinidad and Tobago", "NAME_LONG": "Trinidad and Tobago", "BRK_A3": "TTO", "BRK_NAME": "Trinidad and Tobago", "BRK_GROUP": null, "ABBREV": "Tr.T.", "POSTAL": "TT", "FORMAL_EN": "Republic of Trinidad and Tobago", "FORMAL_FR": null, "NAME_CIAWF": "Trinidad and Tobago", "NOTE_ADM0": null, "NOTE_BRK": null, "NAME_SORT": "Trinidad and Tobago", "NAME_ALT": null, "MAPCOLOR7": 5, "MAPCOLOR8": 6, "MAPCOLOR9": 2, "MAPCOLOR13": 5, "POP_EST": 1394973, "POP_RANK": 12, "POP_YEAR": 2019, "GDP_MD": 24269, "GDP_YEAR": 2019, "ECONOMY": "6. Developing region", "INCOME_GRP": "2. High income: nonOECD", "FIPS_10": "TD", "ISO_A2": "TT", "ISO_A2_EH": "TT", "ISO_A3": "TTO", "ISO_A3_EH": "TTO", "ISO_N3": "780", "ISO_N3_EH": "780", "UN_A3": "780", "WB_A2": "TT", "WB_A3": "TTO", "WOE_ID": 23424958, "WOE_ID_EH": 23424958, "WOE_NOTE": "Exact WOE match as country", "ADM0_ISO": "TTO", "ADM0_DIFF": null, "ADM0_TLC": "TTO", "ADM0_A3_US": "TTO", "ADM0_A3_FR": "TTO", "ADM0_A3_RU": "TTO", "ADM0_A3_ES": "TTO", "ADM0_A3_CN": "TTO", "ADM0_A3_TW": "TTO", "ADM0_A3_IN": "TTO", "ADM0_A3_NP": "TTO", "ADM0_A3_PK": "TTO", "ADM0_A3_DE": "TTO", "ADM0_A3_GB": "TTO", "ADM0_A3_BR": "TTO", "ADM0_A3_IL": "TTO", "ADM0_A3_PS": "TTO", "ADM0_A3_SA": "TTO", "ADM0_A3_EG": "TTO", "ADM0_A3_MA": "TTO", "ADM0_A3_PT": "TTO", "ADM0_A3_AR": "TTO", "ADM0_A3_JP": "TTO", "ADM0_A3_KO": "TTO", "ADM0_A3_VN": "TTO", "ADM0_A3_TR": "TTO", "ADM0_A3_ID": "TTO", "ADM0_A3_PL": "TTO", "ADM0_A3_GR": "TTO", "ADM0_A3_IT": "TTO", "ADM0_A3_NL": "TTO", "ADM0_A3_SE": "TTO", "ADM0_A3_BD": "TTO", "ADM0_A3_UA": "TTO", "ADM0_A3_UN": -99, "ADM0_A3_WB": -99, "CONTINENT": "North America", "REGION_UN": "Americas", "SUBREGION": "Caribbean", "REGION_WB": "Latin America & Caribbean", "NAME_LEN": 19, "LONG_LEN": 19, "ABBREV_LEN": 5, "TINY": 2, "HOMEPART": 1, "MIN_ZOOM": 0, "MIN_LABEL": 4.5, "MAX_LABEL": 9.5, "LABEL_X": -60.9184, "LABEL_Y": 10.9989, "NE_ID": 1159321321, "WIKIDATAID": "Q754", "NAME_AR": "\u062a\u0631\u064a\u0646\u064a\u062f\u0627\u062f \u0648\u062a\u0648\u0628\u0627\u063a\u0648", "NAME_BN": "\u09a4\u09cd\u09b0\u09bf\u09a8\u09bf\u09a6\u09be\u09a6 \u0993 \u099f\u09cb\u09ac\u09be\u0997\u09cb", "NAME_DE": "Trinidad und Tobago", "NAME_EN": "Trinidad and Tobago", "NAME_ES": "Trinidad y Tobago", "NAME_FA": "\u062a\u0631\u06cc\u0646\u06cc\u062f\u0627\u062f \u0648 \u062a\u0648\u0628\u0627\u06af\u0648", "NAME_FR": "Trinit\u00e9-et-Tobago", "NAME_EL": "\u03a4\u03c1\u03b9\u03bd\u03b9\u03bd\u03c4\u03ac\u03bd\u03c4 \u03ba\u03b1\u03b9 \u03a4\u03bf\u03bc\u03c0\u03ac\u03b3\u03ba\u03bf", "NAME_HE": "\u05d8\u05e8\u05d9\u05e0\u05d9\u05d3\u05d3 \u05d5\u05d8\u05d5\u05d1\u05d2\u05d5", "NAME_HI": "\u0924\u094d\u0930\u093f\u0928\u093f\u0926\u093e\u0926 \u0914\u0930 \u091f\u094b\u092c\u0948\u0917\u094b", "NAME_HU": "Trinidad \u00e9s Tobago", "NAME_ID": "Trinidad dan Tobago", "NAME_IT": "Trinidad e Tobago", "NAME_JA": "\u30c8\u30ea\u30cb\u30c0\u30fc\u30c9\u30fb\u30c8\u30d0\u30b4", "NAME_KO": "\ud2b8\ub9ac\ub2c8\ub2e4\ub4dc \ud1a0\ubc14\uace0", "NAME_NL": "Trinidad en Tobago", "NAME_PL": "Trynidad i Tobago", "NAME_PT": "Trinidad e Tobago", "NAME_RU": "\u0422\u0440\u0438\u043d\u0438\u0434\u0430\u0434 \u0438 \u0422\u043e\u0431\u0430\u0433\u043e", "NAME_SV": "Trinidad och Tobago", "NAME_TR": "Trinidad ve Tobago", "NAME_UK": "\u0422\u0440\u0438\u043d\u0456\u0434\u0430\u0434 \u0456 \u0422\u043e\u0431\u0430\u0433\u043e", "NAME_UR": "\u0679\u0631\u06cc\u0646\u06cc\u0688\u0627\u0688 \u0648 \u0679\u0648\u0628\u0627\u06af\u0648", "NAME_VI": "Trinidad v\u00e0 Tobago", "NAME_ZH": "\u7279\u7acb\u5c3c\u8fbe\u548c\u591a\u5df4\u54e5", "NAME_ZHT": "\u5343\u91cc\u9054\u53ca\u6258\u5df4\u54e5", "FCLASS_ISO": "Admin-0 country", "TLC_DIFF": null, "FCLASS_TLC": "Admin-0 country", "FCLASS_US": null, "FCLASS_FR": null, "FCLASS_RU": null, "FCLASS_ES": null, "FCLASS_CN": null, "FCLASS_TW": null, "FCLASS_IN": null, "FCLASS_NP": null, "FCLASS_PK": null, "FCLASS_DE": null, "FCLASS_GB": null, "FCLASS_BR": null, "FCLASS_IL": null, "FCLASS_PS": null, "FCLASS_SA": null, "FCLASS_EG": null, "FCLASS_MA": null, "FCLASS_PT": null, "FCLASS_AR": null, "FCLASS_JP": null, "FCLASS_KO": null, "FCLASS_VN": null, "FCLASS_TR": null, "FCLASS_ID": null, "FCLASS_PL": null, "FCLASS_GR": null, "FCLASS_IT": null, "FCLASS_NL": null, "FCLASS_SE": null, "FCLASS_BD": null, "FCLASS_UA": null}, "bbox": [-61.95, 10, -60.895, 10.89], "geometry": {"type": "Polygon", "coordinates": [[[-61.68, 10.76], [-61.68, 10.76]]]}}, {"type": "Feature", "properties": {"featurecla": "Admin-0 country", "scalerank": 1, "LABELRANK": 3, "SOVEREIGNT": "South Sudan", "SOV_A3": "SDS", "ADM0_DIF": 0, "LEVEL": 2, "TYPE": "Sovereign country", "TLC": "1", "ADMIN": "South Sudan", "ADM0_A3": "SDS", "GEOU_DIF": 0, "GEOUNIT": "South Sudan", "GU_A3": "SDS", "SU_DIF": 0, "SUBUNIT": "South Sudan", "SU_A3": "SDS", "BRK_DIFF": 0, "NAME": "S. Sudan", "NAME_LONG": "South Sudan", "BRK_A3": "SDS", "BRK_NAME": "S. Sudan", "BRK_GROUP": null, "ABBREV": "S. Sud.", "POSTAL": "SS", "FORMAL_EN": "Republic of South Sudan", "FORMAL_FR": null, "NAME_CIAWF": "South Sudan", "NOTE_ADM0": null, "NOTE_BRK": null, "NAME_SORT": "South Sudan", "NAME_ALT": null, "MAPCOLOR7": 1, "MAPCOLOR8": 3, "MAPCOLOR9": 3, "MAPCOLOR13": 5, "POP_EST": 11062113, "POP_RANK": 14, "POP_YEAR": 2019, "GDP_MD": 11998, "GDP_YEAR": 2015, "ECONOMY": "7. Least developed region", "INCOME_GRP": "5. Low income", "FIPS_10": "-99", "ISO_A2": "SS", "ISO_A2_EH": "SS", "ISO_A3": "SSD", "ISO_A3_EH": "SSD", "ISO_N3": "728", "ISO_N3_EH": "728", "UN_A3": "728", "WB_A2": "SS", "WB_A3": "SSD", "WOE_ID": -99, "WOE_ID_EH": -99, "WOE_NOTE": "Includes states of 20069899, 20069897, 20069898, 20069901, 20069909, and 20069908 but maybe more?", "ADM0_ISO": "SSD", "ADM0_DIFF": "1", "ADM0_TLC": "SDS", "ADM0_A3_US": "SDS", "ADM0_A3_FR": "SDS", "ADM0_A3_RU": "SDS", "ADM0_A3_ES": "SDS", "ADM0_A3_CN": "SDS", "ADM0_A3_TW": "SDS", "ADM0_A3_IN": "SDS", "ADM0_A3_NP": "SDS", "ADM0_A3_PK": "SDS", "ADM0_A3_DE": "SDS", "ADM0_A3_GB": "SDS", "ADM0_A3_BR": "SDS", "ADM0_A3_IL": "SDS", "ADM0_A3_PS": "SDS", "ADM0_A3_SA": "SDS", "ADM0_A3_EG": "SDS", "ADM0_A3_MA": "SDS", "ADM0_A3_PT": "SDS", "ADM0_A3_AR": "SDS", "ADM0_A3_JP": "SDS", "ADM0_A3_KO": "SDS", "ADM0_A3_VN": "SDS", "ADM0_A3_TR": "SDS", "ADM0_A3_ID": "SDS", "ADM0_A3_PL": "SDS", "ADM0_A3_GR": "SDS", "ADM0_A3_IT": "SDS", "ADM0_A3_NL": "SDS", "ADM0_A3_SE": "SDS", "ADM0_A3_BD": "SDS", "ADM0_A3_UA": "SDS", "ADM0_A3_UN": -99, "ADM0_A3_WB": -99, "CONTINENT": "Africa", "REGION_UN": "Africa", "SUBREGION": "Eastern Africa", "REGION_WB": "Sub-Saharan Africa", "NAME_LEN": 8, "LONG_LEN": 11, "ABBREV_LEN": 7, "TINY": -99, "HOMEPART": 1, "MIN_ZOOM": 0, "MIN_LABEL": 3, "MAX_LABEL": 8, "LABEL_X": 30.390151, "LABEL_Y": 7.230477, "NE_ID": 1159321235, "WIKIDATAID": "Q958", "NAME_AR": "\u062c\u0646\u0648\u0628 \u0627\u0644\u0633\u0648\u062f\u0627\u0646", "NAME_BN": "\u09a6\u0995\u09cd\u09b7\u09bf\u09a3 \u09b8\u09c1\u09a6\u09be\u09a8", "NAME_DE": "S\u00fcdsudan", "NAME_EN": "South Sudan", "NAME_ES": "Sud\u00e1n del Sur", "NAME_FA": "\u0633\u0648\u062f\u0627\u0646 \u062c\u0646\u0648\u0628\u06cc", "NAME_FR": "Soudan du Sud", "NAME_EL": "\u039d\u03cc\u03c4\u03b9\u03bf \u03a3\u03bf\u03c5\u03b4\u03ac\u03bd", "NAME_HE": "\u05d3\u05e8\u05d5\u05dd \u05e1\u05d5\u05d3\u05d0\u05df", "NAME_HI": "\u0926\u0915\u094d\u0937\u093f\u0923 \u0938\u0942\u0921\u093e\u0928", "NAME_HU": "D\u00e9l-Szud\u00e1n", "NAME_ID": "Sudan Selatan", "NAME_IT": "Sudan del Sud", "NAME_JA": "\u5357\u30b9\u30fc\u30c0\u30f3", "NAME_KO": "\ub0a8\uc218\ub2e8", "NAME_NL": "Zuid-Soedan", "NAME_PL": "Sudan Po\u0142udniowy", "NAME_PT": "Sud\u00e3o do Sul", "NAME_RU": "\u042e\u0436\u043d\u044b\u0439 \u0421\u0443\u0434\u0430\u043d", "NAME_SV": "Sydsudan", "NAME_TR": "G\u00fcney Sudan", "NAME_UK": "\u041f\u0456\u0432\u0434\u0435\u043d\u043d\u0438\u0439 \u0421\u0443\u0434\u0430\u043d", "NAME_UR": "\u062c\u0646\u0648\u0628\u06cc \u0633\u0648\u0688\u0627\u0646", "NAME_VI": "Nam Sudan", "NAME_ZH": "\u5357\u82cf\u4e39", "NAME_ZHT": "\u5357\u8607\u4e39", "FCLASS_ISO": "Admin-0 country", "TLC_DIFF": null, "FCLASS_TLC": "Admin-0 country", "FCLASS_US": null, "FCLASS_FR": null, "FCLASS_RU": null, "FCLASS_ES": null, "FCLASS_CN": null, "FCLASS_TW": null, "FCLASS_IN": null, "FCLASS_NP": null, "FCLASS_PK": null, "FCLASS_DE": null, "FCLASS_GB": null, "FCLASS_BR": null, "FCLASS_IL": null, "FCLASS_PS": null, "FCLASS_SA": null, "FCLASS_EG": null, "FCLASS_MA": null, "FCLASS_PT": null, "FCLASS_AR": null, "FCLASS_JP": null, "FCLASS_KO": null, "FCLASS_VN": null, "FCLASS_TR": null, "FCLASS_ID": null, "FCLASS_PL": null, "FCLASS_GR": null, "FCLASS_IT": null, "FCLASS_NL": null, "FCLASS_SE": null, "FCLASS_BD": null, "FCLASS_UA": null}, "bbox": [23.88698, 3.509172, 35.298007, 12.248008], "geometry": {"type": "Polygon", "coordinates": [[[30.833852, 3.509172], [27.213409, 5.550953], [24.194068, 8.728696], [27.112521, 9.638567], [30.837841, 9.707237], [33.206938, 12.179338], [33.8255, 8.37916], [34.620196, 4.847123], [30.833852, 3.509172]]]}}], "bbox": [-180, -90, 180, 83.64513]}